seed,case_id,tree_candidate_id,tree_peak,waveforge_candidate_id,waveforge_peak,relative_improvement,passed_two_percent
20260828,shift_A_1_left,tree_xs_0p500_xj_0p500_yj_0p475_r_1p25,0.1650978093408512,robust_20260828,0.156506824943584,0.05203572616478967,True
20260828,shift_A_1_right,tree_xs_0p500_xj_0p500_yj_0p475_r_1p25,0.1650978093408512,robust_20260828,0.156506824943584,0.05203572616478967,True
20260828,shift_A_1_up,tree_xs_0p500_xj_0p500_yj_0p475_r_1p25,0.1650978093408512,robust_20260828,0.1600343040810046,0.03066973014398253,True
20260828,shift_A_1_down,tree_xs_0p500_xj_0p500_yj_0p475_r_1p25,0.1650978093408512,robust_20260828,0.156506824943584,0.05203572616478967,True
20260828,shift_A_2_left,tree_xs_0p500_xj_0p500_yj_0p475_r_1p25,0.1650978093408512,robust_20260828,0.156506824943584,0.05203572616478967,True
20260828,shift_A_2_right,tree_xs_0p500_xj_0p500_yj_0p475_r_1p25,0.1650978093408512,robust_20260828,0.156506824943584,0.05203572616478967,True
20260828,shift_A_2_up,tree_xs_0p500_xj_0p500_yj_0p475_r_1p25,0.1650978093408512,robust_20260828,0.16399363315040447,0.006688012365852228,False
20260828,shift_A_2_down,tree_xs_0p500_xj_0p500_yj_0p475_r_1p25,0.1650978093408512,robust_20260828,0.156506824943584,0.05203572616478967,True
20260828,shift_B_1_left,tree_xs_0p500_xj_0p500_yj_0p475_r_1p25,0.16701959893274185,robust_20260828,0.15847191881037723,0.05117770714924743,True
20260828,shift_B_1_right,tree_xs_0p500_xj_0p500_yj_0p475_r_1p25,0.1650978093408329,robust_20260828,0.156506824943584,0.05203572616468465,True
20260828,shift_B_1_up,tree_xs_0p500_xj_0p500_yj_0p475_r_1p25,0.16703114361508625,robust_20260828,0.1579876267764563,0.05414269843874274,True
20260828,shift_B_1_down,tree_xs_0p500_xj_0p500_yj_0p475_r_1p25,0.1650978093408329,robust_20260828,0.156506824943584,0.05203572616468465,True
20260828,shift_B_2_left,tree_xs_0p500_xj_0p500_yj_0p475_r_1p25,0.1691219004097215,robust_20260828,0.1611364236649549,0.04721728366001485,True
20260828,shift_B_2_right,tree_xs_0p500_xj_0p500_yj_0p475_r_1p25,0.1650978093408329,robust_20260828,0.156506824943584,0.05203572616468465,True
20260828,shift_B_2_up,tree_xs_0p500_xj_0p500_yj_0p475_r_1p25,0.16912639905960272,robust_20260828,0.1603670739569576,0.051791589907606364,True
20260828,shift_B_2_down,tree_xs_0p500_xj_0p500_yj_0p475_r_1p25,0.1650978093408329,robust_20260828,0.1566999668631989,0.05086586255240519,True
20260828,shift_C_1_left,tree_xs_0p500_xj_0p500_yj_0p475_r_1p25,0.1650978093408512,robust_20260828,0.15615495681263328,0.054166996908814394,True
20260828,shift_C_1_right,tree_xs_0p500_xj_0p500_yj_0p475_r_1p25,0.16701959893272308,robust_20260828,0.15890243537369172,0.0486000661652949,True
20260828,shift_C_1_up,tree_xs_0p500_xj_0p500_yj_0p475_r_1p25,0.1670311436150679,robust_20260828,0.15785417364128965,0.05494167000931917,True
20260828,shift_C_1_down,tree_xs_0p500_xj_0p500_yj_0p475_r_1p25,0.1650978093408512,robust_20260828,0.1568754104315839,0.04980319812900614,True
20260828,shift_C_2_left,tree_xs_0p500_xj_0p500_yj_0p475_r_1p25,0.1650978093408512,robust_20260828,0.15615495681263328,0.054166996908814394,True
20260828,shift_C_2_right,tree_xs_0p500_xj_0p500_yj_0p475_r_1p25,0.16912190040970249,robust_20260828,0.16143659791968643,0.04544238487977135,True
20260828,shift_C_2_up,tree_xs_0p500_xj_0p500_yj_0p475_r_1p25,0.1691263990595843,robust_20260828,0.16032688327804615,0.05202922684138756,True
20260828,shift_C_2_down,tree_xs_0p500_xj_0p500_yj_0p475_r_1p25,0.1650978093408512,robust_20260828,0.15726378629585136,0.04745079947624363,True
20260828,intensity_minus_5pct,tree_xs_0p500_xj_0p500_yj_0p475_r_1p25,0.1568429188738086,robust_20260828,0.14868148369640485,0.05203572616478921,True
20260828,intensity_plus_5pct,tree_xs_0p500_xj_0p500_yj_0p475_r_1p25,0.17335269980789367,robust_20260828,0.16433216619076324,0.05203572616478901,True
20260828,k_high_19,tree_xs_0p500_xj_0p500_yj_0p475_r_1p25,0.17199981016281482,robust_20260828,0.16278897531630795,0.053551424491619495,True
20260828,k_high_21,tree_xs_0p500_xj_0p500_yj_0p475_r_1p25,0.15876427527534892,robust_20260828,0.15124737493128632,0.047346295827734884,True
20260829,shift_A_1_left,tree_xs_0p500_xj_0p500_yj_0p475_r_1p25,0.1650978093408512,robust_20260829,0.15737556496888783,0.04677375431445293,True
20260829,shift_A_1_right,tree_xs_0p500_xj_0p500_yj_0p475_r_1p25,0.1650978093408512,robust_20260829,0.1576320815036557,0.04522002967212111,True
20260829,shift_A_1_up,tree_xs_0p500_xj_0p500_yj_0p475_r_1p25,0.1650978093408512,robust_20260829,0.16140092248133867,0.022392101229400038,True
20260829,shift_A_1_down,tree_xs_0p500_xj_0p500_yj_0p475_r_1p25,0.1650978093408512,robust_20260829,0.15737556496888783,0.04677375431445293,True
20260829,shift_A_2_left,tree_xs_0p500_xj_0p500_yj_0p475_r_1p25,0.1650978093408512,robust_20260829,0.15737556496888783,0.04677375431445293,True
20260829,shift_A_2_right,tree_xs_0p500_xj_0p500_yj_0p475_r_1p25,0.1650978093408512,robust_20260829,0.15780243708118472,0.04418818328839774,True
20260829,shift_A_2_up,tree_xs_0p500_xj_0p500_yj_0p475_r_1p25,0.1650978093408512,robust_20260829,0.16540868524461055,-0.0018829801861122524,False
20260829,shift_A_2_down,tree_xs_0p500_xj_0p500_yj_0p475_r_1p25,0.1650978093408512,robust_20260829,0.15737556496888783,0.04677375431445293,True
20260829,shift_B_1_left,tree_xs_0p500_xj_0p500_yj_0p475_r_1p25,0.16701959893274185,robust_20260829,0.15895138075747742,0.04830701442717193,True
20260829,shift_B_1_right,tree_xs_0p500_xj_0p500_yj_0p475_r_1p25,0.1650978093408329,robust_20260829,0.1574716324313547,0.04619187219943355,True
20260829,shift_B_1_up,tree_xs_0p500_xj_0p500_yj_0p475_r_1p25,0.16703114361508625,robust_20260829,0.1594320960732259,0.04549479442810936,True
20260829,shift_B_1_down,tree_xs_0p500_xj_0p500_yj_0p475_r_1p25,0.1650978093408329,robust_20260829,0.1574716324313547,0.04619187219943355,True
20260829,shift_B_2_left,tree_xs_0p500_xj_0p500_yj_0p475_r_1p25,0.1691219004097215,robust_20260829,0.16074664543509165,0.04952200131585335,True
20260829,shift_B_2_right,tree_xs_0p500_xj_0p500_yj_0p475_r_1p25,0.1650978093408329,robust_20260829,0.1574716324313547,0.04619187219943355,True
20260829,shift_B_2_up,tree_xs_0p500_xj_0p500_yj_0p475_r_1p25,0.16912639905960272,robust_20260829,0.16175970668599846,0.04355731816301565,True
20260829,shift_B_2_down,tree_xs_0p500_xj_0p500_yj_0p475_r_1p25,0.1650978093408329,robust_20260829,0.1574716324313547,0.04619187219943355,True
20260829,shift_C_1_left,tree_xs_0p500_xj_0p500_yj_0p475_r_1p25,0.1650978093408512,robust_20260829,0.1574716324313547,0.04619187219953922,True
20260829,shift_C_1_right,tree_xs_0p500_xj_0p500_yj_0p475_r_1p25,0.16701959893272308,robust_20260829,0.1578731914941484,0.0547624799545766,True
20260829,shift_C_1_up,tree_xs_0p500_xj_0p500_yj_0p475_r_1p25,0.1670311436150679,robust_20260829,0.1577974155405313,0.05528147550624577,True
20260829,shift_C_1_down,tree_xs_0p500_xj_0p500_yj_0p475_r_1p25,0.1650978093408512,robust_20260829,0.1574716324313547,0.04619187219953922,True
20260829,shift_C_2_left,tree_xs_0p500_xj_0p500_yj_0p475_r_1p25,0.1650978093408512,robust_20260829,0.1574716324313547,0.04619187219953922,True
20260829,shift_C_2_right,tree_xs_0p500_xj_0p500_yj_0p475_r_1p25,0.16912190040970249,robust_20260829,0.16053372350980116,0.050780986253679904,True
20260829,shift_C_2_up,tree_xs_0p500_xj_0p500_yj_0p475_r_1p25,0.1691263990595843,robust_20260829,0.1602541103836644,0.052459513862138804,True
20260829,shift_C_2_down,tree_xs_0p500_xj_0p500_yj_0p475_r_1p25,0.1650978093408512,robust_20260829,0.1574716324313547,0.04619187219953922,True
20260829,intensity_minus_5pct,tree_xs_0p500_xj_0p500_yj_0p475_r_1p25,0.1568429188738086,robust_20260829,0.1495980508097869,0.04619187219953957,True
20260829,intensity_plus_5pct,tree_xs_0p500_xj_0p500_yj_0p475_r_1p25,0.17335269980789367,robust_20260829,0.16534521405292224,0.046191872199539886,True
20260829,k_high_19,tree_xs_0p500_xj_0p500_yj_0p475_r_1p25,0.17199981016281482,robust_20260829,0.1641846172370824,0.04543721832212827,True
20260829,k_high_21,tree_xs_0p500_xj_0p500_yj_0p475_r_1p25,0.15876427527534892,robust_20260829,0.15257288230394536,0.038997393844841154,True
20260830,shift_A_1_left,tree_xs_0p500_xj_0p500_yj_0p475_r_1p25,0.1650978093408512,robust_20260830,0.15663546358885735,0.05125655988882916,True
20260830,shift_A_1_right,tree_xs_0p500_xj_0p500_yj_0p475_r_1p25,0.1650978093408512,robust_20260830,0.15663546358885735,0.05125655988882916,True
20260830,shift_A_1_up,tree_xs_0p500_xj_0p500_yj_0p475_r_1p25,0.1650978093408512,robust_20260830,0.16000309766223555,0.030858747908019766,True
20260830,shift_A_1_down,tree_xs_0p500_xj_0p500_yj_0p475_r_1p25,0.1650978093408512,robust_20260830,0.15663546358885735,0.05125655988882916,True
20260830,shift_A_2_left,tree_xs_0p500_xj_0p500_yj_0p475_r_1p25,0.1650978093408512,robust_20260830,0.15663546358885735,0.05125655988882916,True
20260830,shift_A_2_right,tree_xs_0p500_xj_0p500_yj_0p475_r_1p25,0.1650978093408512,robust_20260830,0.15663546358885735,0.05125655988882916,True
20260830,shift_A_2_up,tree_xs_0p500_xj_0p500_yj_0p475_r_1p25,0.1650978093408512,robust_20260830,0.16392832655976,0.007083575401516965,False
20260830,shift_A_2_down,tree_xs_0p500_xj_0p500_yj_0p475_r_1p25,0.1650978093408512,robust_20260830,0.15663546358885735,0.05125655988882916,True
20260830,shift_B_1_left,tree_xs_0p500_xj_0p500_yj_0p475_r_1p25,0.16701959893274185,robust_20260830,0.15807320962468135,0.05356490714400033,True
20260830,shift_B_1_right,tree_xs_0p500_xj_0p500_yj_0p475_r_1p25,0.1650978093408329,robust_20260830,0.15663546358885735,0.05125655988872405,True
20260830,shift_B_1_up,tree_xs_0p500_xj_0p500_yj_0p475_r_1p25,0.16703114361508625,robust_20260830,0.15807447899297342,0.053622722255634914,True
20260830,shift_B_1_down,tree_xs_0p500_xj_0p500_yj_0p475_r_1p25,0.1650978093408329,robust_20260830,0.15663546358885735,0.05125655988872405,True
20260830,shift_B_2_left,tree_xs_0p500_xj_0p500_yj_0p475_r_1p25,0.1691219004097215,robust_20260830,0.16046937870686223,0.051161450302399165,True
20260830,shift_B_2_right,tree_xs_0p500_xj_0p500_yj_0p475_r_1p25,0.1650978093408329,robust_20260830,0.15663546358885735,0.05125655988872405,True
20260830,shift_B_2_up,tree_xs_0p500_xj_0p500_yj_0p475_r_1p25,0.16912639905960272,robust_20260830,0.16047173144410534,0.051172777659904786,True
20260830,shift_B_2_down,tree_xs_0p500_xj_0p500_yj_0p475_r_1p25,0.1650978093408329,robust_20260830,0.15663546358885735,0.05125655988872405,True
20260830,shift_C_1_left,tree_xs_0p500_xj_0p500_yj_0p475_r_1p25,0.1650978093408512,robust_20260830,0.15615921571593164,0.05414120066527026,True
20260830,shift_C_1_right,tree_xs_0p500_xj_0p500_yj_0p475_r_1p25,0.16701959893272308,robust_20260830,0.15875898860434817,0.04945892806090593,True
20260830,shift_C_1_up,tree_xs_0p500_xj_0p500_yj_0p475_r_1p25,0.1670311436150679,robust_20260830,0.15871406829047674,0.04979356031805845,True
20260830,shift_C_1_down,tree_xs_0p500_xj_0p500_yj_0p475_r_1p25,0.1650978093408512,robust_20260830,0.15615921571593164,0.05414120066527026,True
20260830,shift_C_2_left,tree_xs_0p500_xj_0p500_yj_0p475_r_1p25,0.1650978093408512,robust_20260830,0.15615921571593164,0.05414120066527026,True
20260830,shift_C_2_right,tree_xs_0p500_xj_0p500_yj_0p475_r_1p25,0.16912190040970249,robust_20260830,0.16116398283076414,0.04705432921259798,True
20260830,shift_C_2_up,tree_xs_0p500_xj_0p500_yj_0p475_r_1p25,0.1691263990595843,robust_20260830,0.16107332850941067,0.047615692138850994,True
20260830,shift_C_2_down,tree_xs_0p500_xj_0p500_yj_0p475_r_1p25,0.1650978093408512,robust_20260830,0.15615921571593164,0.05414120066527026,True
20260830,intensity_minus_5pct,tree_xs_0p500_xj_0p500_yj_0p475_r_1p25,0.1568429188738086,robust_20260830,0.14880369040941446,0.051256559888829156,True
20260830,intensity_plus_5pct,tree_xs_0p500_xj_0p500_yj_0p475_r_1p25,0.17335269980789367,robust_20260830,0.1644672367683002,0.051256559888828886,True
20260830,k_high_19,tree_xs_0p500_xj_0p500_yj_0p475_r_1p25,0.17199981016281482,robust_20260830,0.16331916659447965,0.050468913658207444,True
20260830,k_high_21,tree_xs_0p500_xj_0p500_yj_0p475_r_1p25,0.15876427527534892,robust_20260830,0.15123710583905217,0.04741097720656733,True
