role,scenario_index,iterations,relative_residual,converged,reason,dtype,device
forward,0,225,9.880164372320056e-07,True,CONVERGED,float64,cuda:0
forward,1,294,9.83771419594861e-07,True,CONVERGED,float64,cuda:0
forward,2,294,9.837714263042086e-07,True,CONVERGED,float64,cuda:0
adjoint,0,225,8.172633963253749e-07,True,CONVERGED,float64,cuda:0
adjoint,1,290,9.264873241594658e-07,True,CONVERGED,float64,cuda:0
adjoint,2,290,9.264873249774438e-07,True,CONVERGED,float64,cuda:0
forward,0,252,9.742767174806851e-07,True,CONVERGED,float64,cuda:0
forward,1,294,9.205438093788503e-07,True,CONVERGED,float64,cuda:0
forward,2,294,9.206053037630693e-07,True,CONVERGED,float64,cuda:0
adjoint,0,251,8.623477818442573e-07,True,CONVERGED,float64,cuda:0
adjoint,1,290,9.108589952776266e-07,True,CONVERGED,float64,cuda:0
adjoint,2,290,9.106738566051338e-07,True,CONVERGED,float64,cuda:0
forward,0,255,9.950494731040082e-07,True,CONVERGED,float64,cuda:0
forward,1,296,9.912463435396574e-07,True,CONVERGED,float64,cuda:0
forward,2,296,9.922825301311084e-07,True,CONVERGED,float64,cuda:0
adjoint,0,251,9.045838650690638e-07,True,CONVERGED,float64,cuda:0
adjoint,1,290,9.087811499317237e-07,True,CONVERGED,float64,cuda:0
adjoint,2,290,9.084648530354567e-07,True,CONVERGED,float64,cuda:0
forward,0,270,9.50561141082908e-07,True,CONVERGED,float64,cuda:0
forward,1,303,9.209852221494209e-07,True,CONVERGED,float64,cuda:0
forward,2,303,9.220136484385161e-07,True,CONVERGED,float64,cuda:0
adjoint,0,251,9.654290210089098e-07,True,CONVERGED,float64,cuda:0
adjoint,1,289,9.962940671441604e-07,True,CONVERGED,float64,cuda:0
adjoint,2,289,9.934827696320477e-07,True,CONVERGED,float64,cuda:0
forward,0,275,9.088514803638252e-07,True,CONVERGED,float64,cuda:0
forward,1,304,9.906815737943323e-07,True,CONVERGED,float64,cuda:0
forward,2,304,9.910632581592e-07,True,CONVERGED,float64,cuda:0
adjoint,0,252,9.71546291441526e-07,True,CONVERGED,float64,cuda:0
adjoint,1,288,9.77127889483251e-07,True,CONVERGED,float64,cuda:0
adjoint,2,289,9.507607263347968e-07,True,CONVERGED,float64,cuda:0
forward,0,275,9.70546137128354e-07,True,CONVERGED,float64,cuda:0
forward,1,305,9.386856678683909e-07,True,CONVERGED,float64,cuda:0
forward,2,305,9.388907954203412e-07,True,CONVERGED,float64,cuda:0
adjoint,0,253,9.87776509453445e-07,True,CONVERGED,float64,cuda:0
adjoint,1,291,8.699542934723821e-07,True,CONVERGED,float64,cuda:0
adjoint,2,291,8.704320160840089e-07,True,CONVERGED,float64,cuda:0
forward,0,276,8.925396920552367e-07,True,CONVERGED,float64,cuda:0
forward,1,305,9.377034106923407e-07,True,CONVERGED,float64,cuda:0
forward,2,305,9.378667928368427e-07,True,CONVERGED,float64,cuda:0
adjoint,0,257,9.600414749800173e-07,True,CONVERGED,float64,cuda:0
adjoint,1,291,9.549360058285113e-07,True,CONVERGED,float64,cuda:0
adjoint,2,291,9.548752632330513e-07,True,CONVERGED,float64,cuda:0
forward,0,276,9.002917433384081e-07,True,CONVERGED,float64,cuda:0
forward,1,305,9.18857089032358e-07,True,CONVERGED,float64,cuda:0
forward,2,305,9.19240762173769e-07,True,CONVERGED,float64,cuda:0
adjoint,0,259,9.475469968737849e-07,True,CONVERGED,float64,cuda:0
adjoint,1,292,9.513623099051634e-07,True,CONVERGED,float64,cuda:0
adjoint,2,292,9.516993070850497e-07,True,CONVERGED,float64,cuda:0
forward,0,276,9.009563366884714e-07,True,CONVERGED,float64,cuda:0
forward,1,304,9.984773101083718e-07,True,CONVERGED,float64,cuda:0
forward,2,304,9.9932672416055e-07,True,CONVERGED,float64,cuda:0
adjoint,0,260,9.356843102525995e-07,True,CONVERGED,float64,cuda:0
adjoint,1,293,9.844503893407552e-07,True,CONVERGED,float64,cuda:0
adjoint,2,293,9.833359810591703e-07,True,CONVERGED,float64,cuda:0
forward,0,276,8.990192367045987e-07,True,CONVERGED,float64,cuda:0
forward,1,304,9.60618479903359e-07,True,CONVERGED,float64,cuda:0
forward,2,304,9.623549051625972e-07,True,CONVERGED,float64,cuda:0
adjoint,0,271,9.250734201132713e-07,True,CONVERGED,float64,cuda:0
adjoint,1,295,9.300573014986353e-07,True,CONVERGED,float64,cuda:0
adjoint,2,295,9.288527000131711e-07,True,CONVERGED,float64,cuda:0
forward,0,276,8.974633443329702e-07,True,CONVERGED,float64,cuda:0
forward,1,304,9.15920153620323e-07,True,CONVERGED,float64,cuda:0
forward,2,304,9.187434297086695e-07,True,CONVERGED,float64,cuda:0
adjoint,0,271,9.482734713289434e-07,True,CONVERGED,float64,cuda:0
adjoint,1,295,9.425939101326373e-07,True,CONVERGED,float64,cuda:0
adjoint,2,295,9.424139549486248e-07,True,CONVERGED,float64,cuda:0
forward,0,276,8.979554084200727e-07,True,CONVERGED,float64,cuda:0
forward,1,303,9.59256477766018e-07,True,CONVERGED,float64,cuda:0
forward,2,303,9.642689142630115e-07,True,CONVERGED,float64,cuda:0
adjoint,0,271,9.721011885405538e-07,True,CONVERGED,float64,cuda:0
adjoint,1,295,9.361746461218505e-07,True,CONVERGED,float64,cuda:0
adjoint,2,295,9.364639932702039e-07,True,CONVERGED,float64,cuda:0
forward,0,276,9.10986371666823e-07,True,CONVERGED,float64,cuda:0
forward,1,303,8.971459850859545e-07,True,CONVERGED,float64,cuda:0
forward,2,303,9.025215572984309e-07,True,CONVERGED,float64,cuda:0
adjoint,0,271,9.837244322781865e-07,True,CONVERGED,float64,cuda:0
adjoint,1,295,9.082506150567595e-07,True,CONVERGED,float64,cuda:0
adjoint,2,295,9.113225752762936e-07,True,CONVERGED,float64,cuda:0
forward,0,276,9.46052780424891e-07,True,CONVERGED,float64,cuda:0
forward,1,302,9.259404038454601e-07,True,CONVERGED,float64,cuda:0
forward,2,302,9.30200817834542e-07,True,CONVERGED,float64,cuda:0
adjoint,0,271,9.695711590068981e-07,True,CONVERGED,float64,cuda:0
adjoint,1,294,9.381381315022733e-07,True,CONVERGED,float64,cuda:0
adjoint,2,294,9.388909866237405e-07,True,CONVERGED,float64,cuda:0
forward,0,276,9.624553523912453e-07,True,CONVERGED,float64,cuda:0
forward,1,300,9.441821332788993e-07,True,CONVERGED,float64,cuda:0
forward,2,300,9.574178141764706e-07,True,CONVERGED,float64,cuda:0
adjoint,0,271,9.419695368490823e-07,True,CONVERGED,float64,cuda:0
adjoint,1,291,9.313588740513177e-07,True,CONVERGED,float64,cuda:0
adjoint,2,291,9.430976606119143e-07,True,CONVERGED,float64,cuda:0
forward,0,275,9.887863447838402e-07,True,CONVERGED,float64,cuda:0
forward,1,294,9.231139766956309e-07,True,CONVERGED,float64,cuda:0
forward,2,295,8.934573994457804e-07,True,CONVERGED,float64,cuda:0
adjoint,0,270,9.414781008551125e-07,True,CONVERGED,float64,cuda:0
adjoint,1,289,9.505993360503202e-07,True,CONVERGED,float64,cuda:0
adjoint,2,289,9.616450209051784e-07,True,CONVERGED,float64,cuda:0
forward,0,273,9.58742672408535e-07,True,CONVERGED,float64,cuda:0
forward,1,296,9.207149182136473e-07,True,CONVERGED,float64,cuda:0
forward,2,295,9.305344597175806e-07,True,CONVERGED,float64,cuda:0
adjoint,0,258,9.657232200183638e-07,True,CONVERGED,float64,cuda:0
adjoint,1,289,9.553890292892278e-07,True,CONVERGED,float64,cuda:0
adjoint,2,289,9.557793391302124e-07,True,CONVERGED,float64,cuda:0
forward,0,260,9.333426794026144e-07,True,CONVERGED,float64,cuda:0
forward,1,299,8.696875891367886e-07,True,CONVERGED,float64,cuda:0
forward,2,299,8.59528023488417e-07,True,CONVERGED,float64,cuda:0
adjoint,0,256,9.88191782865835e-07,True,CONVERGED,float64,cuda:0
adjoint,1,291,9.497000501805968e-07,True,CONVERGED,float64,cuda:0
adjoint,2,290,9.945793849787014e-07,True,CONVERGED,float64,cuda:0
forward,0,278,9.250504639717268e-07,True,CONVERGED,float64,cuda:0
forward,1,299,8.570329324020427e-07,True,CONVERGED,float64,cuda:0
forward,2,298,9.953674250200183e-07,True,CONVERGED,float64,cuda:0
adjoint,0,271,9.202007787336947e-07,True,CONVERGED,float64,cuda:0
adjoint,1,292,9.870118038443296e-07,True,CONVERGED,float64,cuda:0
adjoint,2,290,9.553813542825712e-07,True,CONVERGED,float64,cuda:0
forward,0,279,9.305862049501554e-07,True,CONVERGED,float64,cuda:0
forward,1,299,8.692957759780549e-07,True,CONVERGED,float64,cuda:0
forward,2,298,9.820897259610184e-07,True,CONVERGED,float64,cuda:0
adjoint,0,273,8.912223995003234e-07,True,CONVERGED,float64,cuda:0
adjoint,1,290,9.618033934849016e-07,True,CONVERGED,float64,cuda:0
adjoint,2,289,9.36914726596491e-07,True,CONVERGED,float64,cuda:0
forward,0,279,9.73836429096779e-07,True,CONVERGED,float64,cuda:0
forward,1,298,9.989546982481265e-07,True,CONVERGED,float64,cuda:0
forward,2,298,9.565650381526551e-07,True,CONVERGED,float64,cuda:0
adjoint,0,273,9.395815472803323e-07,True,CONVERGED,float64,cuda:0
adjoint,1,289,9.869813900996904e-07,True,CONVERGED,float64,cuda:0
adjoint,2,289,8.891644986409275e-07,True,CONVERGED,float64,cuda:0
forward,0,278,9.630616997294875e-07,True,CONVERGED,float64,cuda:0
forward,1,298,9.685891212349739e-07,True,CONVERGED,float64,cuda:0
forward,2,297,9.849875895927146e-07,True,CONVERGED,float64,cuda:0
adjoint,0,273,9.051644216696199e-07,True,CONVERGED,float64,cuda:0
adjoint,1,289,9.57721632549863e-07,True,CONVERGED,float64,cuda:0
adjoint,2,289,9.005730425125281e-07,True,CONVERGED,float64,cuda:0
forward,0,275,9.553701888115855e-07,True,CONVERGED,float64,cuda:0
forward,1,296,9.626174319611399e-07,True,CONVERGED,float64,cuda:0
forward,2,294,9.712519218674228e-07,True,CONVERGED,float64,cuda:0
adjoint,0,273,9.44825592391699e-07,True,CONVERGED,float64,cuda:0
adjoint,1,289,9.307096867241971e-07,True,CONVERGED,float64,cuda:0
adjoint,2,289,9.215637046556558e-07,True,CONVERGED,float64,cuda:0
forward,0,272,9.922175627391728e-07,True,CONVERGED,float64,cuda:0
forward,1,290,9.313005223095008e-07,True,CONVERGED,float64,cuda:0
forward,2,283,9.490941825854946e-07,True,CONVERGED,float64,cuda:0
adjoint,0,278,9.771997596914612e-07,True,CONVERGED,float64,cuda:0
adjoint,1,288,9.984305154013957e-07,True,CONVERGED,float64,cuda:0
adjoint,2,289,9.228366464659392e-07,True,CONVERGED,float64,cuda:0
forward,0,270,9.934192519411124e-07,True,CONVERGED,float64,cuda:0
forward,1,284,8.683430871494532e-07,True,CONVERGED,float64,cuda:0
forward,2,284,9.026350717886146e-07,True,CONVERGED,float64,cuda:0
adjoint,0,278,9.429522983934753e-07,True,CONVERGED,float64,cuda:0
adjoint,1,288,9.91296678988308e-07,True,CONVERGED,float64,cuda:0
adjoint,2,289,9.376913224092377e-07,True,CONVERGED,float64,cuda:0
forward,0,271,9.789315676881477e-07,True,CONVERGED,float64,cuda:0
forward,1,283,9.022023209526197e-07,True,CONVERGED,float64,cuda:0
forward,2,285,9.62578646483019e-07,True,CONVERGED,float64,cuda:0
adjoint,0,278,9.10553344129836e-07,True,CONVERGED,float64,cuda:0
adjoint,1,289,9.367502103406549e-07,True,CONVERGED,float64,cuda:0
adjoint,2,289,9.681929393536106e-07,True,CONVERGED,float64,cuda:0
forward,0,270,9.767577952724202e-07,True,CONVERGED,float64,cuda:0
forward,1,282,9.650925699536368e-07,True,CONVERGED,float64,cuda:0
forward,2,284,9.010289117731065e-07,True,CONVERGED,float64,cuda:0
adjoint,0,278,9.645944598018956e-07,True,CONVERGED,float64,cuda:0
adjoint,1,288,9.88025204080665e-07,True,CONVERGED,float64,cuda:0
adjoint,2,289,9.693327256043866e-07,True,CONVERGED,float64,cuda:0
forward,0,271,9.716802690430524e-07,True,CONVERGED,float64,cuda:0
forward,1,283,9.562556720934248e-07,True,CONVERGED,float64,cuda:0
forward,2,281,9.027669373885407e-07,True,CONVERGED,float64,cuda:0
adjoint,0,278,9.122837985485711e-07,True,CONVERGED,float64,cuda:0
adjoint,1,288,9.177512196544778e-07,True,CONVERGED,float64,cuda:0
adjoint,2,288,9.771042195210291e-07,True,CONVERGED,float64,cuda:0
forward,0,273,9.924687015589457e-07,True,CONVERGED,float64,cuda:0
forward,1,285,9.322976343350958e-07,True,CONVERGED,float64,cuda:0
forward,2,281,9.625230787638464e-07,True,CONVERGED,float64,cuda:0
adjoint,0,278,9.192510895925984e-07,True,CONVERGED,float64,cuda:0
adjoint,1,288,9.188345614651937e-07,True,CONVERGED,float64,cuda:0
adjoint,2,289,9.464706512398179e-07,True,CONVERGED,float64,cuda:0
forward,0,275,9.558571727692708e-07,True,CONVERGED,float64,cuda:0
forward,1,288,9.72836884172917e-07,True,CONVERGED,float64,cuda:0
forward,2,280,9.349941490805605e-07,True,CONVERGED,float64,cuda:0
adjoint,0,279,8.866134669515117e-07,True,CONVERGED,float64,cuda:0
adjoint,1,288,9.782993369825927e-07,True,CONVERGED,float64,cuda:0
adjoint,2,294,9.734117839211864e-07,True,CONVERGED,float64,cuda:0
forward,0,277,9.30491156047746e-07,True,CONVERGED,float64,cuda:0
forward,1,289,9.122231088947299e-07,True,CONVERGED,float64,cuda:0
forward,2,278,9.650908720199786e-07,True,CONVERGED,float64,cuda:0
adjoint,0,279,9.552661972281742e-07,True,CONVERGED,float64,cuda:0
adjoint,1,292,9.534174833231391e-07,True,CONVERGED,float64,cuda:0
adjoint,2,296,9.702585710785077e-07,True,CONVERGED,float64,cuda:0
forward,0,277,9.604952639407707e-07,True,CONVERGED,float64,cuda:0
forward,1,277,8.620796558754666e-07,True,CONVERGED,float64,cuda:0
forward,2,278,8.936430685899474e-07,True,CONVERGED,float64,cuda:0
adjoint,0,279,9.965735456762622e-07,True,CONVERGED,float64,cuda:0
adjoint,1,296,9.822244907598688e-07,True,CONVERGED,float64,cuda:0
adjoint,2,298,9.67391621696183e-07,True,CONVERGED,float64,cuda:0
forward,0,278,9.163460032746635e-07,True,CONVERGED,float64,cuda:0
forward,1,289,8.632629829602077e-07,True,CONVERGED,float64,cuda:0
forward,2,277,9.366723111859642e-07,True,CONVERGED,float64,cuda:0
adjoint,0,281,9.882949991781506e-07,True,CONVERGED,float64,cuda:0
adjoint,1,299,9.182004849824121e-07,True,CONVERGED,float64,cuda:0
adjoint,2,298,9.928869405191132e-07,True,CONVERGED,float64,cuda:0
forward,0,278,9.41436894959082e-07,True,CONVERGED,float64,cuda:0
forward,1,288,9.823769460832446e-07,True,CONVERGED,float64,cuda:0
forward,2,277,8.257556747089487e-07,True,CONVERGED,float64,cuda:0
adjoint,0,275,9.804837143765406e-07,True,CONVERGED,float64,cuda:0
adjoint,1,299,9.215098568652979e-07,True,CONVERGED,float64,cuda:0
adjoint,2,298,9.667649487412331e-07,True,CONVERGED,float64,cuda:0
forward,0,276,9.81565747085585e-07,True,CONVERGED,float64,cuda:0
forward,1,288,9.235749855919864e-07,True,CONVERGED,float64,cuda:0
forward,2,276,8.98981123514911e-07,True,CONVERGED,float64,cuda:0
adjoint,0,275,9.447448999736453e-07,True,CONVERGED,float64,cuda:0
adjoint,1,299,9.05573071722606e-07,True,CONVERGED,float64,cuda:0
adjoint,2,298,9.577511281222522e-07,True,CONVERGED,float64,cuda:0
forward,0,276,9.411180288512649e-07,True,CONVERGED,float64,cuda:0
forward,1,286,9.877502082485175e-07,True,CONVERGED,float64,cuda:0
forward,2,275,9.91893464328148e-07,True,CONVERGED,float64,cuda:0
adjoint,0,276,8.699105678940181e-07,True,CONVERGED,float64,cuda:0
adjoint,1,296,9.909220288136486e-07,True,CONVERGED,float64,cuda:0
adjoint,2,296,9.401788677328885e-07,True,CONVERGED,float64,cuda:0
forward,0,276,9.063801346847842e-07,True,CONVERGED,float64,cuda:0
forward,1,286,8.923593308494196e-07,True,CONVERGED,float64,cuda:0
forward,2,274,9.55838171526622e-07,True,CONVERGED,float64,cuda:0
adjoint,0,276,8.783236063452574e-07,True,CONVERGED,float64,cuda:0
adjoint,1,294,9.594211690494615e-07,True,CONVERGED,float64,cuda:0
adjoint,2,293,9.694611120479935e-07,True,CONVERGED,float64,cuda:0
forward,0,275,9.244372609891765e-07,True,CONVERGED,float64,cuda:0
forward,1,285,9.550994523798529e-07,True,CONVERGED,float64,cuda:0
forward,2,273,9.831649534620592e-07,True,CONVERGED,float64,cuda:0
adjoint,0,276,9.613678426207666e-07,True,CONVERGED,float64,cuda:0
adjoint,1,293,9.675335382496555e-07,True,CONVERGED,float64,cuda:0
adjoint,2,293,9.10626271332734e-07,True,CONVERGED,float64,cuda:0
forward,0,273,9.171716922257551e-07,True,CONVERGED,float64,cuda:0
forward,1,284,9.219684432793497e-07,True,CONVERGED,float64,cuda:0
forward,2,272,9.592327359302507e-07,True,CONVERGED,float64,cuda:0
adjoint,0,276,8.896180203410307e-07,True,CONVERGED,float64,cuda:0
adjoint,1,293,9.113100278138245e-07,True,CONVERGED,float64,cuda:0
adjoint,2,290,9.841513176981906e-07,True,CONVERGED,float64,cuda:0
forward,0,273,8.373497788452892e-07,True,CONVERGED,float64,cuda:0
forward,1,282,9.563599419810187e-07,True,CONVERGED,float64,cuda:0
forward,2,271,9.253984252493577e-07,True,CONVERGED,float64,cuda:0
adjoint,0,275,9.180050369919956e-07,True,CONVERGED,float64,cuda:0
adjoint,1,290,9.944951091410362e-07,True,CONVERGED,float64,cuda:0
adjoint,2,288,9.327678300930774e-07,True,CONVERGED,float64,cuda:0
forward,0,273,8.652919382004228e-07,True,CONVERGED,float64,cuda:0
forward,1,282,8.822199440395612e-07,True,CONVERGED,float64,cuda:0
forward,2,270,9.310437807842088e-07,True,CONVERGED,float64,cuda:0
adjoint,0,275,9.483525453760429e-07,True,CONVERGED,float64,cuda:0
adjoint,1,282,9.224809194517865e-07,True,CONVERGED,float64,cuda:0
adjoint,2,289,9.491276812999827e-07,True,CONVERGED,float64,cuda:0
forward,0,273,9.03046528513081e-07,True,CONVERGED,float64,cuda:0
forward,1,281,9.400808699078303e-07,True,CONVERGED,float64,cuda:0
forward,2,269,9.359917961197666e-07,True,CONVERGED,float64,cuda:0
adjoint,0,275,9.593716029274911e-07,True,CONVERGED,float64,cuda:0
adjoint,1,288,9.79064751691823e-07,True,CONVERGED,float64,cuda:0
adjoint,2,289,8.767730241958821e-07,True,CONVERGED,float64,cuda:0
forward,0,273,9.135949251812328e-07,True,CONVERGED,float64,cuda:0
forward,1,280,9.755650168970568e-07,True,CONVERGED,float64,cuda:0
forward,2,269,9.499061866106761e-07,True,CONVERGED,float64,cuda:0
adjoint,0,273,9.503333291109266e-07,True,CONVERGED,float64,cuda:0
adjoint,1,289,9.642000453104485e-07,True,CONVERGED,float64,cuda:0
adjoint,2,289,9.391868560789189e-07,True,CONVERGED,float64,cuda:0
forward,0,273,9.699279403341542e-07,True,CONVERGED,float64,cuda:0
forward,1,280,9.547298466942847e-07,True,CONVERGED,float64,cuda:0
forward,2,269,9.133249919004166e-07,True,CONVERGED,float64,cuda:0
adjoint,0,275,9.904121679436865e-07,True,CONVERGED,float64,cuda:0
adjoint,1,289,9.734380090316991e-07,True,CONVERGED,float64,cuda:0
adjoint,2,289,9.338636479639049e-07,True,CONVERGED,float64,cuda:0
forward,0,274,9.125273026053767e-07,True,CONVERGED,float64,cuda:0
forward,1,280,9.452437333227524e-07,True,CONVERGED,float64,cuda:0
forward,2,269,9.256394395370884e-07,True,CONVERGED,float64,cuda:0
adjoint,0,275,9.412734270377322e-07,True,CONVERGED,float64,cuda:0
adjoint,1,289,9.692349446214559e-07,True,CONVERGED,float64,cuda:0
adjoint,2,289,9.247572530680188e-07,True,CONVERGED,float64,cuda:0
forward,0,274,9.173466170127151e-07,True,CONVERGED,float64,cuda:0
forward,1,280,9.386138380127156e-07,True,CONVERGED,float64,cuda:0
forward,2,269,9.123231905144249e-07,True,CONVERGED,float64,cuda:0
adjoint,0,271,9.813668206600506e-07,True,CONVERGED,float64,cuda:0
adjoint,1,289,9.668034651802056e-07,True,CONVERGED,float64,cuda:0
adjoint,2,289,9.205813613616553e-07,True,CONVERGED,float64,cuda:0
forward,0,274,8.964572552894801e-07,True,CONVERGED,float64,cuda:0
forward,1,280,9.198243680981585e-07,True,CONVERGED,float64,cuda:0
forward,2,269,9.077884992121751e-07,True,CONVERGED,float64,cuda:0
adjoint,0,269,9.27118014522987e-07,True,CONVERGED,float64,cuda:0
adjoint,1,289,9.720297943592917e-07,True,CONVERGED,float64,cuda:0
adjoint,2,289,9.142033672725322e-07,True,CONVERGED,float64,cuda:0
forward,0,274,8.550931776888062e-07,True,CONVERGED,float64,cuda:0
forward,1,279,9.664204348530788e-07,True,CONVERGED,float64,cuda:0
forward,2,269,9.240392227868606e-07,True,CONVERGED,float64,cuda:0
adjoint,0,269,9.64984881385675e-07,True,CONVERGED,float64,cuda:0
adjoint,1,289,9.699879120599244e-07,True,CONVERGED,float64,cuda:0
adjoint,2,289,8.986066872383825e-07,True,CONVERGED,float64,cuda:0
forward,0,273,9.57753195063382e-07,True,CONVERGED,float64,cuda:0
forward,1,277,9.470651609108208e-07,True,CONVERGED,float64,cuda:0
forward,2,269,9.375483025600536e-07,True,CONVERGED,float64,cuda:0
adjoint,0,270,9.911319849200492e-07,True,CONVERGED,float64,cuda:0
adjoint,1,289,9.552030312832608e-07,True,CONVERGED,float64,cuda:0
adjoint,2,288,9.591078475363858e-07,True,CONVERGED,float64,cuda:0
forward,0,273,9.108432909016669e-07,True,CONVERGED,float64,cuda:0
forward,1,276,9.984355723992072e-07,True,CONVERGED,float64,cuda:0
forward,2,269,9.396204128397972e-07,True,CONVERGED,float64,cuda:0
adjoint,0,271,9.336799870798022e-07,True,CONVERGED,float64,cuda:0
adjoint,1,289,9.287107539185967e-07,True,CONVERGED,float64,cuda:0
adjoint,2,287,9.894046459918836e-07,True,CONVERGED,float64,cuda:0
forward,0,272,9.515349438631324e-07,True,CONVERGED,float64,cuda:0
forward,1,276,9.638817924750659e-07,True,CONVERGED,float64,cuda:0
forward,2,269,9.376122432249974e-07,True,CONVERGED,float64,cuda:0
adjoint,0,270,9.940939731751008e-07,True,CONVERGED,float64,cuda:0
adjoint,1,288,9.69368155663844e-07,True,CONVERGED,float64,cuda:0
adjoint,2,287,9.500362942949916e-07,True,CONVERGED,float64,cuda:0
forward,0,271,9.238230705532986e-07,True,CONVERGED,float64,cuda:0
forward,1,276,9.492086587763322e-07,True,CONVERGED,float64,cuda:0
forward,2,269,9.383670770720138e-07,True,CONVERGED,float64,cuda:0
adjoint,0,270,9.53564073249467e-07,True,CONVERGED,float64,cuda:0
adjoint,1,288,9.332175502151232e-07,True,CONVERGED,float64,cuda:0
adjoint,2,287,9.215813318369311e-07,True,CONVERGED,float64,cuda:0
forward,0,268,9.451090062393623e-07,True,CONVERGED,float64,cuda:0
forward,1,276,9.514168642828778e-07,True,CONVERGED,float64,cuda:0
forward,2,269,9.427446608130252e-07,True,CONVERGED,float64,cuda:0
adjoint,0,270,9.139648674228324e-07,True,CONVERGED,float64,cuda:0
adjoint,1,288,9.015226447616305e-07,True,CONVERGED,float64,cuda:0
adjoint,2,286,9.996108101718757e-07,True,CONVERGED,float64,cuda:0
forward,0,267,9.802463342257289e-07,True,CONVERGED,float64,cuda:0
forward,1,276,9.61127812840241e-07,True,CONVERGED,float64,cuda:0
forward,2,269,9.480124237027914e-07,True,CONVERGED,float64,cuda:0
adjoint,0,271,9.226389917109634e-07,True,CONVERGED,float64,cuda:0
adjoint,1,287,9.592276558200856e-07,True,CONVERGED,float64,cuda:0
adjoint,2,286,9.718513893807823e-07,True,CONVERGED,float64,cuda:0
forward,0,266,9.8797365824129e-07,True,CONVERGED,float64,cuda:0
forward,1,276,9.684850003771793e-07,True,CONVERGED,float64,cuda:0
forward,2,269,9.704981634324633e-07,True,CONVERGED,float64,cuda:0
adjoint,0,273,9.279673615122151e-07,True,CONVERGED,float64,cuda:0
adjoint,1,285,9.7722537059722e-07,True,CONVERGED,float64,cuda:0
adjoint,2,285,9.788641935804366e-07,True,CONVERGED,float64,cuda:0
forward,0,264,9.471237918156164e-07,True,CONVERGED,float64,cuda:0
forward,1,276,9.450839111732319e-07,True,CONVERGED,float64,cuda:0
forward,2,272,9.472167228514673e-07,True,CONVERGED,float64,cuda:0
adjoint,0,274,9.287210933556617e-07,True,CONVERGED,float64,cuda:0
adjoint,1,280,9.055832239315638e-07,True,CONVERGED,float64,cuda:0
adjoint,2,276,9.639634049937704e-07,True,CONVERGED,float64,cuda:0
forward,0,265,9.234233358140055e-07,True,CONVERGED,float64,cuda:0
forward,1,275,9.143893801509906e-07,True,CONVERGED,float64,cuda:0
forward,2,277,9.518218590204751e-07,True,CONVERGED,float64,cuda:0
adjoint,0,275,9.85740581709419e-07,True,CONVERGED,float64,cuda:0
adjoint,1,278,9.460077461926576e-07,True,CONVERGED,float64,cuda:0
adjoint,2,286,9.808119133943408e-07,True,CONVERGED,float64,cuda:0
forward,0,264,9.585728664371072e-07,True,CONVERGED,float64,cuda:0
forward,1,271,9.68932963650314e-07,True,CONVERGED,float64,cuda:0
forward,2,279,9.634551246014622e-07,True,CONVERGED,float64,cuda:0
adjoint,0,279,9.800256167664637e-07,True,CONVERGED,float64,cuda:0
adjoint,1,286,8.959737361634729e-07,True,CONVERGED,float64,cuda:0
adjoint,2,287,8.795389749664399e-07,True,CONVERGED,float64,cuda:0
forward,0,266,9.89449643144194e-07,True,CONVERGED,float64,cuda:0
forward,1,272,9.764875125551756e-07,True,CONVERGED,float64,cuda:0
forward,2,280,9.549368966193695e-07,True,CONVERGED,float64,cuda:0
adjoint,0,282,9.157200307922766e-07,True,CONVERGED,float64,cuda:0
adjoint,1,287,9.759884803708297e-07,True,CONVERGED,float64,cuda:0
adjoint,2,287,9.511330649487122e-07,True,CONVERGED,float64,cuda:0
forward,0,274,9.863252111382157e-07,True,CONVERGED,float64,cuda:0
forward,1,277,8.912506037372637e-07,True,CONVERGED,float64,cuda:0
forward,2,281,9.80645315998851e-07,True,CONVERGED,float64,cuda:0
adjoint,0,283,8.952081730105142e-07,True,CONVERGED,float64,cuda:0
adjoint,1,288,9.487593557256992e-07,True,CONVERGED,float64,cuda:0
adjoint,2,288,9.349558984861524e-07,True,CONVERGED,float64,cuda:0
forward,0,276,8.754347482899743e-07,True,CONVERGED,float64,cuda:0
forward,1,278,9.022115638561535e-07,True,CONVERGED,float64,cuda:0
forward,2,283,9.542645939630857e-07,True,CONVERGED,float64,cuda:0
adjoint,0,282,9.919940645360269e-07,True,CONVERGED,float64,cuda:0
adjoint,1,289,9.496410080721442e-07,True,CONVERGED,float64,cuda:0
adjoint,2,288,9.976336828791075e-07,True,CONVERGED,float64,cuda:0
forward,0,276,9.089989344909229e-07,True,CONVERGED,float64,cuda:0
forward,1,278,9.380544585935583e-07,True,CONVERGED,float64,cuda:0
forward,2,283,9.89610748234667e-07,True,CONVERGED,float64,cuda:0
adjoint,0,282,9.68988114564304e-07,True,CONVERGED,float64,cuda:0
adjoint,1,289,9.247383005015701e-07,True,CONVERGED,float64,cuda:0
adjoint,2,289,9.054700849574569e-07,True,CONVERGED,float64,cuda:0
forward,0,276,9.59986271885274e-07,True,CONVERGED,float64,cuda:0
forward,1,278,9.566748537017054e-07,True,CONVERGED,float64,cuda:0
forward,2,284,9.500488165342733e-07,True,CONVERGED,float64,cuda:0
adjoint,0,283,9.516739254831418e-07,True,CONVERGED,float64,cuda:0
adjoint,1,286,9.709058999378362e-07,True,CONVERGED,float64,cuda:0
adjoint,2,289,9.482247030417003e-07,True,CONVERGED,float64,cuda:0
forward,0,276,9.884111233784926e-07,True,CONVERGED,float64,cuda:0
forward,1,278,9.89319162313006e-07,True,CONVERGED,float64,cuda:0
forward,2,284,9.86059697973129e-07,True,CONVERGED,float64,cuda:0
adjoint,0,283,9.915309411644284e-07,True,CONVERGED,float64,cuda:0
adjoint,1,285,9.72027956983224e-07,True,CONVERGED,float64,cuda:0
adjoint,2,289,9.789224069613024e-07,True,CONVERGED,float64,cuda:0
forward,0,276,9.955745985660668e-07,True,CONVERGED,float64,cuda:0
forward,1,279,9.266497413571786e-07,True,CONVERGED,float64,cuda:0
forward,2,285,9.430704950925058e-07,True,CONVERGED,float64,cuda:0
adjoint,0,284,9.131554442860719e-07,True,CONVERGED,float64,cuda:0
adjoint,1,287,9.751513967169394e-07,True,CONVERGED,float64,cuda:0
adjoint,2,289,9.930064142775105e-07,True,CONVERGED,float64,cuda:0
forward,0,276,9.79391010416471e-07,True,CONVERGED,float64,cuda:0
forward,1,280,9.766321720912262e-07,True,CONVERGED,float64,cuda:0
forward,2,285,9.399327435709932e-07,True,CONVERGED,float64,cuda:0
adjoint,0,284,9.456223876103425e-07,True,CONVERGED,float64,cuda:0
adjoint,1,289,9.407163890831132e-07,True,CONVERGED,float64,cuda:0
adjoint,2,289,9.802960304316596e-07,True,CONVERGED,float64,cuda:0
forward,0,276,9.244467399454937e-07,True,CONVERGED,float64,cuda:0
forward,1,282,9.580337331518182e-07,True,CONVERGED,float64,cuda:0
forward,2,284,9.763080834273475e-07,True,CONVERGED,float64,cuda:0
adjoint,0,284,9.074887787315384e-07,True,CONVERGED,float64,cuda:0
adjoint,1,289,9.878282840495578e-07,True,CONVERGED,float64,cuda:0
adjoint,2,289,9.211822912544305e-07,True,CONVERGED,float64,cuda:0
forward,0,275,9.406074711550408e-07,True,CONVERGED,float64,cuda:0
forward,1,282,9.055660769140137e-07,True,CONVERGED,float64,cuda:0
forward,2,283,9.845320583540398e-07,True,CONVERGED,float64,cuda:0
adjoint,0,283,9.983950829074772e-07,True,CONVERGED,float64,cuda:0
adjoint,1,289,9.27939799128639e-07,True,CONVERGED,float64,cuda:0
adjoint,2,288,9.602347267120776e-07,True,CONVERGED,float64,cuda:0
forward,0,275,9.003324095221049e-07,True,CONVERGED,float64,cuda:0
forward,1,281,9.31905683984347e-07,True,CONVERGED,float64,cuda:0
forward,2,282,9.777263327061504e-07,True,CONVERGED,float64,cuda:0
adjoint,0,283,9.598041228074388e-07,True,CONVERGED,float64,cuda:0
adjoint,1,288,9.384656565357355e-07,True,CONVERGED,float64,cuda:0
adjoint,2,287,9.821537221950718e-07,True,CONVERGED,float64,cuda:0
forward,0,275,8.829923989329785e-07,True,CONVERGED,float64,cuda:0
forward,1,280,9.983024465655686e-07,True,CONVERGED,float64,cuda:0
forward,2,282,9.031896225009829e-07,True,CONVERGED,float64,cuda:0
adjoint,0,283,9.442443108208191e-07,True,CONVERGED,float64,cuda:0
adjoint,1,288,8.816740657902193e-07,True,CONVERGED,float64,cuda:0
adjoint,2,287,9.3127081002568e-07,True,CONVERGED,float64,cuda:0
forward,0,275,8.75333101764823e-07,True,CONVERGED,float64,cuda:0
forward,1,280,9.995554658704818e-07,True,CONVERGED,float64,cuda:0
forward,2,281,9.84875905859076e-07,True,CONVERGED,float64,cuda:0
adjoint,0,283,9.597131879507036e-07,True,CONVERGED,float64,cuda:0
adjoint,1,288,8.757549888961594e-07,True,CONVERGED,float64,cuda:0
adjoint,2,287,9.177404100855899e-07,True,CONVERGED,float64,cuda:0
forward,0,275,8.813972288741398e-07,True,CONVERGED,float64,cuda:0
forward,1,281,8.861079467420913e-07,True,CONVERGED,float64,cuda:0
forward,2,282,9.093354698368219e-07,True,CONVERGED,float64,cuda:0
adjoint,0,283,9.952935403051755e-07,True,CONVERGED,float64,cuda:0
adjoint,1,288,9.032137946806235e-07,True,CONVERGED,float64,cuda:0
adjoint,2,287,9.231077695859216e-07,True,CONVERGED,float64,cuda:0
forward,0,275,9.012056490580978e-07,True,CONVERGED,float64,cuda:0
forward,1,281,9.334841402723554e-07,True,CONVERGED,float64,cuda:0
forward,2,282,9.687719903739684e-07,True,CONVERGED,float64,cuda:0
adjoint,0,284,8.951399405909597e-07,True,CONVERGED,float64,cuda:0
adjoint,1,288,9.574921602694309e-07,True,CONVERGED,float64,cuda:0
adjoint,2,287,9.331685877960614e-07,True,CONVERGED,float64,cuda:0
forward,0,275,9.385029350762289e-07,True,CONVERGED,float64,cuda:0
forward,1,282,8.899695715231237e-07,True,CONVERGED,float64,cuda:0
forward,2,283,9.277662730108547e-07,True,CONVERGED,float64,cuda:0
adjoint,0,284,9.433283483355814e-07,True,CONVERGED,float64,cuda:0
adjoint,1,289,9.08641931554902e-07,True,CONVERGED,float64,cuda:0
adjoint,2,287,8.75102125325927e-07,True,CONVERGED,float64,cuda:0
forward,0,276,8.641849703830386e-07,True,CONVERGED,float64,cuda:0
forward,1,283,9.664068962287861e-07,True,CONVERGED,float64,cuda:0
forward,2,284,9.667166879254469e-07,True,CONVERGED,float64,cuda:0
adjoint,0,285,8.723282957458081e-07,True,CONVERGED,float64,cuda:0
adjoint,1,290,9.097899840745274e-07,True,CONVERGED,float64,cuda:0
adjoint,2,281,9.579296516159224e-07,True,CONVERGED,float64,cuda:0
forward,0,276,9.239528615330921e-07,True,CONVERGED,float64,cuda:0
forward,1,286,8.667960607631497e-07,True,CONVERGED,float64,cuda:0
forward,2,286,9.145712459311862e-07,True,CONVERGED,float64,cuda:0
adjoint,0,285,8.585558373139376e-07,True,CONVERGED,float64,cuda:0
adjoint,1,291,9.89033722804041e-07,True,CONVERGED,float64,cuda:0
adjoint,2,290,8.9764238180765e-07,True,CONVERGED,float64,cuda:0
forward,0,277,9.133513871222677e-07,True,CONVERGED,float64,cuda:0
forward,1,287,9.772490384759115e-07,True,CONVERGED,float64,cuda:0
forward,2,287,9.55325804304253e-07,True,CONVERGED,float64,cuda:0
adjoint,0,278,8.774177819292349e-07,True,CONVERGED,float64,cuda:0
adjoint,1,293,9.307608858247346e-07,True,CONVERGED,float64,cuda:0
adjoint,2,290,9.98235299025935e-07,True,CONVERGED,float64,cuda:0
forward,0,279,9.079322313674993e-07,True,CONVERGED,float64,cuda:0
forward,1,288,9.56098650488216e-07,True,CONVERGED,float64,cuda:0
forward,2,288,9.065713920470932e-07,True,CONVERGED,float64,cuda:0
adjoint,0,277,9.29840129080888e-07,True,CONVERGED,float64,cuda:0
adjoint,1,293,9.940387176544578e-07,True,CONVERGED,float64,cuda:0
adjoint,2,291,8.94349342857698e-07,True,CONVERGED,float64,cuda:0
forward,0,280,9.953780118486796e-07,True,CONVERGED,float64,cuda:0
forward,1,288,8.734888019797672e-07,True,CONVERGED,float64,cuda:0
forward,2,288,8.838703393842956e-07,True,CONVERGED,float64,cuda:0
adjoint,0,278,8.655875985478763e-07,True,CONVERGED,float64,cuda:0
adjoint,1,294,9.437063520842272e-07,True,CONVERGED,float64,cuda:0
adjoint,2,291,9.898852698162366e-07,True,CONVERGED,float64,cuda:0
forward,0,281,9.746270054496864e-07,True,CONVERGED,float64,cuda:0
forward,1,287,9.209408120483443e-07,True,CONVERGED,float64,cuda:0
forward,2,288,8.990835927953322e-07,True,CONVERGED,float64,cuda:0
adjoint,0,277,9.875070241466133e-07,True,CONVERGED,float64,cuda:0
adjoint,1,294,9.614817640055713e-07,True,CONVERGED,float64,cuda:0
adjoint,2,292,8.386765368941327e-07,True,CONVERGED,float64,cuda:0
forward,0,282,9.350116032052304e-07,True,CONVERGED,float64,cuda:0
forward,1,275,9.892643502003322e-07,True,CONVERGED,float64,cuda:0
forward,2,288,9.291821627566114e-07,True,CONVERGED,float64,cuda:0
adjoint,0,277,9.806040221056104e-07,True,CONVERGED,float64,cuda:0
adjoint,1,294,9.831579001041386e-07,True,CONVERGED,float64,cuda:0
adjoint,2,292,8.591990003346466e-07,True,CONVERGED,float64,cuda:0
forward,0,282,9.735576999634977e-07,True,CONVERGED,float64,cuda:0
forward,1,283,9.892585168535984e-07,True,CONVERGED,float64,cuda:0
forward,2,288,9.629181384406798e-07,True,CONVERGED,float64,cuda:0
adjoint,0,277,9.977933049048494e-07,True,CONVERGED,float64,cuda:0
adjoint,1,294,9.966721117549974e-07,True,CONVERGED,float64,cuda:0
adjoint,2,292,8.785069131534136e-07,True,CONVERGED,float64,cuda:0
forward,0,282,9.869617793412037e-07,True,CONVERGED,float64,cuda:0
forward,1,288,8.45899964334785e-07,True,CONVERGED,float64,cuda:0
forward,2,288,9.860075394821374e-07,True,CONVERGED,float64,cuda:0
adjoint,0,277,9.816615007755012e-07,True,CONVERGED,float64,cuda:0
adjoint,1,295,9.043504393149269e-07,True,CONVERGED,float64,cuda:0
adjoint,2,292,8.997049667323023e-07,True,CONVERGED,float64,cuda:0
forward,0,282,9.836327402797984e-07,True,CONVERGED,float64,cuda:0
forward,1,288,9.03383704797767e-07,True,CONVERGED,float64,cuda:0
forward,2,288,9.94176244113263e-07,True,CONVERGED,float64,cuda:0
adjoint,0,277,9.890902917118414e-07,True,CONVERGED,float64,cuda:0
adjoint,1,295,8.996954301148257e-07,True,CONVERGED,float64,cuda:0
adjoint,2,292,9.215361292445819e-07,True,CONVERGED,float64,cuda:0
forward,0,282,9.742077692620466e-07,True,CONVERGED,float64,cuda:0
forward,1,288,9.60229127991066e-07,True,CONVERGED,float64,cuda:0
forward,2,288,9.928457492092213e-07,True,CONVERGED,float64,cuda:0
adjoint,0,278,8.162097988449484e-07,True,CONVERGED,float64,cuda:0
adjoint,1,295,9.137727730945494e-07,True,CONVERGED,float64,cuda:0
adjoint,2,292,9.309279199179399e-07,True,CONVERGED,float64,cuda:0
forward,0,282,9.613754231117109e-07,True,CONVERGED,float64,cuda:0
forward,1,288,9.958446115684743e-07,True,CONVERGED,float64,cuda:0
forward,2,288,9.856576421125474e-07,True,CONVERGED,float64,cuda:0
adjoint,0,278,8.428977320699144e-07,True,CONVERGED,float64,cuda:0
adjoint,1,295,9.219006580712997e-07,True,CONVERGED,float64,cuda:0
adjoint,2,292,9.320090864938531e-07,True,CONVERGED,float64,cuda:0
forward,0,282,9.489941714767772e-07,True,CONVERGED,float64,cuda:0
forward,1,288,9.96085333857873e-07,True,CONVERGED,float64,cuda:0
forward,2,288,9.7899260152544e-07,True,CONVERGED,float64,cuda:0
adjoint,0,278,9.119904630943302e-07,True,CONVERGED,float64,cuda:0
adjoint,1,295,9.596700036441637e-07,True,CONVERGED,float64,cuda:0
adjoint,2,292,9.319747898630289e-07,True,CONVERGED,float64,cuda:0
forward,0,282,9.310604667286977e-07,True,CONVERGED,float64,cuda:0
forward,1,289,8.86149972885563e-07,True,CONVERGED,float64,cuda:0
forward,2,288,9.813696045984808e-07,True,CONVERGED,float64,cuda:0
adjoint,0,278,9.357712500663616e-07,True,CONVERGED,float64,cuda:0
adjoint,1,296,8.925128635105513e-07,True,CONVERGED,float64,cuda:0
adjoint,2,292,9.221606195577889e-07,True,CONVERGED,float64,cuda:0
forward,0,282,9.151024226922527e-07,True,CONVERGED,float64,cuda:0
forward,1,289,9.03194865927566e-07,True,CONVERGED,float64,cuda:0
forward,2,288,9.9692670369756e-07,True,CONVERGED,float64,cuda:0
adjoint,0,278,9.549595894271047e-07,True,CONVERGED,float64,cuda:0
adjoint,1,296,9.320813525730481e-07,True,CONVERGED,float64,cuda:0
adjoint,2,292,9.219927080755172e-07,True,CONVERGED,float64,cuda:0
forward,0,282,9.195753355503861e-07,True,CONVERGED,float64,cuda:0
forward,1,289,9.520970118313063e-07,True,CONVERGED,float64,cuda:0
forward,2,289,8.988726894902641e-07,True,CONVERGED,float64,cuda:0
adjoint,0,278,9.372576795087255e-07,True,CONVERGED,float64,cuda:0
adjoint,1,296,9.7272174984606e-07,True,CONVERGED,float64,cuda:0
adjoint,2,292,9.315139757240586e-07,True,CONVERGED,float64,cuda:0
forward,0,282,9.412748521735045e-07,True,CONVERGED,float64,cuda:0
forward,1,289,9.856778164579083e-07,True,CONVERGED,float64,cuda:0
forward,2,289,9.127686311574795e-07,True,CONVERGED,float64,cuda:0
adjoint,0,278,9.035350348609659e-07,True,CONVERGED,float64,cuda:0
adjoint,1,297,9.294888198097189e-07,True,CONVERGED,float64,cuda:0
adjoint,2,292,8.776411817292836e-07,True,CONVERGED,float64,cuda:0
forward,0,282,9.65882515543311e-07,True,CONVERGED,float64,cuda:0
forward,1,290,8.96557317441519e-07,True,CONVERGED,float64,cuda:0
forward,2,289,9.406450705058957e-07,True,CONVERGED,float64,cuda:0
adjoint,0,278,9.016727580379759e-07,True,CONVERGED,float64,cuda:0
adjoint,1,297,9.909312338473832e-07,True,CONVERGED,float64,cuda:0
adjoint,2,292,8.627011308454467e-07,True,CONVERGED,float64,cuda:0
forward,0,282,9.967119096446772e-07,True,CONVERGED,float64,cuda:0
forward,1,290,9.439057530397215e-07,True,CONVERGED,float64,cuda:0
forward,2,289,9.817325134105994e-07,True,CONVERGED,float64,cuda:0
adjoint,0,279,9.54441725483757e-07,True,CONVERGED,float64,cuda:0
adjoint,1,298,9.223254172181654e-07,True,CONVERGED,float64,cuda:0
adjoint,2,292,8.952298571440604e-07,True,CONVERGED,float64,cuda:0
forward,0,283,9.508289379540847e-07,True,CONVERGED,float64,cuda:0
forward,1,291,9.246213875468037e-07,True,CONVERGED,float64,cuda:0
forward,2,290,9.012258218885703e-07,True,CONVERGED,float64,cuda:0
adjoint,0,287,9.843186343221733e-07,True,CONVERGED,float64,cuda:0
adjoint,1,298,9.230465468564497e-07,True,CONVERGED,float64,cuda:0
adjoint,2,293,8.783495480090362e-07,True,CONVERGED,float64,cuda:0
forward,0,284,9.396135305887382e-07,True,CONVERGED,float64,cuda:0
forward,1,291,9.76035111210735e-07,True,CONVERGED,float64,cuda:0
forward,2,290,9.371234654121212e-07,True,CONVERGED,float64,cuda:0
adjoint,0,289,9.572332678253106e-07,True,CONVERGED,float64,cuda:0
adjoint,1,298,9.359866010395657e-07,True,CONVERGED,float64,cuda:0
adjoint,2,294,8.964417874384217e-07,True,CONVERGED,float64,cuda:0
forward,0,284,9.542154810457642e-07,True,CONVERGED,float64,cuda:0
forward,1,293,9.242980739438874e-07,True,CONVERGED,float64,cuda:0
forward,2,291,9.209380822680952e-07,True,CONVERGED,float64,cuda:0
adjoint,0,290,9.051502302498477e-07,True,CONVERGED,float64,cuda:0
adjoint,1,298,9.474387358215022e-07,True,CONVERGED,float64,cuda:0
adjoint,2,295,9.578447670390453e-07,True,CONVERGED,float64,cuda:0
forward,0,284,9.850817834149458e-07,True,CONVERGED,float64,cuda:0
forward,1,293,9.754356840457087e-07,True,CONVERGED,float64,cuda:0
forward,2,291,9.967059109086181e-07,True,CONVERGED,float64,cuda:0
adjoint,0,291,9.109693709389212e-07,True,CONVERGED,float64,cuda:0
adjoint,1,298,9.121259664939114e-07,True,CONVERGED,float64,cuda:0
adjoint,2,296,9.554003968241103e-07,True,CONVERGED,float64,cuda:0
forward,0,284,9.914525815120225e-07,True,CONVERGED,float64,cuda:0
forward,1,294,9.281544280244288e-07,True,CONVERGED,float64,cuda:0
forward,2,292,9.525557921122517e-07,True,CONVERGED,float64,cuda:0
adjoint,0,291,9.719789599520144e-07,True,CONVERGED,float64,cuda:0
adjoint,1,296,9.768301308471197e-07,True,CONVERGED,float64,cuda:0
adjoint,2,296,9.99801748186529e-07,True,CONVERGED,float64,cuda:0
forward,0,284,9.531333931788939e-07,True,CONVERGED,float64,cuda:0
forward,1,294,9.433099464441749e-07,True,CONVERGED,float64,cuda:0
forward,2,292,9.817703969630289e-07,True,CONVERGED,float64,cuda:0
adjoint,0,290,9.754359092983237e-07,True,CONVERGED,float64,cuda:0
adjoint,1,295,9.113827120635065e-07,True,CONVERGED,float64,cuda:0
adjoint,2,296,9.973946947695652e-07,True,CONVERGED,float64,cuda:0
forward,0,273,9.4165857672463e-07,True,CONVERGED,float64,cuda:0
forward,1,294,9.338459907014167e-07,True,CONVERGED,float64,cuda:0
forward,2,293,9.036726493545887e-07,True,CONVERGED,float64,cuda:0
adjoint,0,289,9.681787458676438e-07,True,CONVERGED,float64,cuda:0
adjoint,1,292,9.83725212698063e-07,True,CONVERGED,float64,cuda:0
adjoint,2,297,9.25506438893285e-07,True,CONVERGED,float64,cuda:0
forward,0,270,9.424311740620054e-07,True,CONVERGED,float64,cuda:0
forward,1,293,9.727612759473948e-07,True,CONVERGED,float64,cuda:0
forward,2,293,9.351719068790684e-07,True,CONVERGED,float64,cuda:0
adjoint,0,280,9.60858245442071e-07,True,CONVERGED,float64,cuda:0
adjoint,1,292,8.927347606201013e-07,True,CONVERGED,float64,cuda:0
adjoint,2,297,9.450716739607742e-07,True,CONVERGED,float64,cuda:0
forward,0,272,9.953339697996742e-07,True,CONVERGED,float64,cuda:0
forward,1,293,9.97529381769773e-07,True,CONVERGED,float64,cuda:0
forward,2,293,9.99654017984962e-07,True,CONVERGED,float64,cuda:0
adjoint,0,279,8.650620098943867e-07,True,CONVERGED,float64,cuda:0
adjoint,1,291,9.55908153216192e-07,True,CONVERGED,float64,cuda:0
adjoint,2,298,9.64474848644115e-07,True,CONVERGED,float64,cuda:0
forward,0,283,9.895289984454355e-07,True,CONVERGED,float64,cuda:0
forward,1,293,9.977490900465523e-07,True,CONVERGED,float64,cuda:0
forward,2,293,9.706574921603154e-07,True,CONVERGED,float64,cuda:0
adjoint,0,280,9.241901131771746e-07,True,CONVERGED,float64,cuda:0
adjoint,1,290,9.512175660180002e-07,True,CONVERGED,float64,cuda:0
adjoint,2,298,9.818719306769423e-07,True,CONVERGED,float64,cuda:0
forward,0,287,9.768283174083887e-07,True,CONVERGED,float64,cuda:0
forward,1,294,9.151043410477734e-07,True,CONVERGED,float64,cuda:0
forward,2,293,9.547015610420046e-07,True,CONVERGED,float64,cuda:0
adjoint,0,292,9.45526637983603e-07,True,CONVERGED,float64,cuda:0
adjoint,1,292,9.815970910534867e-07,True,CONVERGED,float64,cuda:0
adjoint,2,298,8.843111154241228e-07,True,CONVERGED,float64,cuda:0
forward,0,288,9.915746114233973e-07,True,CONVERGED,float64,cuda:0
forward,1,279,9.196139318743413e-07,True,CONVERGED,float64,cuda:0
forward,2,279,9.196283118177231e-07,True,CONVERGED,float64,cuda:0
adjoint,0,295,8.59119171182134e-07,True,CONVERGED,float64,cuda:0
adjoint,1,295,9.921555029882026e-07,True,CONVERGED,float64,cuda:0
adjoint,2,296,9.175947581987626e-07,True,CONVERGED,float64,cuda:0
forward,0,289,9.983969834297496e-07,True,CONVERGED,float64,cuda:0
forward,1,279,9.295372662760361e-07,True,CONVERGED,float64,cuda:0
forward,2,278,9.463348454731965e-07,True,CONVERGED,float64,cuda:0
adjoint,0,295,9.195586883558443e-07,True,CONVERGED,float64,cuda:0
adjoint,1,295,9.339834908650493e-07,True,CONVERGED,float64,cuda:0
adjoint,2,294,9.716817627901342e-07,True,CONVERGED,float64,cuda:0
forward,0,290,8.533434309394765e-07,True,CONVERGED,float64,cuda:0
forward,1,279,9.40325562123907e-07,True,CONVERGED,float64,cuda:0
forward,2,278,9.262984020181874e-07,True,CONVERGED,float64,cuda:0
adjoint,0,295,9.462776914217343e-07,True,CONVERGED,float64,cuda:0
adjoint,1,297,9.328517081725853e-07,True,CONVERGED,float64,cuda:0
adjoint,2,293,9.80743743654558e-07,True,CONVERGED,float64,cuda:0
forward,0,289,9.45751088660733e-07,True,CONVERGED,float64,cuda:0
forward,1,284,9.744568419756924e-07,True,CONVERGED,float64,cuda:0
forward,2,279,9.140568825465068e-07,True,CONVERGED,float64,cuda:0
adjoint,0,295,8.624857996042837e-07,True,CONVERGED,float64,cuda:0
adjoint,1,289,9.041979795892948e-07,True,CONVERGED,float64,cuda:0
adjoint,2,292,9.300047465784511e-07,True,CONVERGED,float64,cuda:0
forward,0,278,9.463527767456276e-07,True,CONVERGED,float64,cuda:0
forward,1,290,9.650465972751915e-07,True,CONVERGED,float64,cuda:0
forward,2,279,9.126730173859279e-07,True,CONVERGED,float64,cuda:0
adjoint,0,295,9.012187842740397e-07,True,CONVERGED,float64,cuda:0
adjoint,1,298,9.636976661818868e-07,True,CONVERGED,float64,cuda:0
adjoint,2,300,9.060735506745391e-07,True,CONVERGED,float64,cuda:0
forward,0,286,9.91672803292332e-07,True,CONVERGED,float64,cuda:0
forward,1,297,9.293309568518826e-07,True,CONVERGED,float64,cuda:0
forward,2,279,9.944425311895899e-07,True,CONVERGED,float64,cuda:0
adjoint,0,296,8.606789773359689e-07,True,CONVERGED,float64,cuda:0
adjoint,1,299,9.861093655924103e-07,True,CONVERGED,float64,cuda:0
adjoint,2,298,9.28947641034882e-07,True,CONVERGED,float64,cuda:0
forward,0,287,9.866015499526967e-07,True,CONVERGED,float64,cuda:0
forward,1,298,9.470862728012226e-07,True,CONVERGED,float64,cuda:0
forward,2,290,9.6452601597329e-07,True,CONVERGED,float64,cuda:0
adjoint,0,296,8.790354623290825e-07,True,CONVERGED,float64,cuda:0
adjoint,1,299,9.547800229446858e-07,True,CONVERGED,float64,cuda:0
adjoint,2,298,9.32740795837263e-07,True,CONVERGED,float64,cuda:0
forward,0,288,9.20204779847439e-07,True,CONVERGED,float64,cuda:0
forward,1,299,8.95650444647678e-07,True,CONVERGED,float64,cuda:0
forward,2,295,9.982494201608962e-07,True,CONVERGED,float64,cuda:0
adjoint,0,296,9.013112978855996e-07,True,CONVERGED,float64,cuda:0
adjoint,1,298,9.373117945113696e-07,True,CONVERGED,float64,cuda:0
adjoint,2,298,9.287898472251669e-07,True,CONVERGED,float64,cuda:0
forward,0,287,9.645431030383609e-07,True,CONVERGED,float64,cuda:0
forward,1,299,9.675405259278388e-07,True,CONVERGED,float64,cuda:0
forward,2,296,9.933728779966415e-07,True,CONVERGED,float64,cuda:0
adjoint,0,296,9.126123162416879e-07,True,CONVERGED,float64,cuda:0
adjoint,1,298,9.642497208410188e-07,True,CONVERGED,float64,cuda:0
adjoint,2,298,9.73368266050773e-07,True,CONVERGED,float64,cuda:0
forward,0,287,9.565776934802596e-07,True,CONVERGED,float64,cuda:0
forward,1,300,8.929802957558178e-07,True,CONVERGED,float64,cuda:0
forward,2,297,9.00094217317387e-07,True,CONVERGED,float64,cuda:0
adjoint,0,296,9.267950329652103e-07,True,CONVERGED,float64,cuda:0
adjoint,1,298,9.9710036298011e-07,True,CONVERGED,float64,cuda:0
adjoint,2,299,8.701583729880673e-07,True,CONVERGED,float64,cuda:0
forward,0,287,9.848947407391951e-07,True,CONVERGED,float64,cuda:0
forward,1,300,8.920731727626039e-07,True,CONVERGED,float64,cuda:0
forward,2,297,9.0919341454533e-07,True,CONVERGED,float64,cuda:0
adjoint,0,296,9.499258454158867e-07,True,CONVERGED,float64,cuda:0
adjoint,1,299,8.562433804641039e-07,True,CONVERGED,float64,cuda:0
adjoint,2,299,9.123857771035759e-07,True,CONVERGED,float64,cuda:0
forward,0,288,9.174908591987324e-07,True,CONVERGED,float64,cuda:0
forward,1,299,9.855742594866819e-07,True,CONVERGED,float64,cuda:0
forward,2,297,8.958418468741076e-07,True,CONVERGED,float64,cuda:0
adjoint,0,296,9.314620582935132e-07,True,CONVERGED,float64,cuda:0
adjoint,1,298,9.872013585777956e-07,True,CONVERGED,float64,cuda:0
adjoint,2,299,9.583718880780192e-07,True,CONVERGED,float64,cuda:0
forward,0,288,9.270383788717818e-07,True,CONVERGED,float64,cuda:0
forward,1,299,9.588571434628335e-07,True,CONVERGED,float64,cuda:0
forward,2,297,8.758169944019575e-07,True,CONVERGED,float64,cuda:0
adjoint,0,287,9.659673002874187e-07,True,CONVERGED,float64,cuda:0
adjoint,1,298,9.980619045208976e-07,True,CONVERGED,float64,cuda:0
adjoint,2,299,9.975639993524154e-07,True,CONVERGED,float64,cuda:0
forward,0,288,9.48620612807525e-07,True,CONVERGED,float64,cuda:0
forward,1,299,9.258712170988534e-07,True,CONVERGED,float64,cuda:0
forward,2,297,8.752267014607491e-07,True,CONVERGED,float64,cuda:0
adjoint,0,282,9.019693454644804e-07,True,CONVERGED,float64,cuda:0
adjoint,1,299,8.759658919932853e-07,True,CONVERGED,float64,cuda:0
adjoint,2,300,8.808843643379065e-07,True,CONVERGED,float64,cuda:0
forward,0,275,9.311890989039006e-07,True,CONVERGED,float64,cuda:0
forward,1,298,9.780514794149045e-07,True,CONVERGED,float64,cuda:0
forward,2,297,9.418175509896241e-07,True,CONVERGED,float64,cuda:0
adjoint,0,296,9.611550660099241e-07,True,CONVERGED,float64,cuda:0
adjoint,1,297,9.948019611615415e-07,True,CONVERGED,float64,cuda:0
adjoint,2,300,9.137276371431171e-07,True,CONVERGED,float64,cuda:0
forward,0,288,9.615015124204335e-07,True,CONVERGED,float64,cuda:0
forward,1,298,9.346300843622032e-07,True,CONVERGED,float64,cuda:0
forward,2,298,9.110890734356644e-07,True,CONVERGED,float64,cuda:0
adjoint,0,295,9.600200144452612e-07,True,CONVERGED,float64,cuda:0
adjoint,1,291,9.55950336230009e-07,True,CONVERGED,float64,cuda:0
adjoint,2,284,9.55578423927096e-07,True,CONVERGED,float64,cuda:0
forward,0,276,8.937573698227157e-07,True,CONVERGED,float64,cuda:0
forward,1,298,9.282855550495271e-07,True,CONVERGED,float64,cuda:0
forward,2,297,9.60221237930431e-07,True,CONVERGED,float64,cuda:0
adjoint,0,295,9.915504833813266e-07,True,CONVERGED,float64,cuda:0
adjoint,1,292,9.72203546262413e-07,True,CONVERGED,float64,cuda:0
adjoint,2,286,9.968492839221917e-07,True,CONVERGED,float64,cuda:0
forward,0,288,9.41837345565457e-07,True,CONVERGED,float64,cuda:0
forward,1,298,9.634410059761654e-07,True,CONVERGED,float64,cuda:0
forward,2,297,9.638384995165063e-07,True,CONVERGED,float64,cuda:0
adjoint,0,296,9.142980989310749e-07,True,CONVERGED,float64,cuda:0
adjoint,1,292,9.724696388876083e-07,True,CONVERGED,float64,cuda:0
adjoint,2,298,9.58223875419114e-07,True,CONVERGED,float64,cuda:0
forward,0,277,9.685865759384147e-07,True,CONVERGED,float64,cuda:0
forward,1,299,8.919006914359297e-07,True,CONVERGED,float64,cuda:0
forward,2,297,9.432542686317182e-07,True,CONVERGED,float64,cuda:0
adjoint,0,296,9.168110456138562e-07,True,CONVERGED,float64,cuda:0
adjoint,1,298,9.875775992123603e-07,True,CONVERGED,float64,cuda:0
adjoint,2,300,8.77350699503393e-07,True,CONVERGED,float64,cuda:0
forward,0,287,9.284737454692528e-07,True,CONVERGED,float64,cuda:0
forward,1,299,9.154300911903658e-07,True,CONVERGED,float64,cuda:0
forward,2,297,8.875195040329823e-07,True,CONVERGED,float64,cuda:0
adjoint,0,295,9.372642149257601e-07,True,CONVERGED,float64,cuda:0
adjoint,1,299,9.270628548926063e-07,True,CONVERGED,float64,cuda:0
adjoint,2,300,8.703456639332667e-07,True,CONVERGED,float64,cuda:0
forward,0,286,9.911044991298697e-07,True,CONVERGED,float64,cuda:0
forward,1,299,9.260114279951119e-07,True,CONVERGED,float64,cuda:0
forward,2,296,9.721663095834156e-07,True,CONVERGED,float64,cuda:0
adjoint,0,287,9.846707218082097e-07,True,CONVERGED,float64,cuda:0
adjoint,1,299,9.172513377472481e-07,True,CONVERGED,float64,cuda:0
adjoint,2,300,8.720855041904373e-07,True,CONVERGED,float64,cuda:0
forward,0,284,9.80094718762645e-07,True,CONVERGED,float64,cuda:0
forward,1,299,9.183433255147642e-07,True,CONVERGED,float64,cuda:0
forward,2,296,9.323689104841784e-07,True,CONVERGED,float64,cuda:0
adjoint,0,282,9.998369287723264e-07,True,CONVERGED,float64,cuda:0
adjoint,1,299,8.992874435097529e-07,True,CONVERGED,float64,cuda:0
adjoint,2,300,8.762710930582329e-07,True,CONVERGED,float64,cuda:0
forward,0,284,9.419157652582749e-07,True,CONVERGED,float64,cuda:0
forward,1,299,9.038114745733673e-07,True,CONVERGED,float64,cuda:0
forward,2,296,9.055746259818619e-07,True,CONVERGED,float64,cuda:0
adjoint,0,281,9.361095008765011e-07,True,CONVERGED,float64,cuda:0
adjoint,1,299,8.728306395508075e-07,True,CONVERGED,float64,cuda:0
adjoint,2,300,8.809396772691343e-07,True,CONVERGED,float64,cuda:0
forward,0,283,9.801501506606338e-07,True,CONVERGED,float64,cuda:0
forward,1,298,9.813991796511533e-07,True,CONVERGED,float64,cuda:0
forward,2,296,8.87348486335965e-07,True,CONVERGED,float64,cuda:0
adjoint,0,280,9.356977265061821e-07,True,CONVERGED,float64,cuda:0
adjoint,1,298,9.864789476502168e-07,True,CONVERGED,float64,cuda:0
adjoint,2,300,8.861783577763985e-07,True,CONVERGED,float64,cuda:0
forward,0,283,9.55662323545117e-07,True,CONVERGED,float64,cuda:0
forward,1,298,9.642161288653639e-07,True,CONVERGED,float64,cuda:0
forward,2,296,8.789637158038475e-07,True,CONVERGED,float64,cuda:0
adjoint,0,280,9.354701044812305e-07,True,CONVERGED,float64,cuda:0
adjoint,1,298,9.851030274305271e-07,True,CONVERGED,float64,cuda:0
adjoint,2,300,8.886514385301594e-07,True,CONVERGED,float64,cuda:0
forward,0,282,9.819283034780935e-07,True,CONVERGED,float64,cuda:0
forward,1,298,9.497943352324361e-07,True,CONVERGED,float64,cuda:0
forward,2,296,8.788003385234922e-07,True,CONVERGED,float64,cuda:0
adjoint,0,281,9.432564010670294e-07,True,CONVERGED,float64,cuda:0
adjoint,1,299,8.750878686928732e-07,True,CONVERGED,float64,cuda:0
adjoint,2,300,8.878482133171517e-07,True,CONVERGED,float64,cuda:0
forward,0,281,9.879282018038472e-07,True,CONVERGED,float64,cuda:0
forward,1,297,9.92171951515876e-07,True,CONVERGED,float64,cuda:0
forward,2,296,8.842112514400326e-07,True,CONVERGED,float64,cuda:0
adjoint,0,283,9.489848616992359e-07,True,CONVERGED,float64,cuda:0
adjoint,1,299,9.031044413263885e-07,True,CONVERGED,float64,cuda:0
adjoint,2,300,8.87024807712016e-07,True,CONVERGED,float64,cuda:0
forward,0,281,9.792006773458833e-07,True,CONVERGED,float64,cuda:0
forward,1,297,9.674474340879667e-07,True,CONVERGED,float64,cuda:0
forward,2,296,9.014796257910364e-07,True,CONVERGED,float64,cuda:0
adjoint,0,287,9.547232967659494e-07,True,CONVERGED,float64,cuda:0
adjoint,1,299,9.227114402121019e-07,True,CONVERGED,float64,cuda:0
adjoint,2,300,8.872735944040371e-07,True,CONVERGED,float64,cuda:0
forward,0,280,9.965314054339803e-07,True,CONVERGED,float64,cuda:0
forward,1,297,9.340728876793232e-07,True,CONVERGED,float64,cuda:0
forward,2,296,9.167401862483702e-07,True,CONVERGED,float64,cuda:0
adjoint,0,291,9.987240148928944e-07,True,CONVERGED,float64,cuda:0
adjoint,1,299,9.180521825607795e-07,True,CONVERGED,float64,cuda:0
adjoint,2,300,8.836383811874971e-07,True,CONVERGED,float64,cuda:0
forward,0,279,9.470711830138779e-07,True,CONVERGED,float64,cuda:0
forward,1,296,9.916527798226097e-07,True,CONVERGED,float64,cuda:0
forward,2,296,9.418209532448289e-07,True,CONVERGED,float64,cuda:0
adjoint,0,294,9.108484696751565e-07,True,CONVERGED,float64,cuda:0
adjoint,1,299,9.263223138573794e-07,True,CONVERGED,float64,cuda:0
adjoint,2,300,8.801644610856781e-07,True,CONVERGED,float64,cuda:0
forward,0,277,9.94986516309666e-07,True,CONVERGED,float64,cuda:0
forward,1,296,9.501360130197563e-07,True,CONVERGED,float64,cuda:0
forward,2,296,9.523615801569208e-07,True,CONVERGED,float64,cuda:0
adjoint,0,294,9.284167059478975e-07,True,CONVERGED,float64,cuda:0
adjoint,1,299,8.892121134073919e-07,True,CONVERGED,float64,cuda:0
adjoint,2,300,8.972272060805541e-07,True,CONVERGED,float64,cuda:0
forward,0,283,9.693797315480117e-07,True,CONVERGED,float64,cuda:0
forward,1,294,9.93877483387098e-07,True,CONVERGED,float64,cuda:0
forward,2,296,9.249383823123137e-07,True,CONVERGED,float64,cuda:0
adjoint,0,291,9.783011089609746e-07,True,CONVERGED,float64,cuda:0
adjoint,1,297,9.167709884606296e-07,True,CONVERGED,float64,cuda:0
adjoint,2,299,9.9103418878629e-07,True,CONVERGED,float64,cuda:0
forward,0,280,9.33028180016299e-07,True,CONVERGED,float64,cuda:0
forward,1,294,9.632877997178164e-07,True,CONVERGED,float64,cuda:0
forward,2,294,9.773734720180594e-07,True,CONVERGED,float64,cuda:0
adjoint,0,292,9.450984756057687e-07,True,CONVERGED,float64,cuda:0
adjoint,1,293,9.519486875733033e-07,True,CONVERGED,float64,cuda:0
adjoint,2,294,9.846074022394533e-07,True,CONVERGED,float64,cuda:0
forward,0,278,9.425442260021919e-07,True,CONVERGED,float64,cuda:0
forward,1,293,9.919109366132248e-07,True,CONVERGED,float64,cuda:0
forward,2,294,9.638007082049322e-07,True,CONVERGED,float64,cuda:0
adjoint,0,292,9.509249998528656e-07,True,CONVERGED,float64,cuda:0
adjoint,1,293,9.664877808307368e-07,True,CONVERGED,float64,cuda:0
adjoint,2,291,9.739159444045198e-07,True,CONVERGED,float64,cuda:0
forward,0,281,9.97778799838338e-07,True,CONVERGED,float64,cuda:0
forward,1,293,9.855256486745281e-07,True,CONVERGED,float64,cuda:0
forward,2,295,9.91285380096296e-07,True,CONVERGED,float64,cuda:0
adjoint,0,290,9.673515918997007e-07,True,CONVERGED,float64,cuda:0
adjoint,1,296,9.719213155330536e-07,True,CONVERGED,float64,cuda:0
adjoint,2,299,9.636737610055934e-07,True,CONVERGED,float64,cuda:0
forward,0,280,9.17292250997135e-07,True,CONVERGED,float64,cuda:0
forward,1,294,9.79074165999343e-07,True,CONVERGED,float64,cuda:0
forward,2,296,9.030771652651196e-07,True,CONVERGED,float64,cuda:0
adjoint,0,290,9.615678056431098e-07,True,CONVERGED,float64,cuda:0
adjoint,1,298,9.941267263103155e-07,True,CONVERGED,float64,cuda:0
adjoint,2,300,8.992987155772886e-07,True,CONVERGED,float64,cuda:0
forward,0,275,9.657374796894933e-07,True,CONVERGED,float64,cuda:0
forward,1,294,9.99701035252647e-07,True,CONVERGED,float64,cuda:0
forward,2,296,8.980626299187372e-07,True,CONVERGED,float64,cuda:0
adjoint,0,290,9.4943378088936e-07,True,CONVERGED,float64,cuda:0
adjoint,1,299,9.237899989725192e-07,True,CONVERGED,float64,cuda:0
adjoint,2,300,9.039990962038459e-07,True,CONVERGED,float64,cuda:0
forward,0,275,9.042701091947865e-07,True,CONVERGED,float64,cuda:0
forward,1,295,9.979345057604225e-07,True,CONVERGED,float64,cuda:0
forward,2,296,8.917523950965365e-07,True,CONVERGED,float64,cuda:0
adjoint,0,290,9.113072207411827e-07,True,CONVERGED,float64,cuda:0
adjoint,1,299,9.21427114402798e-07,True,CONVERGED,float64,cuda:0
adjoint,2,300,9.02118385111266e-07,True,CONVERGED,float64,cuda:0
forward,0,275,9.565657799074513e-07,True,CONVERGED,float64,cuda:0
forward,1,294,9.981734474387431e-07,True,CONVERGED,float64,cuda:0
forward,2,296,8.850164041509793e-07,True,CONVERGED,float64,cuda:0
adjoint,0,288,9.62965953597043e-07,True,CONVERGED,float64,cuda:0
adjoint,1,299,9.257848797874981e-07,True,CONVERGED,float64,cuda:0
adjoint,2,300,9.010915222094377e-07,True,CONVERGED,float64,cuda:0
forward,0,275,9.791160369812125e-07,True,CONVERGED,float64,cuda:0
forward,1,294,9.766987200847443e-07,True,CONVERGED,float64,cuda:0
forward,2,294,9.874203194527905e-07,True,CONVERGED,float64,cuda:0
adjoint,0,288,9.126416074924464e-07,True,CONVERGED,float64,cuda:0
adjoint,1,298,9.756006119881093e-07,True,CONVERGED,float64,cuda:0
adjoint,2,299,9.852792589603355e-07,True,CONVERGED,float64,cuda:0
forward,0,280,9.709344819648064e-07,True,CONVERGED,float64,cuda:0
forward,1,294,9.56410815071508e-07,True,CONVERGED,float64,cuda:0
forward,2,294,9.433260684022167e-07,True,CONVERGED,float64,cuda:0
adjoint,0,288,9.504543009520995e-07,True,CONVERGED,float64,cuda:0
adjoint,1,297,9.290660932546968e-07,True,CONVERGED,float64,cuda:0
adjoint,2,297,9.79142579472627e-07,True,CONVERGED,float64,cuda:0
forward,0,284,9.938550251584305e-07,True,CONVERGED,float64,cuda:0
forward,1,294,9.523493324934143e-07,True,CONVERGED,float64,cuda:0
forward,2,294,9.184189567569111e-07,True,CONVERGED,float64,cuda:0
adjoint,0,288,9.4808659866751e-07,True,CONVERGED,float64,cuda:0
adjoint,1,296,9.75618823527471e-07,True,CONVERGED,float64,cuda:0
adjoint,2,295,9.47985183353966e-07,True,CONVERGED,float64,cuda:0
forward,0,276,9.57011920228326e-07,True,CONVERGED,float64,cuda:0
forward,1,294,9.359513881710404e-07,True,CONVERGED,float64,cuda:0
forward,2,294,9.316843425062833e-07,True,CONVERGED,float64,cuda:0
adjoint,0,288,9.010933588960909e-07,True,CONVERGED,float64,cuda:0
adjoint,1,298,9.144226551090192e-07,True,CONVERGED,float64,cuda:0
adjoint,2,298,9.84550277746474e-07,True,CONVERGED,float64,cuda:0
forward,0,274,9.404900973021808e-07,True,CONVERGED,float64,cuda:0
forward,1,293,9.976722157808184e-07,True,CONVERGED,float64,cuda:0
forward,2,294,9.472807050223802e-07,True,CONVERGED,float64,cuda:0
adjoint,0,288,8.843584958582841e-07,True,CONVERGED,float64,cuda:0
adjoint,1,299,8.960642040840186e-07,True,CONVERGED,float64,cuda:0
adjoint,2,299,9.95229849057587e-07,True,CONVERGED,float64,cuda:0
forward,0,274,9.280489927824612e-07,True,CONVERGED,float64,cuda:0
forward,1,293,9.90661095965563e-07,True,CONVERGED,float64,cuda:0
forward,2,294,9.517028415314519e-07,True,CONVERGED,float64,cuda:0
adjoint,0,288,8.9339785155999e-07,True,CONVERGED,float64,cuda:0
adjoint,1,299,9.240731638877209e-07,True,CONVERGED,float64,cuda:0
adjoint,2,300,9.019654608476093e-07,True,CONVERGED,float64,cuda:0
forward,0,274,9.955459838713048e-07,True,CONVERGED,float64,cuda:0
forward,1,293,9.691626594083253e-07,True,CONVERGED,float64,cuda:0
forward,2,294,9.319204219505179e-07,True,CONVERGED,float64,cuda:0
adjoint,0,288,8.937918588876326e-07,True,CONVERGED,float64,cuda:0
adjoint,1,299,9.119196308086044e-07,True,CONVERGED,float64,cuda:0
adjoint,2,300,8.926463437200244e-07,True,CONVERGED,float64,cuda:0
forward,0,275,9.790654645389871e-07,True,CONVERGED,float64,cuda:0
forward,1,292,9.977745797693323e-07,True,CONVERGED,float64,cuda:0
forward,2,294,8.930690876175365e-07,True,CONVERGED,float64,cuda:0
adjoint,0,288,8.94838234329129e-07,True,CONVERGED,float64,cuda:0
adjoint,1,298,9.98813924030561e-07,True,CONVERGED,float64,cuda:0
adjoint,2,299,9.442102800228286e-07,True,CONVERGED,float64,cuda:0
forward,0,274,9.678552258352069e-07,True,CONVERGED,float64,cuda:0
forward,1,292,9.924260249733217e-07,True,CONVERGED,float64,cuda:0
forward,2,293,9.438997038144619e-07,True,CONVERGED,float64,cuda:0
adjoint,0,288,9.145249595616441e-07,True,CONVERGED,float64,cuda:0
adjoint,1,298,9.325645847000353e-07,True,CONVERGED,float64,cuda:0
adjoint,2,297,9.555851943481988e-07,True,CONVERGED,float64,cuda:0
forward,0,275,9.28716885130432e-07,True,CONVERGED,float64,cuda:0
forward,1,292,9.90468460635723e-07,True,CONVERGED,float64,cuda:0
forward,2,293,9.271274848676884e-07,True,CONVERGED,float64,cuda:0
adjoint,0,288,9.187790762194297e-07,True,CONVERGED,float64,cuda:0
adjoint,1,298,9.277972130357324e-07,True,CONVERGED,float64,cuda:0
adjoint,2,296,9.747040074118922e-07,True,CONVERGED,float64,cuda:0
forward,0,275,9.108821238192329e-07,True,CONVERGED,float64,cuda:0
forward,1,292,9.855090764364615e-07,True,CONVERGED,float64,cuda:0
forward,2,293,9.83859516440906e-07,True,CONVERGED,float64,cuda:0
adjoint,0,288,9.075124475469598e-07,True,CONVERGED,float64,cuda:0
adjoint,1,298,9.871867527198504e-07,True,CONVERGED,float64,cuda:0
adjoint,2,298,9.711959280366208e-07,True,CONVERGED,float64,cuda:0
forward,0,274,9.987095769428966e-07,True,CONVERGED,float64,cuda:0
forward,1,290,9.891056279891619e-07,True,CONVERGED,float64,cuda:0
forward,2,294,8.96061030155035e-07,True,CONVERGED,float64,cuda:0
adjoint,0,288,9.129320742452789e-07,True,CONVERGED,float64,cuda:0
adjoint,1,299,9.083047312093664e-07,True,CONVERGED,float64,cuda:0
adjoint,2,299,9.759667593418581e-07,True,CONVERGED,float64,cuda:0
forward,0,274,9.625261891878513e-07,True,CONVERGED,float64,cuda:0
forward,1,290,9.821882170716554e-07,True,CONVERGED,float64,cuda:0
forward,2,294,9.057484938030756e-07,True,CONVERGED,float64,cuda:0
adjoint,0,288,9.230997853510073e-07,True,CONVERGED,float64,cuda:0
adjoint,1,299,9.269731234902838e-07,True,CONVERGED,float64,cuda:0
adjoint,2,299,9.946732145302664e-07,True,CONVERGED,float64,cuda:0
forward,0,274,9.722118525852964e-07,True,CONVERGED,float64,cuda:0
forward,1,290,9.81100529075809e-07,True,CONVERGED,float64,cuda:0
forward,2,294,8.920536084663595e-07,True,CONVERGED,float64,cuda:0
adjoint,0,288,9.308023746835094e-07,True,CONVERGED,float64,cuda:0
adjoint,1,299,9.137296408198262e-07,True,CONVERGED,float64,cuda:0
adjoint,2,299,9.71495069827234e-07,True,CONVERGED,float64,cuda:0
forward,0,274,9.812998420439384e-07,True,CONVERGED,float64,cuda:0
forward,1,290,9.88156596671997e-07,True,CONVERGED,float64,cuda:0
forward,2,293,9.884625899283473e-07,True,CONVERGED,float64,cuda:0
adjoint,0,288,9.408988051958677e-07,True,CONVERGED,float64,cuda:0
adjoint,1,299,8.876414207940025e-07,True,CONVERGED,float64,cuda:0
adjoint,2,298,9.6695321385011e-07,True,CONVERGED,float64,cuda:0
forward,0,274,9.917647950217144e-07,True,CONVERGED,float64,cuda:0
forward,1,290,9.872661545916456e-07,True,CONVERGED,float64,cuda:0
forward,2,293,9.480637761589943e-07,True,CONVERGED,float64,cuda:0
adjoint,0,288,9.528577453829243e-07,True,CONVERGED,float64,cuda:0
adjoint,1,298,9.882790218179759e-07,True,CONVERGED,float64,cuda:0
adjoint,2,297,9.669501745917545e-07,True,CONVERGED,float64,cuda:0
forward,0,276,9.77059830951367e-07,True,CONVERGED,float64,cuda:0
forward,1,289,9.982431398784023e-07,True,CONVERGED,float64,cuda:0
forward,2,293,9.469416220645377e-07,True,CONVERGED,float64,cuda:0
adjoint,0,288,9.704668517365347e-07,True,CONVERGED,float64,cuda:0
adjoint,1,299,8.770673567914448e-07,True,CONVERGED,float64,cuda:0
adjoint,2,297,9.874359441710558e-07,True,CONVERGED,float64,cuda:0
forward,0,279,9.464537775896084e-07,True,CONVERGED,float64,cuda:0
forward,1,288,9.99505705883877e-07,True,CONVERGED,float64,cuda:0
forward,2,293,9.729609931559486e-07,True,CONVERGED,float64,cuda:0
adjoint,0,288,9.990781734063476e-07,True,CONVERGED,float64,cuda:0
adjoint,1,299,9.070596333386335e-07,True,CONVERGED,float64,cuda:0
adjoint,2,298,9.785111554259483e-07,True,CONVERGED,float64,cuda:0
forward,0,280,9.336750321476425e-07,True,CONVERGED,float64,cuda:0
forward,1,288,9.755710894571524e-07,True,CONVERGED,float64,cuda:0
forward,2,293,9.91650525723325e-07,True,CONVERGED,float64,cuda:0
adjoint,0,289,9.964538208728961e-07,True,CONVERGED,float64,cuda:0
adjoint,1,299,9.238702835031036e-07,True,CONVERGED,float64,cuda:0
adjoint,2,299,9.673525371322171e-07,True,CONVERGED,float64,cuda:0
forward,0,280,9.799295332370886e-07,True,CONVERGED,float64,cuda:0
forward,1,288,9.643374218873368e-07,True,CONVERGED,float64,cuda:0
forward,2,293,9.875065999945208e-07,True,CONVERGED,float64,cuda:0
adjoint,0,290,9.206189942681036e-07,True,CONVERGED,float64,cuda:0
adjoint,1,299,9.26813636990422e-07,True,CONVERGED,float64,cuda:0
adjoint,2,299,9.673871228119867e-07,True,CONVERGED,float64,cuda:0
forward,0,281,9.621579974095164e-07,True,CONVERGED,float64,cuda:0
forward,1,288,9.64677088834841e-07,True,CONVERGED,float64,cuda:0
forward,2,293,9.60441224022153e-07,True,CONVERGED,float64,cuda:0
adjoint,0,290,9.246488658517046e-07,True,CONVERGED,float64,cuda:0
adjoint,1,299,9.144762871289468e-07,True,CONVERGED,float64,cuda:0
adjoint,2,298,9.73433819595254e-07,True,CONVERGED,float64,cuda:0
forward,0,281,9.677910421782555e-07,True,CONVERGED,float64,cuda:0
forward,1,288,9.75590604010237e-07,True,CONVERGED,float64,cuda:0
forward,2,293,9.260521557422803e-07,True,CONVERGED,float64,cuda:0
adjoint,0,290,9.217588502315276e-07,True,CONVERGED,float64,cuda:0
adjoint,1,299,9.085640283730975e-07,True,CONVERGED,float64,cuda:0
adjoint,2,297,9.70542519298087e-07,True,CONVERGED,float64,cuda:0
forward,0,281,9.602909132142677e-07,True,CONVERGED,float64,cuda:0
forward,1,288,9.805244174837963e-07,True,CONVERGED,float64,cuda:0
forward,2,292,9.90844093478835e-07,True,CONVERGED,float64,cuda:0
adjoint,0,290,9.248541363217112e-07,True,CONVERGED,float64,cuda:0
adjoint,1,299,8.982864275366056e-07,True,CONVERGED,float64,cuda:0
adjoint,2,296,9.924612664666952e-07,True,CONVERGED,float64,cuda:0
forward,0,281,9.729073800464088e-07,True,CONVERGED,float64,cuda:0
forward,1,288,9.712840830866602e-07,True,CONVERGED,float64,cuda:0
forward,2,293,9.343662284108286e-07,True,CONVERGED,float64,cuda:0
adjoint,0,290,9.397512139936815e-07,True,CONVERGED,float64,cuda:0
adjoint,1,299,9.216810668758706e-07,True,CONVERGED,float64,cuda:0
adjoint,2,297,9.839344983685578e-07,True,CONVERGED,float64,cuda:0
forward,0,281,9.748672578963052e-07,True,CONVERGED,float64,cuda:0
forward,1,287,9.93997271385898e-07,True,CONVERGED,float64,cuda:0
forward,2,293,9.63312690127354e-07,True,CONVERGED,float64,cuda:0
adjoint,0,290,9.610655197576e-07,True,CONVERGED,float64,cuda:0
adjoint,1,299,9.295563101244483e-07,True,CONVERGED,float64,cuda:0
adjoint,2,298,9.6950123467213e-07,True,CONVERGED,float64,cuda:0
forward,0,281,9.73635039138174e-07,True,CONVERGED,float64,cuda:0
forward,1,287,9.854106943733077e-07,True,CONVERGED,float64,cuda:0
forward,2,293,9.777035450050214e-07,True,CONVERGED,float64,cuda:0
adjoint,0,290,9.791111802211812e-07,True,CONVERGED,float64,cuda:0
adjoint,1,299,9.444857220413502e-07,True,CONVERGED,float64,cuda:0
adjoint,2,299,9.538843498677702e-07,True,CONVERGED,float64,cuda:0
forward,0,281,9.903633195935728e-07,True,CONVERGED,float64,cuda:0
forward,1,287,9.814403131031538e-07,True,CONVERGED,float64,cuda:0
forward,2,293,9.714649380698368e-07,True,CONVERGED,float64,cuda:0
adjoint,0,290,9.86895566598084e-07,True,CONVERGED,float64,cuda:0
adjoint,1,299,9.455550516470817e-07,True,CONVERGED,float64,cuda:0
adjoint,2,298,9.988507330201755e-07,True,CONVERGED,float64,cuda:0
forward,0,284,9.365843778932185e-07,True,CONVERGED,float64,cuda:0
forward,1,287,9.81627579983177e-07,True,CONVERGED,float64,cuda:0
forward,2,293,9.468839447033586e-07,True,CONVERGED,float64,cuda:0
adjoint,0,290,9.867391302402902e-07,True,CONVERGED,float64,cuda:0
adjoint,1,299,9.355808106504921e-07,True,CONVERGED,float64,cuda:0
adjoint,2,298,9.50136192635013e-07,True,CONVERGED,float64,cuda:0
forward,0,284,9.607558476640844e-07,True,CONVERGED,float64,cuda:0
forward,1,287,9.834575009294662e-07,True,CONVERGED,float64,cuda:0
forward,2,291,9.909331380919808e-07,True,CONVERGED,float64,cuda:0
adjoint,0,290,9.85602086974043e-07,True,CONVERGED,float64,cuda:0
adjoint,1,299,9.26562880936775e-07,True,CONVERGED,float64,cuda:0
adjoint,2,297,9.692563653982111e-07,True,CONVERGED,float64,cuda:0
forward,0,284,9.739204918262997e-07,True,CONVERGED,float64,cuda:0
forward,1,287,9.805017514530854e-07,True,CONVERGED,float64,cuda:0
forward,2,290,9.94293682448412e-07,True,CONVERGED,float64,cuda:0
adjoint,0,290,9.896426652364193e-07,True,CONVERGED,float64,cuda:0
adjoint,1,299,9.297452674438341e-07,True,CONVERGED,float64,cuda:0
adjoint,2,297,9.27469531227185e-07,True,CONVERGED,float64,cuda:0
forward,0,284,9.755777429678406e-07,True,CONVERGED,float64,cuda:0
forward,1,287,9.700335216684684e-07,True,CONVERGED,float64,cuda:0
forward,2,291,9.748713973344817e-07,True,CONVERGED,float64,cuda:0
adjoint,0,291,9.161686037852347e-07,True,CONVERGED,float64,cuda:0
adjoint,1,299,9.320254835211834e-07,True,CONVERGED,float64,cuda:0
adjoint,2,297,9.676652976231326e-07,True,CONVERGED,float64,cuda:0
forward,0,284,9.650063643848565e-07,True,CONVERGED,float64,cuda:0
forward,1,287,9.582766486575754e-07,True,CONVERGED,float64,cuda:0
forward,2,291,9.880525599043814e-07,True,CONVERGED,float64,cuda:0
adjoint,0,291,9.289879750997923e-07,True,CONVERGED,float64,cuda:0
adjoint,1,299,9.453778786685084e-07,True,CONVERGED,float64,cuda:0
adjoint,2,298,9.384100842175197e-07,True,CONVERGED,float64,cuda:0
forward,0,284,9.542040947038187e-07,True,CONVERGED,float64,cuda:0
forward,1,287,9.513267432570557e-07,True,CONVERGED,float64,cuda:0
forward,2,291,9.937439584984386e-07,True,CONVERGED,float64,cuda:0
adjoint,0,291,9.356140076392625e-07,True,CONVERGED,float64,cuda:0
adjoint,1,299,9.545184879337924e-07,True,CONVERGED,float64,cuda:0
adjoint,2,298,9.693389562962375e-07,True,CONVERGED,float64,cuda:0
forward,0,284,9.53320499626668e-07,True,CONVERGED,float64,cuda:0
forward,1,287,9.508084139288644e-07,True,CONVERGED,float64,cuda:0
forward,2,291,9.830759932909073e-07,True,CONVERGED,float64,cuda:0
adjoint,0,291,9.323919658582764e-07,True,CONVERGED,float64,cuda:0
adjoint,1,299,9.561778704772097e-07,True,CONVERGED,float64,cuda:0
adjoint,2,298,9.638051673987687e-07,True,CONVERGED,float64,cuda:0
forward,0,284,9.58126767040502e-07,True,CONVERGED,float64,cuda:0
forward,1,287,9.54828412584349e-07,True,CONVERGED,float64,cuda:0
forward,2,290,9.914166032810546e-07,True,CONVERGED,float64,cuda:0
adjoint,0,291,9.224361781387572e-07,True,CONVERGED,float64,cuda:0
adjoint,1,299,9.531144931722988e-07,True,CONVERGED,float64,cuda:0
adjoint,2,298,9.314924553180965e-07,True,CONVERGED,float64,cuda:0
forward,0,284,9.598883884756462e-07,True,CONVERGED,float64,cuda:0
forward,1,287,9.595224214169604e-07,True,CONVERGED,float64,cuda:0
forward,2,287,9.958856623447311e-07,True,CONVERGED,float64,cuda:0
adjoint,0,290,9.979368439296237e-07,True,CONVERGED,float64,cuda:0
adjoint,1,299,9.493106957958025e-07,True,CONVERGED,float64,cuda:0
adjoint,2,297,9.807632630893182e-07,True,CONVERGED,float64,cuda:0
forward,0,284,9.557020536188386e-07,True,CONVERGED,float64,cuda:0
forward,1,287,9.595558409579271e-07,True,CONVERGED,float64,cuda:0
forward,2,285,9.924302024312635e-07,True,CONVERGED,float64,cuda:0
adjoint,0,290,9.915360385198045e-07,True,CONVERGED,float64,cuda:0
adjoint,1,299,9.503723609585025e-07,True,CONVERGED,float64,cuda:0
adjoint,2,297,9.680939846830542e-07,True,CONVERGED,float64,cuda:0
forward,0,284,9.478652355454342e-07,True,CONVERGED,float64,cuda:0
forward,1,287,9.530587271097434e-07,True,CONVERGED,float64,cuda:0
forward,2,285,9.980612474118166e-07,True,CONVERGED,float64,cuda:0
adjoint,0,290,9.921607154001571e-07,True,CONVERGED,float64,cuda:0
adjoint,1,299,9.573569316388092e-07,True,CONVERGED,float64,cuda:0
adjoint,2,297,9.994396765699855e-07,True,CONVERGED,float64,cuda:0
forward,0,284,9.38313602608364e-07,True,CONVERGED,float64,cuda:0
forward,1,286,9.985878331182933e-07,True,CONVERGED,float64,cuda:0
forward,2,287,9.919951944517433e-07,True,CONVERGED,float64,cuda:0
adjoint,0,290,9.959461545317639e-07,True,CONVERGED,float64,cuda:0
adjoint,1,299,9.653271668371264e-07,True,CONVERGED,float64,cuda:0
adjoint,2,298,9.446818318718401e-07,True,CONVERGED,float64,cuda:0
forward,0,284,9.306705291984028e-07,True,CONVERGED,float64,cuda:0
forward,1,286,9.910228427889868e-07,True,CONVERGED,float64,cuda:0
forward,2,287,9.919143470881694e-07,True,CONVERGED,float64,cuda:0
adjoint,0,290,9.978172646831958e-07,True,CONVERGED,float64,cuda:0
adjoint,1,299,9.723409791579216e-07,True,CONVERGED,float64,cuda:0
adjoint,2,298,9.643255166445038e-07,True,CONVERGED,float64,cuda:0
forward,0,284,9.287498403623444e-07,True,CONVERGED,float64,cuda:0
forward,1,286,9.853561695785034e-07,True,CONVERGED,float64,cuda:0
forward,2,285,9.970142391114954e-07,True,CONVERGED,float64,cuda:0
adjoint,0,290,9.935875402034535e-07,True,CONVERGED,float64,cuda:0
adjoint,1,299,9.738236838184866e-07,True,CONVERGED,float64,cuda:0
adjoint,2,298,9.613016234049077e-07,True,CONVERGED,float64,cuda:0
forward,0,284,9.301338849750268e-07,True,CONVERGED,float64,cuda:0
forward,1,285,9.995587815471824e-07,True,CONVERGED,float64,cuda:0
forward,2,285,9.70879913056043e-07,True,CONVERGED,float64,cuda:0
adjoint,0,290,9.836975143466117e-07,True,CONVERGED,float64,cuda:0
adjoint,1,299,9.71581475799993e-07,True,CONVERGED,float64,cuda:0
adjoint,2,298,9.410593700933632e-07,True,CONVERGED,float64,cuda:0
forward,0,284,9.295364408473667e-07,True,CONVERGED,float64,cuda:0
forward,1,285,9.943889046311788e-07,True,CONVERGED,float64,cuda:0
forward,2,285,9.450852018795045e-07,True,CONVERGED,float64,cuda:0
adjoint,0,290,9.721843521879343e-07,True,CONVERGED,float64,cuda:0
adjoint,1,299,9.699438404213616e-07,True,CONVERGED,float64,cuda:0
adjoint,2,298,9.200741182208991e-07,True,CONVERGED,float64,cuda:0
forward,0,284,9.246974407007415e-07,True,CONVERGED,float64,cuda:0
forward,1,285,9.884551356984264e-07,True,CONVERGED,float64,cuda:0
forward,2,284,9.905546484107023e-07,True,CONVERGED,float64,cuda:0
adjoint,0,290,9.628356939121364e-07,True,CONVERGED,float64,cuda:0
adjoint,1,299,9.715257591459248e-07,True,CONVERGED,float64,cuda:0
adjoint,2,297,9.987238432679056e-07,True,CONVERGED,float64,cuda:0
forward,0,284,9.154012693293293e-07,True,CONVERGED,float64,cuda:0
forward,1,285,9.81560468638615e-07,True,CONVERGED,float64,cuda:0
forward,2,284,9.879798232141002e-07,True,CONVERGED,float64,cuda:0
adjoint,0,290,9.574189275619387e-07,True,CONVERGED,float64,cuda:0
adjoint,1,299,9.77225505866105e-07,True,CONVERGED,float64,cuda:0
adjoint,2,298,9.32985794858085e-07,True,CONVERGED,float64,cuda:0
forward,0,284,9.03654706876306e-07,True,CONVERGED,float64,cuda:0
forward,1,285,9.745833422783264e-07,True,CONVERGED,float64,cuda:0
forward,2,284,9.912743347316857e-07,True,CONVERGED,float64,cuda:0
adjoint,0,290,9.539162929935596e-07,True,CONVERGED,float64,cuda:0
adjoint,1,299,9.795657018675564e-07,True,CONVERGED,float64,cuda:0
adjoint,2,298,9.583643664452466e-07,True,CONVERGED,float64,cuda:0
forward,0,283,9.940315403890973e-07,True,CONVERGED,float64,cuda:0
forward,1,285,9.680376089525401e-07,True,CONVERGED,float64,cuda:0
forward,2,284,9.894350544556539e-07,True,CONVERGED,float64,cuda:0
adjoint,0,290,9.483736551357329e-07,True,CONVERGED,float64,cuda:0
adjoint,1,299,9.719512530968312e-07,True,CONVERGED,float64,cuda:0
adjoint,2,298,9.754681986657373e-07,True,CONVERGED,float64,cuda:0
forward,0,283,9.86664534724828e-07,True,CONVERGED,float64,cuda:0
forward,1,285,9.618734006585818e-07,True,CONVERGED,float64,cuda:0
forward,2,284,9.770161307911235e-07,True,CONVERGED,float64,cuda:0
adjoint,0,290,9.37460995414609e-07,True,CONVERGED,float64,cuda:0
adjoint,1,299,9.682797330979352e-07,True,CONVERGED,float64,cuda:0
adjoint,2,298,9.798255241814357e-07,True,CONVERGED,float64,cuda:0
forward,0,283,9.811739878129661e-07,True,CONVERGED,float64,cuda:0
forward,1,285,9.55243059109698e-07,True,CONVERGED,float64,cuda:0
forward,2,283,9.888929092597672e-07,True,CONVERGED,float64,cuda:0
adjoint,0,288,9.964551583397674e-07,True,CONVERGED,float64,cuda:0
adjoint,1,299,9.701367654258925e-07,True,CONVERGED,float64,cuda:0
adjoint,2,298,9.729787364124809e-07,True,CONVERGED,float64,cuda:0
forward,0,283,9.750354263708136e-07,True,CONVERGED,float64,cuda:0
forward,1,285,9.473202692242805e-07,True,CONVERGED,float64,cuda:0
forward,2,282,9.942872978756035e-07,True,CONVERGED,float64,cuda:0
adjoint,0,288,9.759276463218208e-07,True,CONVERGED,float64,cuda:0
adjoint,1,299,9.725486388166728e-07,True,CONVERGED,float64,cuda:0
adjoint,2,298,9.663609637050405e-07,True,CONVERGED,float64,cuda:0
forward,0,283,9.675672271325739e-07,True,CONVERGED,float64,cuda:0
forward,1,285,9.380077136879086e-07,True,CONVERGED,float64,cuda:0
forward,2,282,9.766744622047071e-07,True,CONVERGED,float64,cuda:0
adjoint,0,288,9.565388411386422e-07,True,CONVERGED,float64,cuda:0
adjoint,1,299,9.72253504902225e-07,True,CONVERGED,float64,cuda:0
adjoint,2,298,9.6729293017485e-07,True,CONVERGED,float64,cuda:0
forward,0,283,9.584935420391106e-07,True,CONVERGED,float64,cuda:0
forward,1,285,9.271656310814296e-07,True,CONVERGED,float64,cuda:0
forward,2,282,9.63220207323805e-07,True,CONVERGED,float64,cuda:0
adjoint,0,288,9.394289799550221e-07,True,CONVERGED,float64,cuda:0
adjoint,1,299,9.699926775880683e-07,True,CONVERGED,float64,cuda:0
adjoint,2,298,9.78060375734493e-07,True,CONVERGED,float64,cuda:0
forward,0,283,9.479772075635295e-07,True,CONVERGED,float64,cuda:0
forward,1,284,9.932505720893293e-07,True,CONVERGED,float64,cuda:0
forward,2,282,9.522270949577211e-07,True,CONVERGED,float64,cuda:0
adjoint,0,287,9.925859737933335e-07,True,CONVERGED,float64,cuda:0
adjoint,1,299,9.632224148762017e-07,True,CONVERGED,float64,cuda:0
adjoint,2,298,9.933173526947e-07,True,CONVERGED,float64,cuda:0
forward,0,283,9.36556397117877e-07,True,CONVERGED,float64,cuda:0
forward,1,284,9.806265901523612e-07,True,CONVERGED,float64,cuda:0
forward,2,282,9.390901848553917e-07,True,CONVERGED,float64,cuda:0
adjoint,0,287,9.721484760434706e-07,True,CONVERGED,float64,cuda:0
adjoint,1,299,9.589053329171913e-07,True,CONVERGED,float64,cuda:0
adjoint,2,299,9.34041441671362e-07,True,CONVERGED,float64,cuda:0
forward,0,283,9.256491706856347e-07,True,CONVERGED,float64,cuda:0
forward,1,284,9.679257657071491e-07,True,CONVERGED,float64,cuda:0
forward,2,282,9.219416219611823e-07,True,CONVERGED,float64,cuda:0
adjoint,0,287,9.467875448379919e-07,True,CONVERGED,float64,cuda:0
adjoint,1,299,9.640726047515293e-07,True,CONVERGED,float64,cuda:0
adjoint,2,299,9.376507251963352e-07,True,CONVERGED,float64,cuda:0
forward,0,281,9.985976933253194e-07,True,CONVERGED,float64,cuda:0
forward,1,284,9.55275993918585e-07,True,CONVERGED,float64,cuda:0
forward,2,281,9.908494130167578e-07,True,CONVERGED,float64,cuda:0
adjoint,0,286,9.751098673570912e-07,True,CONVERGED,float64,cuda:0
adjoint,1,299,9.67550909623218e-07,True,CONVERGED,float64,cuda:0
adjoint,2,299,9.368232718014864e-07,True,CONVERGED,float64,cuda:0
forward,0,281,9.89419386675089e-07,True,CONVERGED,float64,cuda:0
forward,1,283,9.995080061868973e-07,True,CONVERGED,float64,cuda:0
forward,2,281,9.696020850121878e-07,True,CONVERGED,float64,cuda:0
adjoint,0,285,9.665072035715899e-07,True,CONVERGED,float64,cuda:0
adjoint,1,299,9.707559311878253e-07,True,CONVERGED,float64,cuda:0
adjoint,2,299,9.350154956092295e-07,True,CONVERGED,float64,cuda:0
