candidate_id,category,seed,representation,fidelity,grid_ny,grid_nx,design_hash_64,transferred_design_hash,is_binary,material_fraction,total_variation,worst_peak,average_peak,protected_zone_peak,maximum_normalized_residual,verification_wall_seconds,source_runtime_seconds
random_filtered_seed_9101,random,9101.0,binary,low_64,64,64,2f1356721e17051c58c11cdfd1638307a7251dd5656a9beb2f26bab8ad08c9f2,2f1356721e17051c58c11cdfd1638307a7251dd5656a9beb2f26bab8ad08c9f2,True,0.25,0.1470734126984127,0.6011141334312313,0.544235612870332,0.5147501523440614,1.2880362134291709e-12,0.0311803000076906,0.0032779000030132
random_filtered_seed_9101,random,9101.0,binary,reference_128,128,128,2f1356721e17051c58c11cdfd1638307a7251dd5656a9beb2f26bab8ad08c9f2,1d776bb9fcd32b2418aae56b7e2e53420a228903249a08ae27754dbfa9f651b8,True,0.25,0.0729576771653543,0.594354056132978,0.5372438678457377,0.5051821509737614,5.312960015249744e-12,0.134419699999853,0.0032779000030132
random_filtered_seed_9101,random,9101.0,binary,reference_256,256,256,2f1356721e17051c58c11cdfd1638307a7251dd5656a9beb2f26bab8ad08c9f2,071fd96b0eef2672017bc45bf7cf9d60a1fa7786fb4908ee4cbcd987b0298b6f,True,0.25,0.0363357843137254,0.5913331056800399,0.5341541641258326,0.5040063642389346,2.2979324754731748e-11,0.6173491999943508,0.0032779000030132
random_filtered_seed_9102,random,9102.0,binary,low_64,64,64,660787503acb6bb82e07527b29282439058c85dc59dbf2feb202033d290e8172,660787503acb6bb82e07527b29282439058c85dc59dbf2feb202033d290e8172,True,0.25,0.1731150793650793,0.5524808185533192,0.5083728066831436,0.4467449298575047,1.343445214282268e-12,0.0249508999986574,0.0006005000032018
random_filtered_seed_9102,random,9102.0,binary,reference_128,128,128,660787503acb6bb82e07527b29282439058c85dc59dbf2feb202033d290e8172,a86037bff313091d26a53645a991583868c9a3d4faab911399d720f9b9762110,True,0.25,0.0858759842519685,0.5447301865548915,0.5010842639064514,0.4398073701210195,5.314616706475546e-12,0.1172986999881686,0.0006005000032018
random_filtered_seed_9102,random,9102.0,binary,reference_256,256,256,660787503acb6bb82e07527b29282439058c85dc59dbf2feb202033d290e8172,e407435e41d00e112ea2fdad9b6f20e4b447c3904297a8727f0ffd6a699ca170,True,0.25,0.0427696078431372,0.5415047970605279,0.4980476493909115,0.4371163374807311,2.3000886228848627e-11,0.6151564000028884,0.0006005000032018
random_filtered_seed_9103,random,9103.0,binary,low_64,64,64,248fe4585c1bac0ec2fd67aaff4e8498debf99c87b647a57a9d009e935d776dc,248fe4585c1bac0ec2fd67aaff4e8498debf99c87b647a57a9d009e935d776dc,True,0.25,0.1706349206349206,0.5898217383242587,0.5499381539744409,0.4906464449250567,1.4580838543644232e-12,0.0246306000190088,0.0005267999949865
random_filtered_seed_9103,random,9103.0,binary,reference_128,128,128,248fe4585c1bac0ec2fd67aaff4e8498debf99c87b647a57a9d009e935d776dc,0aa14fab4b5b2c47f5c0b817df074f369be7c00173a0feb12343fec496e981b0,True,0.25,0.0846456692913385,0.5825173532932642,0.5414352770243079,0.4800457758103735,6.039579888829064e-12,0.1180604999972274,0.0005267999949865
random_filtered_seed_9103,random,9103.0,binary,reference_256,256,256,248fe4585c1bac0ec2fd67aaff4e8498debf99c87b647a57a9d009e935d776dc,be7daa49b5107c9c49e7879f78aa2162ad36766bfcefba836396c2a77f06e4e6,True,0.25,0.042156862745098,0.5791671539152953,0.5376074509516142,0.4780556431126986,2.409382300637203e-11,0.6125696999806678,0.0005267999949865
straight_path,straight,,binary,low_64,64,64,57649ac473a6a76edb7273831f2b0574ad161b66d511727e536db316df5c6ce4,57649ac473a6a76edb7273831f2b0574ad161b66d511727e536db316df5c6ce4,True,0.25,0.0317460317460317,0.3166910713244851,0.2536910684804184,0.1272668844906984,4.698627835414118e-13,0.0250646999920718,6.249999569263309e-05
straight_path,straight,,binary,reference_128,128,128,57649ac473a6a76edb7273831f2b0574ad161b66d511727e536db316df5c6ce4,3403b3ca556fbe85034f1827ff726f72c62b7c3c5daaef533d46680cf9fbb5a2,True,0.25,0.0157480314960629,0.3169917624167801,0.2538937550808093,0.1272259928570741,2.022756040977248e-12,0.1183670999889727,6.249999569263309e-05
straight_path,straight,,binary,reference_256,256,256,57649ac473a6a76edb7273831f2b0574ad161b66d511727e536db316df5c6ce4,2699b0ef03900dd8470c09101ba45d1d86328ac6548fa4533b6cb014aa7e52da,True,0.25,0.0078431372549019,0.3169417981503212,0.2538605108499576,0.1272478181898323,8.060270556133302e-12,0.617638799987617,6.249999569263309e-05
evenly_dispersed_binary,dispersed,,binary,low_64,64,64,b8833787d8d703775992a5d3ac5378d7d0b7e24496917de225ba10962a8c613b,b8833787d8d703775992a5d3ac5378d7d0b7e24496917de225ba10962a8c613b,True,0.25,1.0,0.6384807082385527,0.6226018390318974,0.5603708565155673,2.7911054131969825e-13,0.0246004999935394,1.3800003216601908e-05
evenly_dispersed_binary,dispersed,,binary,reference_128,128,128,b8833787d8d703775992a5d3ac5378d7d0b7e24496917de225ba10962a8c613b,0705c74083f8cdc745ba3da84540ef094191fbf87bf6d85fca18067b41e9d85c,True,0.25,0.4960629921259842,0.6058161113219753,0.5910651331249371,0.5317052017754751,4.3772159296576665e-12,0.1209682000044267,1.3800003216601908e-05
evenly_dispersed_binary,dispersed,,binary,reference_256,256,256,b8833787d8d703775992a5d3ac5378d7d0b7e24496917de225ba10962a8c613b,55008df758f69ac045a20337c247ec4b609211380a5ba72dcb616f38c5e5833d,True,0.25,0.2470588235294117,0.5849495361189074,0.570783880892681,0.5135943878356823,2.175692614783596e-11,0.6144746999925701,1.3800003216601908e-05
single_A_20260828,single_A,20260828.0,binary,low_64,64,64,2bcc42fcc0dc8d29413adb4db8ff40a96bbef715d2c382b91b644ba38c9be2d1,2bcc42fcc0dc8d29413adb4db8ff40a96bbef715d2c382b91b644ba38c9be2d1,True,0.25048828125,0.0314980158730158,0.3188361656236627,0.2475324798800711,0.1631745130244611,3.374571507167637e-13,0.024817300014547,509.8811073997349
single_A_20260828,single_A,20260828.0,binary,reference_128,128,128,2bcc42fcc0dc8d29413adb4db8ff40a96bbef715d2c382b91b644ba38c9be2d1,e8d1d68d5acec73f2df6027bc9b42dc3607c588f3c9e91110f31b9628721c699,True,0.25048828125,0.015625,0.3178759152373122,0.2467573429848749,0.1676477586405795,1.3283884108639174e-12,0.1176948999927844,509.8811073997349
single_A_20260828,single_A,20260828.0,binary,reference_256,256,256,2bcc42fcc0dc8d29413adb4db8ff40a96bbef715d2c382b91b644ba38c9be2d1,bc0f88346b55c5ffeda007133281e0711c390bdc58587a60acaa26d1ac72179d,True,0.25048828125,0.007781862745098,0.3173623196911966,0.2463813672196618,0.168210502463074,5.33038936267566e-12,0.6105691000120714,509.8811073997349
single_A_20260829,single_A,20260829.0,binary,low_64,64,64,2d0de72cec5f92d16c3a0534c9bd67e6cf0d777b6fb9e573c0104fc44caa8d8a,2d0de72cec5f92d16c3a0534c9bd67e6cf0d777b6fb9e573c0104fc44caa8d8a,True,0.250244140625,0.0314980158730158,0.3189563497201179,0.248046952234492,0.1642227335099733,3.254369710777713e-13,0.025080200008233,361.68361150022247
single_A_20260829,single_A,20260829.0,binary,reference_128,128,128,2d0de72cec5f92d16c3a0534c9bd67e6cf0d777b6fb9e573c0104fc44caa8d8a,3ee7c3b9ea98bdbcaf2f050d7c4679eac802ddca7a257f29754e72d199ee4ebd,True,0.250244140625,0.015625,0.3178657187802614,0.2472381802023978,0.1687446742921531,1.3561427187049688e-12,0.1244497000006958,361.68361150022247
single_A_20260829,single_A,20260829.0,binary,reference_256,256,256,2d0de72cec5f92d16c3a0534c9bd67e6cf0d777b6fb9e573c0104fc44caa8d8a,2f782ea382ec6d14e1aeb583e3d311952af1bfba8aeb7a7a1b123bbe563c13db,True,0.250244140625,0.007781862745098,0.317343319776924,0.2468591751401948,0.1693160368417689,5.358510273179849e-12,0.6100701000104891,361.68361150022247
single_A_20260830,single_A,20260830.0,binary,low_64,64,64,5019dafb2f1462cbfcd955a51960603d8c046303897e2835d9a5d8820f5596a5,5019dafb2f1462cbfcd955a51960603d8c046303897e2835d9a5d8820f5596a5,True,0.25048828125,0.0314980158730158,0.3227111111312316,0.249367253780395,0.1654034685171213,3.4500296940511664e-13,0.0264179000078002,354.0953565999662
single_A_20260830,single_A,20260830.0,binary,reference_128,128,128,5019dafb2f1462cbfcd955a51960603d8c046303897e2835d9a5d8820f5596a5,37832bbbfec5aaa8f315ceb5b49f47369a61e60d8bb3bf0b6f7c38f0ab98d29f,True,0.25048828125,0.015625,0.3216834851745219,0.2485897127428411,0.1700418045129225,1.3072890473576412e-12,0.1197468000027583,354.0953565999662
single_A_20260830,single_A,20260830.0,binary,reference_256,256,256,5019dafb2f1462cbfcd955a51960603d8c046303897e2835d9a5d8820f5596a5,4cd1f5712b1188f1bfa069cbd51d3c718f63adde7da34874e0f1e998364e1a14,True,0.25048828125,0.007781862745098,0.3211513095413453,0.2482064991702622,0.1706369249924149,5.303405702257455e-12,0.6070008000097005,354.0953565999662
uniform_relaxed,uniform,,continuous,reference_128,128,128,6aad812971e26441cd87265209b034397294d65438d0a5fa8ea383d0421dcf1d,432f6abf8a5421bb54f1de37fd51c8d3bfc5626570ba1872abae5a13162ebdd2,False,0.25,0.0,0.7181674331815044,0.7019128424236513,0.6301419332754294,1.156620034339357e-12,0.1179331000166712,1.4000004739500582e-05
single_A_20260828_continuous,single_A,20260828.0,continuous,reference_128,128,128,1b7d70e81d23a6693de5b8a71fce477651b6d552ace3c34478576aebdd16d1f0,09ca08ab4070f2f24f1156de317eb8b4e278427b66b99cd668defd855103b6ec,False,0.2499999952130099,0.015630028864658,0.319003689446241,0.2475620167637865,0.1682852941957007,1.3424387734557705e-12,0.1178739000024506,509.8811073997349
single_A_20260829_continuous,single_A,20260829.0,continuous,reference_128,128,128,6924be1a4fe65c9fb7a05070159766636b0177bfee8248c6fbed578e7e566c51,d1c177e1396b758fbb6699f2a3c2b86ee7fae5e25f37822fd73593e49aa77b2e,False,0.2499999911956599,0.0156290691183955,0.3184679683324788,0.2474750873995225,0.1692655519568942,1.3296910210922632e-12,0.1176655999879585,361.68361150022247
single_A_20260830_continuous,single_A,20260830.0,continuous,reference_128,128,128,27ea2a1038e1c3d7457f3f4db6a8662fba84255a1c635a25b0f69cb6feb10b91,c0950a8754e1df1584a4d99ae99df5543cf9bdcc482390e549ea0c9db3d65e45,False,0.2499999996624193,0.0156288346892884,0.3222739598421245,0.2491999678996787,0.1706184514472984,1.3234883506538769e-12,0.1205287000047974,354.0953565999662
