candidate_id,category,seed,representation,fidelity,scenario_id,peak_temperature,protected_zone_peak,normalized_residual,wall_seconds,source_hash,integrated_power
random_filtered_seed_9101,random,9101,binary,low_64,A,0.5327466606494318,0.5147501523440614,1.2560649724735875e-12,0.009449599994695745,2a7498982a98bc364963bb9cfa47f760ec763e4d72c3246be34429114911768d,1.0
random_filtered_seed_9101,random,9101,binary,low_64,B,0.6011141334312313,0.49174340821894247,1.0969313128958314e-12,0.01062080000701826,93e1b6acfc80baa32dd0d2f336f5f448f61fd52ff1c4ddca26572745f41b8126,1.0
random_filtered_seed_9101,random,9101,binary,low_64,C,0.4988460445303329,0.44204999940021644,1.2880362134291709e-12,0.01110990000597667,90aa528e3b0d25b185da75e1e8a1e6076a713a1a50a42bc2c9a40d321a002108,1.0
random_filtered_seed_9101,random,9101,binary,reference_128,A,0.5256565449448896,0.5051821509737614,5.217174330920848e-12,0.04564840000239201,af53b90d5fc14784fb5c84b999ba237b24552a9cadbdcf0a0dd8c0a0ce9ef7e9,1.0
random_filtered_seed_9101,random,9101,binary,reference_128,B,0.594354056132978,0.4987809557608706,4.767307466874032e-12,0.04291170000215061,bbeb7c4ffc720580645cfb2e4e9848a8cc65f61cfcc6814354ce969350b03639,1.0
random_filtered_seed_9101,random,9101,binary,reference_128,C,0.4917210024593456,0.43934547552089304,5.3129600152497435e-12,0.04585959999531042,29c68d61bf482209936e516c42a14936fc5275bcb6b40cb0562162a10114f0c8,1.0
random_filtered_seed_9101,random,9101,binary,reference_256,A,0.5225091495369487,0.5040063642389346,2.2229155391873213e-11,0.20770009999978356,7c78f0971ecf036d6450fcb6af4d93c3944a0c01e6a0a71442f423c3d28f6f39,1.0
random_filtered_seed_9101,random,9101,binary,reference_256,B,0.5913331056800399,0.4985560146682491,2.0167822867762384e-11,0.20455070000025444,f261e16618c55f0b25eebf8bfb4b9c18d6cd2ab537ace816aa489d24a494b825,1.0
random_filtered_seed_9101,random,9101,binary,reference_256,C,0.48862023716050934,0.43753689798350864,2.2979324754731748e-11,0.20509839999431279,6319647686ca9ac3aa927953f9fa82c84dc41ed500f0c150a9f133d3a226fbfa,1.0
random_filtered_seed_9102,random,9102,binary,low_64,A,0.4659332272684127,0.44674492985750475,1.2369215247593343e-12,0.00866429999587126,2a7498982a98bc364963bb9cfa47f760ec763e4d72c3246be34429114911768d,1.0
random_filtered_seed_9102,random,9102,binary,low_64,B,0.5067043742276988,0.4308440787062933,1.343445214282268e-12,0.008164099999703467,93e1b6acfc80baa32dd0d2f336f5f448f61fd52ff1c4ddca26572745f41b8126,1.0
random_filtered_seed_9102,random,9102,binary,low_64,C,0.5524808185533192,0.4167057152076958,1.312667980151678e-12,0.008122500003082678,90aa528e3b0d25b185da75e1e8a1e6076a713a1a50a42bc2c9a40d321a002108,1.0
random_filtered_seed_9102,random,9102,binary,reference_128,A,0.45882413401651045,0.4398073701210195,5.162557964483571e-12,0.03970579999440815,af53b90d5fc14784fb5c84b999ba237b24552a9cadbdcf0a0dd8c0a0ce9ef7e9,1.0
random_filtered_seed_9102,random,9102,binary,reference_128,B,0.49969847114795235,0.4296445828641706,5.314616706475546e-12,0.038706099992850795,bbeb7c4ffc720580645cfb2e4e9848a8cc65f61cfcc6814354ce969350b03639,1.0
random_filtered_seed_9102,random,9102,binary,reference_128,C,0.5447301865548915,0.4174586583490395,5.27299091548622e-12,0.038886800000909716,29c68d61bf482209936e516c42a14936fc5275bcb6b40cb0562162a10114f0c8,1.0
random_filtered_seed_9102,random,9102,binary,reference_256,A,0.4559064735578981,0.43711633748073114,2.1887773401332406e-11,0.20512639998923987,7c78f0971ecf036d6450fcb6af4d93c3944a0c01e6a0a71442f423c3d28f6f39,1.0
random_filtered_seed_9102,random,9102,binary,reference_256,B,0.4967316775543087,0.4282033458242467,2.300088622884863e-11,0.20628160001069773,f261e16618c55f0b25eebf8bfb4b9c18d6cd2ab537ace816aa489d24a494b825,1.0
random_filtered_seed_9102,random,9102,binary,reference_256,C,0.5415047970605279,0.4159708334807981,2.2048293027070123e-11,0.2037484000029508,6319647686ca9ac3aa927953f9fa82c84dc41ed500f0c150a9f133d3a226fbfa,1.0
random_filtered_seed_9103,random,9103,binary,low_64,A,0.5238234809312873,0.4906464449250567,1.4325506510893902e-12,0.008287300006486475,2a7498982a98bc364963bb9cfa47f760ec763e4d72c3246be34429114911768d,1.0
random_filtered_seed_9103,random,9103,binary,low_64,B,0.5361692426677767,0.44948793314650065,1.4474854722564567e-12,0.008171000008587725,93e1b6acfc80baa32dd0d2f336f5f448f61fd52ff1c4ddca26572745f41b8126,1.0
random_filtered_seed_9103,random,9103,binary,low_64,C,0.5898217383242587,0.4810215521663347,1.4580838543644232e-12,0.008172300003934652,90aa528e3b0d25b185da75e1e8a1e6076a713a1a50a42bc2c9a40d321a002108,1.0
random_filtered_seed_9103,random,9103,binary,reference_128,A,0.5155456871698704,0.4800457758103735,5.871177179296567e-12,0.03886330001114402,af53b90d5fc14784fb5c84b999ba237b24552a9cadbdcf0a0dd8c0a0ce9ef7e9,1.0
random_filtered_seed_9103,random,9103,binary,reference_128,B,0.5262427906097895,0.4477932201918029,6.039579888829064e-12,0.03882429999066517,bbeb7c4ffc720580645cfb2e4e9848a8cc65f61cfcc6814354ce969350b03639,1.0
random_filtered_seed_9103,random,9103,binary,reference_128,C,0.5825173532932642,0.4745301610036485,5.778510779971894e-12,0.040372899995418265,29c68d61bf482209936e516c42a14936fc5275bcb6b40cb0562162a10114f0c8,1.0
random_filtered_seed_9103,random,9103,binary,reference_256,A,0.5117722170462393,0.47805564311269866,2.3854948175971906e-11,0.20486279999022372,7c78f0971ecf036d6450fcb6af4d93c3944a0c01e6a0a71442f423c3d28f6f39,1.0
random_filtered_seed_9103,random,9103,binary,reference_256,B,0.5218829818933081,0.4440742908603032,2.385856840531268e-11,0.20457010000245646,f261e16618c55f0b25eebf8bfb4b9c18d6cd2ab537ace816aa489d24a494b825,1.0
random_filtered_seed_9103,random,9103,binary,reference_256,C,0.5791671539152953,0.47154736116893436,2.409382300637203e-11,0.20313679998798762,6319647686ca9ac3aa927953f9fa82c84dc41ed500f0c150a9f133d3a226fbfa,1.0
straight_path,straight,,binary,low_64,A,0.12769106279228526,0.12726688449069842,4.698627835414118e-13,0.008441899990430102,2a7498982a98bc364963bb9cfa47f760ec763e4d72c3246be34429114911768d,1.0
straight_path,straight,,binary,low_64,B,0.31669107132448493,0.12266394278596271,4.4640584770752956e-13,0.008063999994192272,93e1b6acfc80baa32dd0d2f336f5f448f61fd52ff1c4ddca26572745f41b8126,1.0
straight_path,straight,,binary,low_64,C,0.3166910713244851,0.12266394278596311,4.522760906065433e-13,0.008558800007449463,90aa528e3b0d25b185da75e1e8a1e6076a713a1a50a42bc2c9a40d321a002108,1.0
straight_path,straight,,binary,reference_128,A,0.12769774040887202,0.12722599285707417,2.0227560409772475e-12,0.03965319998678751,af53b90d5fc14784fb5c84b999ba237b24552a9cadbdcf0a0dd8c0a0ce9ef7e9,1.0
straight_path,straight,,binary,reference_128,B,0.3169917624167801,0.12318103192609525,1.8188304120184656e-12,0.03937539999606088,bbeb7c4ffc720580645cfb2e4e9848a8cc65f61cfcc6814354ce969350b03639,1.0
straight_path,straight,,binary,reference_128,C,0.31699176241677585,0.12318103192609534,1.8265604211995814e-12,0.03933850000612438,29c68d61bf482209936e516c42a14936fc5275bcb6b40cb0562162a10114f0c8,1.0
straight_path,straight,,binary,reference_256,A,0.12769793624923825,0.12724781818983236,8.060270556133302e-12,0.2060127000004286,7c78f0971ecf036d6450fcb6af4d93c3944a0c01e6a0a71442f423c3d28f6f39,1.0
straight_path,straight,,binary,reference_256,B,0.31694179815032125,0.12331232217350033,7.391204687431802e-12,0.20759209999232553,f261e16618c55f0b25eebf8bfb4b9c18d6cd2ab537ace816aa489d24a494b825,1.0
straight_path,straight,,binary,reference_256,C,0.31694179815031337,0.12331232217349844,7.413941205243471e-12,0.20403399999486282,6319647686ca9ac3aa927953f9fa82c84dc41ed500f0c150a9f133d3a226fbfa,1.0
evenly_dispersed_binary,dispersed,,binary,low_64,A,0.5934093229887448,0.5603708565155673,2.74075726186896e-13,0.008340500004123896,2a7498982a98bc364963bb9cfa47f760ec763e4d72c3246be34429114911768d,1.0
evenly_dispersed_binary,dispersed,,binary,low_64,B,0.6359154858683945,0.5402102169214853,2.7911054131969825e-13,0.008131099995807745,93e1b6acfc80baa32dd0d2f336f5f448f61fd52ff1c4ddca26572745f41b8126,1.0
evenly_dispersed_binary,dispersed,,binary,low_64,C,0.6384807082385527,0.5415580999351866,2.771068088451052e-13,0.008128899993607774,90aa528e3b0d25b185da75e1e8a1e6076a713a1a50a42bc2c9a40d321a002108,1.0
evenly_dispersed_binary,dispersed,,binary,reference_128,A,0.5634229715848683,0.5317052017754751,4.3772159296576665e-12,0.04109140000946354,af53b90d5fc14784fb5c84b999ba237b24552a9cadbdcf0a0dd8c0a0ce9ef7e9,1.0
evenly_dispersed_binary,dispersed,,binary,reference_128,B,0.6039563164679678,0.5177466950309421,4.338604384220079e-12,0.04012269999657292,bbeb7c4ffc720580645cfb2e4e9848a8cc65f61cfcc6814354ce969350b03639,1.0
evenly_dispersed_binary,dispersed,,binary,reference_128,C,0.6058161113219753,0.5227360374287013,4.237862692570749e-12,0.0397540999983903,29c68d61bf482209936e516c42a14936fc5275bcb6b40cb0562162a10114f0c8,1.0
evenly_dispersed_binary,dispersed,,binary,reference_256,A,0.544083054924187,0.5135943878356823,2.1422474857255522e-11,0.20488799999293406,7c78f0971ecf036d6450fcb6af4d93c3944a0c01e6a0a71442f423c3d28f6f39,1.0
evenly_dispersed_binary,dispersed,,binary,reference_256,B,0.5833190516349486,0.5019083261251784,2.170283058083174e-11,0.2049618000019109,f261e16618c55f0b25eebf8bfb4b9c18d6cd2ab537ace816aa489d24a494b825,1.0
evenly_dispersed_binary,dispersed,,binary,reference_256,C,0.5849495361189074,0.5049819453345219,2.1756926147835962e-11,0.20462489999772515,6319647686ca9ac3aa927953f9fa82c84dc41ed500f0c150a9f133d3a226fbfa,1.0
single_A_20260828,single_A,20260828,binary,low_64,A,0.10747811439157282,0.10524196719008255,3.3703803509991695e-13,0.008496000009472482,2a7498982a98bc364963bb9cfa47f760ec763e4d72c3246be34429114911768d,1.0
single_A_20260828,single_A,20260828,binary,low_64,B,0.31883616562366274,0.16267116747879876,3.2270858586001143e-13,0.008208700004615821,93e1b6acfc80baa32dd0d2f336f5f448f61fd52ff1c4ddca26572745f41b8126,1.0
single_A_20260828,single_A,20260828,binary,low_64,C,0.3162831596249778,0.16317451302446112,3.374571507167637e-13,0.00811260000045877,90aa528e3b0d25b185da75e1e8a1e6076a713a1a50a42bc2c9a40d321a002108,1.0
single_A_20260828,single_A,20260828,binary,reference_128,A,0.10727861674841237,0.1042575007155208,1.3283884108639174e-12,0.03940729999158066,af53b90d5fc14784fb5c84b999ba237b24552a9cadbdcf0a0dd8c0a0ce9ef7e9,1.0
single_A_20260828,single_A,20260828,binary,reference_128,B,0.31787591523731223,0.16721412117372317,1.2694260347490125e-12,0.03919169999426231,bbeb7c4ffc720580645cfb2e4e9848a8cc65f61cfcc6814354ce969350b03639,1.0
single_A_20260828,single_A,20260828,binary,reference_128,C,0.31511749696890007,0.16764775864057951,1.274773539501983e-12,0.03909590000694152,29c68d61bf482209936e516c42a14936fc5275bcb6b40cb0562162a10114f0c8,1.0
single_A_20260828,single_A,20260828,binary,reference_256,A,0.10718755478835461,0.10428145595037819,5.3303893626756595e-12,0.20420380000723526,7c78f0971ecf036d6450fcb6af4d93c3944a0c01e6a0a71442f423c3d28f6f39,1.0
single_A_20260828,single_A,20260828,binary,reference_256,B,0.3173623196911966,0.16779555617782413,5.0738607997926346e-12,0.2038207000005059,f261e16618c55f0b25eebf8bfb4b9c18d6cd2ab537ace816aa489d24a494b825,1.0
single_A_20260828,single_A,20260828,binary,reference_256,C,0.31459422717943425,0.16821050246307404,4.961052445930689e-12,0.20254460000433028,6319647686ca9ac3aa927953f9fa82c84dc41ed500f0c150a9f133d3a226fbfa,1.0
single_A_20260829,single_A,20260829,binary,low_64,A,0.10750994286623787,0.1052948189923909,3.254369710777713e-13,0.008703700004843995,2a7498982a98bc364963bb9cfa47f760ec763e4d72c3246be34429114911768d,1.0
single_A_20260829,single_A,20260829,binary,low_64,B,0.3189563497201179,0.16422273350997332,2.9885653043141504e-13,0.008138100005453452,93e1b6acfc80baa32dd0d2f336f5f448f61fd52ff1c4ddca26572745f41b8126,1.0
single_A_20260829,single_A,20260829,binary,low_64,C,0.31767456411712014,0.16369862462205145,3.2159092616902777e-13,0.00823839999793563,90aa528e3b0d25b185da75e1e8a1e6076a713a1a50a42bc2c9a40d321a002108,1.0
single_A_20260829,single_A,20260829,binary,reference_128,A,0.1073039540698043,0.10430616031351238,1.3561427187049688e-12,0.03910500000347383,af53b90d5fc14784fb5c84b999ba237b24552a9cadbdcf0a0dd8c0a0ce9ef7e9,1.0
single_A_20260829,single_A,20260829,binary,reference_128,B,0.3178657187802614,0.16874467429215315,1.292064851503777e-12,0.03939160000300035,bbeb7c4ffc720580645cfb2e4e9848a8cc65f61cfcc6814354ce969350b03639,1.0
single_A_20260829,single_A,20260829,binary,reference_128,C,0.3165448677571277,0.16819192664187402,1.2693942137895882e-12,0.0459530999942217,29c68d61bf482209936e516c42a14936fc5275bcb6b40cb0562162a10114f0c8,1.0
single_A_20260829,single_A,20260829,binary,reference_256,A,0.10721574450037244,0.10432478525163227,5.358510273179849e-12,0.20208820000698324,7c78f0971ecf036d6450fcb6af4d93c3944a0c01e6a0a71442f423c3d28f6f39,1.0
single_A_20260829,single_A,20260829,binary,reference_256,B,0.317343319776924,0.16931603684176896,4.967112853757618e-12,0.2056412999954773,f261e16618c55f0b25eebf8bfb4b9c18d6cd2ab537ace816aa489d24a494b825,1.0
single_A_20260829,single_A,20260829,binary,reference_256,C,0.31601846114328797,0.1687578280147891,4.9419909453731396e-12,0.20234060000802856,6319647686ca9ac3aa927953f9fa82c84dc41ed500f0c150a9f133d3a226fbfa,1.0
single_A_20260830,single_A,20260830,binary,low_64,A,0.10751976318530225,0.10525849236179978,3.450029694051166e-13,0.009456500003580004,2a7498982a98bc364963bb9cfa47f760ec763e4d72c3246be34429114911768d,1.0
single_A_20260830,single_A,20260830,binary,low_64,B,0.31787088702465127,0.16367509770582778,2.8892692206381296e-13,0.008702000006451271,93e1b6acfc80baa32dd0d2f336f5f448f61fd52ff1c4ddca26572745f41b8126,1.0
single_A_20260830,single_A,20260830,binary,low_64,C,0.3227111111312316,0.16540346851712137,2.9995126911692793e-13,0.008259399997768924,90aa528e3b0d25b185da75e1e8a1e6076a713a1a50a42bc2c9a40d321a002108,1.0
single_A_20260830,single_A,20260830,binary,reference_128,A,0.10733202618242332,0.10426211249869874,1.3072890473576412e-12,0.04002280000713654,af53b90d5fc14784fb5c84b999ba237b24552a9cadbdcf0a0dd8c0a0ce9ef7e9,1.0
single_A_20260830,single_A,20260830,binary,reference_128,B,0.3167536268715783,0.1681737845993379,1.2368048772360836e-12,0.04050360000110231,bbeb7c4ffc720580645cfb2e4e9848a8cc65f61cfcc6814354ce969350b03639,1.0
single_A_20260830,single_A,20260830,binary,reference_128,C,0.3216834851745219,0.17004180451292256,1.229925853751052e-12,0.03922039999451954,29c68d61bf482209936e516c42a14936fc5275bcb6b40cb0562162a10114f0c8,1.0
single_A_20260830,single_A,20260830,binary,reference_256,A,0.10723987678375418,0.10427933944371053,5.3034057022574545e-12,0.20220379999955185,7c78f0971ecf036d6450fcb6af4d93c3944a0c01e6a0a71442f423c3d28f6f39,1.0
single_A_20260830,single_A,20260830,binary,reference_256,B,0.3162283111856872,0.16874041320708105,4.944675823429319e-12,0.20352110000385437,f261e16618c55f0b25eebf8bfb4b9c18d6cd2ab537ace816aa489d24a494b825,1.0
single_A_20260830,single_A,20260830,binary,reference_256,C,0.3211513095413453,0.17063692499241498,4.9654942265296865e-12,0.20127590000629425,6319647686ca9ac3aa927953f9fa82c84dc41ed500f0c150a9f133d3a226fbfa,1.0
robust_20260828,robust,20260828,binary,low_64,A,0.15679265963197606,0.14702164222317385,4.864790927087266e-13,0.008220200004871003,2a7498982a98bc364963bb9cfa47f760ec763e4d72c3246be34429114911768d,1.0
robust_20260828,robust,20260828,binary,low_64,B,0.15768124281908352,0.13191470796192367,4.576587738697364e-13,0.008123199993860908,93e1b6acfc80baa32dd0d2f336f5f448f61fd52ff1c4ddca26572745f41b8126,1.0
robust_20260828,robust,20260828,binary,low_64,C,0.1580965089943325,0.13233801792451716,4.652377776227031e-13,0.008164200000464916,90aa528e3b0d25b185da75e1e8a1e6076a713a1a50a42bc2c9a40d321a002108,1.0
robust_20260828,robust,20260828,binary,reference_128,A,0.15633073695853267,0.1456399126938265,1.8251938066729383e-12,0.03891679999651387,af53b90d5fc14784fb5c84b999ba237b24552a9cadbdcf0a0dd8c0a0ce9ef7e9,1.0
robust_20260828,robust,20260828,binary,reference_128,B,0.15644497675460295,0.13345132745532534,1.836712689911782e-12,0.03935490000003483,bbeb7c4ffc720580645cfb2e4e9848a8cc65f61cfcc6814354ce969350b03639,1.0
robust_20260828,robust,20260828,binary,reference_128,C,0.15700753691444524,0.13387791532225496,1.895504628403034e-12,0.038702700010617264,29c68d61bf482209936e516c42a14936fc5275bcb6b40cb0562162a10114f0c8,1.0
robust_20260828,robust,20260828,binary,reference_256,A,0.15615495681263328,0.1459285378030298,7.457370696019172e-12,0.20232640000176616,7c78f0971ecf036d6450fcb6af4d93c3944a0c01e6a0a71442f423c3d28f6f39,1.0
robust_20260828,robust,20260828,binary,reference_256,B,0.15596395806562802,0.13365470971042906,7.525272489260482e-12,0.20396579999942333,f261e16618c55f0b25eebf8bfb4b9c18d6cd2ab537ace816aa489d24a494b825,1.0
robust_20260828,robust,20260828,binary,reference_256,C,0.156506824943584,0.1340829778839088,7.538390297996635e-12,0.20519329998933244,6319647686ca9ac3aa927953f9fa82c84dc41ed500f0c150a9f133d3a226fbfa,1.0
robust_20260829,robust,20260829,binary,low_64,A,0.15835603108147783,0.14833655333102305,4.798855105543839e-13,0.008262600007583387,2a7498982a98bc364963bb9cfa47f760ec763e4d72c3246be34429114911768d,1.0
robust_20260829,robust,20260829,binary,low_64,B,0.15910612917627306,0.13311898999974975,4.66471918057593e-13,0.00819710000359919,93e1b6acfc80baa32dd0d2f336f5f448f61fd52ff1c4ddca26572745f41b8126,1.0
robust_20260829,robust,20260829,binary,low_64,C,0.15750667032451032,0.13225743830288006,4.475802646741074e-13,0.008124299987684935,90aa528e3b0d25b185da75e1e8a1e6076a713a1a50a42bc2c9a40d321a002108,1.0
robust_20260829,robust,20260829,binary,reference_128,A,0.15770709049328846,0.14678960817889355,1.8081506235102234e-12,0.03895610000472516,af53b90d5fc14784fb5c84b999ba237b24552a9cadbdcf0a0dd8c0a0ce9ef7e9,1.0
robust_20260829,robust,20260829,binary,reference_128,B,0.1578344964237092,0.13453330310908732,1.7975305444739816e-12,0.03944290000072215,bbeb7c4ffc720580645cfb2e4e9848a8cc65f61cfcc6814354ce969350b03639,1.0
robust_20260829,robust,20260829,binary,reference_128,C,0.15619596839068986,0.13388595849424656,1.784555576771834e-12,0.039305500002228655,29c68d61bf482209936e516c42a14936fc5275bcb6b40cb0562162a10114f0c8,1.0
robust_20260829,robust,20260829,binary,reference_256,A,0.1574716324313547,0.14702315614635872,7.343194487175408e-12,0.20222789999388624,7c78f0971ecf036d6450fcb6af4d93c3944a0c01e6a0a71442f423c3d28f6f39,1.0
robust_20260829,robust,20260829,binary,reference_256,B,0.15737556496888783,0.1347173684799433,7.587633429414703e-12,0.2025498000002699,f261e16618c55f0b25eebf8bfb4b9c18d6cd2ab537ace816aa489d24a494b825,1.0
robust_20260829,robust,20260829,binary,reference_256,C,0.15562258325449235,0.13410168420797158,7.309671493784678e-12,0.20046259999799076,6319647686ca9ac3aa927953f9fa82c84dc41ed500f0c150a9f133d3a226fbfa,1.0
robust_20260830,robust,20260830,binary,low_64,A,0.15691761119165,0.14709475454366913,4.561743702725433e-13,0.008391800001845695,2a7498982a98bc364963bb9cfa47f760ec763e4d72c3246be34429114911768d,1.0
robust_20260830,robust,20260830,binary,low_64,B,0.15779026078817088,0.1325312666744278,4.805288906454655e-13,0.00807320000603795,93e1b6acfc80baa32dd0d2f336f5f448f61fd52ff1c4ddca26572745f41b8126,1.0
robust_20260830,robust,20260830,binary,low_64,C,0.15847147369835857,0.13274792251934847,4.741437889328002e-13,0.008075100005953573,90aa528e3b0d25b185da75e1e8a1e6076a713a1a50a42bc2c9a40d321a002108,1.0
robust_20260830,robust,20260830,binary,reference_128,A,0.15636503600443405,0.14563743643712004,1.8912613559771846e-12,0.03873529999691527,af53b90d5fc14784fb5c84b999ba237b24552a9cadbdcf0a0dd8c0a0ce9ef7e9,1.0
robust_20260830,robust,20260830,binary,reference_128,B,0.15651550878082005,0.1340881824833405,1.8526779829949355e-12,0.039197499994770624,bbeb7c4ffc720580645cfb2e4e9848a8cc65f61cfcc6814354ce969350b03639,1.0
robust_20260830,robust,20260830,binary,reference_128,C,0.1571929997857364,0.13424641121120776,1.8318373724850774e-12,0.040185400008340366,29c68d61bf482209936e516c42a14936fc5275bcb6b40cb0562162a10114f0c8,1.0
robust_20260830,robust,20260830,binary,reference_256,A,0.15615921571593164,0.14589184161384983,7.407332109399596e-12,0.2017998999945121,7c78f0971ecf036d6450fcb6af4d93c3944a0c01e6a0a71442f423c3d28f6f39,1.0
robust_20260830,robust,20260830,binary,reference_256,B,0.15596201520729633,0.13429339572742116,7.487745646739402e-12,0.20236909999221098,f261e16618c55f0b25eebf8bfb4b9c18d6cd2ab537ace816aa489d24a494b825,1.0
robust_20260830,robust,20260830,binary,reference_256,C,0.15663546358885735,0.13444283455287584,7.647565073976365e-12,0.20139349999953993,6319647686ca9ac3aa927953f9fa82c84dc41ed500f0c150a9f133d3a226fbfa,1.0
uniform_relaxed,uniform,,continuous,reference_128,A,0.6694036609079493,0.6301419332754294,1.156620034339357e-12,0.039246800006367266,af53b90d5fc14784fb5c84b999ba237b24552a9cadbdcf0a0dd8c0a0ce9ef7e9,1.0
uniform_relaxed,uniform,,continuous,reference_128,B,0.7181674331815,0.6176781495220736,1.1239163647321338e-12,0.03961400000844151,bbeb7c4ffc720580645cfb2e4e9848a8cc65f61cfcc6814354ce969350b03639,1.0
uniform_relaxed,uniform,,continuous,reference_128,C,0.7181674331815044,0.6176781495220763,1.1260671250526962e-12,0.03907230000186246,29c68d61bf482209936e516c42a14936fc5275bcb6b40cb0562162a10114f0c8,1.0
single_A_20260828_continuous,single_A,20260828,continuous,reference_128,A,0.10774888977313664,0.10464118100173408,1.3424387734557705e-12,0.03938679999555461,af53b90d5fc14784fb5c84b999ba237b24552a9cadbdcf0a0dd8c0a0ce9ef7e9,1.0
single_A_20260828_continuous,single_A,20260828,continuous,reference_128,B,0.319003689446241,0.16813141267870638,1.2209615544610702e-12,0.039511399998445995,bbeb7c4ffc720580645cfb2e4e9848a8cc65f61cfcc6814354ce969350b03639,1.0
single_A_20260828_continuous,single_A,20260828,continuous,reference_128,C,0.31593347107198205,0.16828529419570074,1.2185812078639113e-12,0.038975700008450076,29c68d61bf482209936e516c42a14936fc5275bcb6b40cb0562162a10114f0c8,1.0
single_A_20260829_continuous,single_A,20260829,continuous,reference_128,A,0.10768191146315716,0.1045996663062175,1.3296910210922632e-12,0.03923260000010487,af53b90d5fc14784fb5c84b999ba237b24552a9cadbdcf0a0dd8c0a0ce9ef7e9,1.0
single_A_20260829_continuous,single_A,20260829,continuous,reference_128,B,0.3184679683324788,0.16926555195689427,1.2196145209681249e-12,0.03942349999852013,bbeb7c4ffc720580645cfb2e4e9848a8cc65f61cfcc6814354ce969350b03639,1.0
single_A_20260829_continuous,single_A,20260829,continuous,reference_128,C,0.31627538240293174,0.1684206022290649,1.2491760083584372e-12,0.03900949998933356,29c68d61bf482209936e516c42a14936fc5275bcb6b40cb0562162a10114f0c8,1.0
single_A_20260830_continuous,single_A,20260830,continuous,reference_128,A,0.107814260132941,0.10466652164362966,1.3234883506538769e-12,0.04166790000454057,af53b90d5fc14784fb5c84b999ba237b24552a9cadbdcf0a0dd8c0a0ce9ef7e9,1.0
single_A_20260830_continuous,single_A,20260830,continuous,reference_128,B,0.31751168372397076,0.16880042121836705,1.2508139701350754e-12,0.03869630000554025,bbeb7c4ffc720580645cfb2e4e9848a8cc65f61cfcc6814354ce969350b03639,1.0
single_A_20260830_continuous,single_A,20260830,continuous,reference_128,C,0.32227395984212454,0.17061845144729842,1.2411889431499476e-12,0.04016449999471661,29c68d61bf482209936e516c42a14936fc5275bcb6b40cb0562162a10114f0c8,1.0
robust_20260828_continuous,robust,20260828,continuous,reference_128,A,0.1566265740776383,0.14593945774331477,1.8097766372267146e-12,0.03872199999750592,af53b90d5fc14784fb5c84b999ba237b24552a9cadbdcf0a0dd8c0a0ce9ef7e9,1.0
robust_20260828_continuous,robust,20260828,continuous,reference_128,B,0.1574346020148497,0.13408773629634005,1.8456895833123224e-12,0.03897850000066683,bbeb7c4ffc720580645cfb2e4e9848a8cc65f61cfcc6814354ce969350b03639,1.0
robust_20260828_continuous,robust,20260828,continuous,reference_128,C,0.15784619132851802,0.13449871901475743,1.8590180692656617e-12,0.038920200007851236,29c68d61bf482209936e516c42a14936fc5275bcb6b40cb0562162a10114f0c8,1.0
robust_20260829_continuous,robust,20260829,continuous,reference_128,A,0.15823130040705746,0.14726595950865456,1.7452259969141116e-12,0.03871429999708198,af53b90d5fc14784fb5c84b999ba237b24552a9cadbdcf0a0dd8c0a0ce9ef7e9,1.0
robust_20260829_continuous,robust,20260829,continuous,reference_128,B,0.15869594441431834,0.13512813105831187,1.862334488301302e-12,0.038904499990167096,bbeb7c4ffc720580645cfb2e4e9848a8cc65f61cfcc6814354ce969350b03639,1.0
robust_20260829_continuous,robust,20260829,continuous,reference_128,C,0.15738767369282364,0.13462087934681416,1.7664892123950975e-12,0.03931920000468381,29c68d61bf482209936e516c42a14936fc5275bcb6b40cb0562162a10114f0c8,1.0
robust_20260830_continuous,robust,20260830,continuous,reference_128,A,0.15690394650444908,0.1461820554007136,1.7867717704847667e-12,0.039105399991967715,af53b90d5fc14784fb5c84b999ba237b24552a9cadbdcf0a0dd8c0a0ce9ef7e9,1.0
robust_20260830_continuous,robust,20260830,continuous,reference_128,B,0.15784482215257192,0.1349699254513078,1.8458302641783492e-12,0.03937120000773575,bbeb7c4ffc720580645cfb2e4e9848a8cc65f61cfcc6814354ce969350b03639,1.0
robust_20260830_continuous,robust,20260830,continuous,reference_128,C,0.15829579732380022,0.13504403356425046,1.8345791918767738e-12,0.0393093000020599,29c68d61bf482209936e516c42a14936fc5275bcb6b40cb0562162a10114f0c8,1.0
