candidate_id,case_id,grid_ny,grid_nx,design_hash_64,material_fraction,scenario_A_peak,scenario_B_peak,scenario_C_peak,scenario_A_residual,scenario_B_residual,scenario_C_residual,worst_peak,k_high,wall_seconds
random_filtered_seed_9101,shift_A_1_left,256,256,2f1356721e17051c58c11cdfd1638307a7251dd5656a9beb2f26bab8ad08c9f2,0.25,0.523213809891925,0.5913331056800399,0.48862023716050934,2.2081583448567566e-11,2.0167822867762384e-11,2.2979324754731748e-11,0.5913331056800399,20.0,0.6325666000047931
random_filtered_seed_9102,shift_A_1_left,256,256,660787503acb6bb82e07527b29282439058c85dc59dbf2feb202033d290e8172,0.25,0.4549196966577719,0.4967316775543087,0.5415047970605279,2.1975481703744906e-11,2.300088622884863e-11,2.2048293027070123e-11,0.5415047970605279,20.0,0.6135829999984708
random_filtered_seed_9103,shift_A_1_left,256,256,248fe4585c1bac0ec2fd67aaff4e8498debf99c87b647a57a9d009e935d776dc,0.25,0.5117815555676164,0.5218829818933081,0.5791671539152953,2.3846052345097085e-11,2.385856840531268e-11,2.409382300637203e-11,0.5791671539152953,20.0,0.6111822999955621
straight_path,shift_A_1_left,256,256,57649ac473a6a76edb7273831f2b0574ad161b66d511727e536db316df5c6ce4,0.25,0.12771191661642634,0.31694179815032125,0.31694179815031337,7.961803403243994e-12,7.391204687431802e-12,7.413941205243471e-12,0.31694179815032125,20.0,0.6077953000058187
evenly_dispersed_binary,shift_A_1_left,256,256,b8833787d8d703775992a5d3ac5378d7d0b7e24496917de225ba10962a8c613b,0.25,0.544066814783715,0.5833190516349486,0.5849495361189074,2.1581889900498903e-11,2.170283058083174e-11,2.1756926147835962e-11,0.5849495361189074,20.0,0.6154606000054628
single_A_20260828,shift_A_1_left,256,256,2bcc42fcc0dc8d29413adb4db8ff40a96bbef715d2c382b91b644ba38c9be2d1,0.25048828125,0.1068360191225644,0.3173623196911966,0.31459422717943425,5.3088323271583665e-12,5.0738607997926346e-12,4.961052445930689e-12,0.3173623196911966,20.0,0.6089556999941124
single_A_20260829,shift_A_1_left,256,256,2d0de72cec5f92d16c3a0534c9bd67e6cf0d777b6fb9e573c0104fc44caa8d8a,0.250244140625,0.10768049903758142,0.317343319776924,0.31601846114328797,5.338593704164303e-12,4.967112853757618e-12,4.9419909453731396e-12,0.317343319776924,20.0,0.6080818000045838
single_A_20260830,shift_A_1_left,256,256,5019dafb2f1462cbfcd955a51960603d8c046303897e2835d9a5d8820f5596a5,0.25048828125,0.10755451106486526,0.3162283111856872,0.3211513095413453,5.222951712908316e-12,4.944675823429319e-12,4.9654942265296865e-12,0.3211513095413453,20.0,0.6067150000017136
robust_20260828,shift_A_1_left,256,256,f37d26b6f37ecf0a1e8831d1a8ec583d22c852a33bbeccd99a9c7052e38d0a99,0.2509765625,0.15614765124683383,0.15596395806562802,0.156506824943584,7.33691734201588e-12,7.525272489260482e-12,7.538390297996635e-12,0.156506824943584,20.0,0.6097462000034284
robust_20260829,shift_A_1_left,256,256,934d30af2703bd5357fbccaa7ae73c7f864bf016860b291a62fec01d06459387,0.2509765625,0.15732143919266967,0.15737556496888783,0.15562258325449235,7.40991964677891e-12,7.587633429414703e-12,7.309671493784678e-12,0.15737556496888783,20.0,0.613064499993925
robust_20260830,shift_A_1_left,256,256,acedf86e13b27f0476e96abd9fdb41e0559eeee92171e6cc653610115510d915,0.251220703125,0.1562152478061777,0.15596201520729633,0.15663546358885735,7.546825808338782e-12,7.487745646739402e-12,7.647565073976365e-12,0.15663546358885735,20.0,0.6109298000083072
random_filtered_seed_9101,shift_A_1_right,256,256,2f1356721e17051c58c11cdfd1638307a7251dd5656a9beb2f26bab8ad08c9f2,0.25,0.5217831389851352,0.5913331056800399,0.48862023716050934,2.2221286213447098e-11,2.0167822867762384e-11,2.2979324754731748e-11,0.5913331056800399,20.0,0.6117287000088254
random_filtered_seed_9102,shift_A_1_right,256,256,660787503acb6bb82e07527b29282439058c85dc59dbf2feb202033d290e8172,0.25,0.45687363021756855,0.4967316775543087,0.5415047970605279,2.1788053834450626e-11,2.300088622884863e-11,2.2048293027070123e-11,0.5415047970605279,20.0,0.6148075999954017
random_filtered_seed_9103,shift_A_1_right,256,256,248fe4585c1bac0ec2fd67aaff4e8498debf99c87b647a57a9d009e935d776dc,0.25,0.5117244349290206,0.5218829818933081,0.5791671539152953,2.366477216368386e-11,2.385856840531268e-11,2.409382300637203e-11,0.5791671539152953,20.0,0.6090270999993663
straight_path,shift_A_1_right,256,256,57649ac473a6a76edb7273831f2b0574ad161b66d511727e536db316df5c6ce4,0.25,0.1277119166164264,0.31694179815032125,0.31694179815031337,8.066555221180502e-12,7.391204687431802e-12,7.413941205243471e-12,0.31694179815032125,20.0,0.6143276000075275
evenly_dispersed_binary,shift_A_1_right,256,256,b8833787d8d703775992a5d3ac5378d7d0b7e24496917de225ba10962a8c613b,0.25,0.5441249953322652,0.5833190516349486,0.5849495361189074,2.1256211115028466e-11,2.170283058083174e-11,2.1756926147835962e-11,0.5849495361189074,20.0,0.6151899000105914
single_A_20260828,shift_A_1_right,256,256,2bcc42fcc0dc8d29413adb4db8ff40a96bbef715d2c382b91b644ba38c9be2d1,0.25048828125,0.10763707724710035,0.3173623196911966,0.31459422717943425,5.361916372960428e-12,5.0738607997926346e-12,4.961052445930689e-12,0.3173623196911966,20.0,0.6096926999889547
single_A_20260829,shift_A_1_right,256,256,2d0de72cec5f92d16c3a0534c9bd67e6cf0d777b6fb9e573c0104fc44caa8d8a,0.250244140625,0.1076301429025278,0.317343319776924,0.31601846114328797,5.295315990154307e-12,4.967112853757618e-12,4.9419909453731396e-12,0.317343319776924,20.0,0.6072787000011886
single_A_20260830,shift_A_1_right,256,256,5019dafb2f1462cbfcd955a51960603d8c046303897e2835d9a5d8820f5596a5,0.25048828125,0.1077090071637236,0.3162283111856872,0.3211513095413453,5.258302115518529e-12,4.944675823429319e-12,4.9654942265296865e-12,0.3211513095413453,20.0,0.6067403000051854
robust_20260828,shift_A_1_right,256,256,f37d26b6f37ecf0a1e8831d1a8ec583d22c852a33bbeccd99a9c7052e38d0a99,0.2509765625,0.15616312362934887,0.15596395806562802,0.156506824943584,7.338140542529653e-12,7.525272489260482e-12,7.538390297996635e-12,0.156506824943584,20.0,0.6085863000043901
robust_20260829,shift_A_1_right,256,256,934d30af2703bd5357fbccaa7ae73c7f864bf016860b291a62fec01d06459387,0.2509765625,0.1576320815036557,0.15737556496888783,0.15562258325449235,7.276895141750703e-12,7.587633429414703e-12,7.309671493784678e-12,0.1576320815036557,20.0,0.6102300000056857
robust_20260830,shift_A_1_right,256,256,acedf86e13b27f0476e96abd9fdb41e0559eeee92171e6cc653610115510d915,0.251220703125,0.15609996189868328,0.15596201520729633,0.15663546358885735,7.424618183708977e-12,7.487745646739402e-12,7.647565073976365e-12,0.15663546358885735,20.0,0.6154343999951379
random_filtered_seed_9101,shift_A_1_up,256,256,2f1356721e17051c58c11cdfd1638307a7251dd5656a9beb2f26bab8ad08c9f2,0.25,0.52598581734974,0.5913331056800399,0.48862023716050934,2.241540418140523e-11,2.0167822867762384e-11,2.2979324754731748e-11,0.5913331056800399,20.0,0.6078143000049749
random_filtered_seed_9102,shift_A_1_up,256,256,660787503acb6bb82e07527b29282439058c85dc59dbf2feb202033d290e8172,0.25,0.4572044747888231,0.4967316775543087,0.5415047970605279,2.193308188824713e-11,2.300088622884863e-11,2.2048293027070123e-11,0.5415047970605279,20.0,0.6098271000082605
random_filtered_seed_9103,shift_A_1_up,256,256,248fe4585c1bac0ec2fd67aaff4e8498debf99c87b647a57a9d009e935d776dc,0.25,0.5150815625983984,0.5218829818933081,0.5791671539152953,2.3776376397845947e-11,2.385856840531268e-11,2.409382300637203e-11,0.5791671539152953,20.0,0.6089346999942791
straight_path,shift_A_1_up,256,256,57649ac473a6a76edb7273831f2b0574ad161b66d511727e536db316df5c6ce4,0.25,0.12838872413971045,0.31694179815032125,0.31694179815031337,8.100261424338593e-12,7.391204687431802e-12,7.413941205243471e-12,0.31694179815032125,20.0,0.6148710999987088
evenly_dispersed_binary,shift_A_1_up,256,256,b8833787d8d703775992a5d3ac5378d7d0b7e24496917de225ba10962a8c613b,0.25,0.5466346420273092,0.5833190516349486,0.5849495361189074,2.11822630618754e-11,2.170283058083174e-11,2.1756926147835962e-11,0.5849495361189074,20.0,0.6241794000088703
single_A_20260828,shift_A_1_up,256,256,2bcc42fcc0dc8d29413adb4db8ff40a96bbef715d2c382b91b644ba38c9be2d1,0.25048828125,0.10860990702292295,0.3173623196911966,0.31459422717943425,5.296744500394294e-12,5.0738607997926346e-12,4.961052445930689e-12,0.3173623196911966,20.0,0.6125175000051968
single_A_20260829,shift_A_1_up,256,256,2d0de72cec5f92d16c3a0534c9bd67e6cf0d777b6fb9e573c0104fc44caa8d8a,0.250244140625,0.10864566176141494,0.317343319776924,0.31601846114328797,5.3764611853920705e-12,4.967112853757618e-12,4.9419909453731396e-12,0.317343319776924,20.0,0.6136856000084663
single_A_20260830,shift_A_1_up,256,256,5019dafb2f1462cbfcd955a51960603d8c046303897e2835d9a5d8820f5596a5,0.25048828125,0.10866962499910048,0.3162283111856872,0.3211513095413453,5.321414011943488e-12,4.944675823429319e-12,4.9654942265296865e-12,0.3211513095413453,20.0,0.6183298999967519
robust_20260828,shift_A_1_up,256,256,f37d26b6f37ecf0a1e8831d1a8ec583d22c852a33bbeccd99a9c7052e38d0a99,0.2509765625,0.1600343040810046,0.15596395806562802,0.156506824943584,7.320010644719064e-12,7.525272489260482e-12,7.538390297996635e-12,0.1600343040810046,20.0,0.610713999994914
robust_20260829,shift_A_1_up,256,256,934d30af2703bd5357fbccaa7ae73c7f864bf016860b291a62fec01d06459387,0.2509765625,0.16140092248133867,0.15737556496888783,0.15562258325449235,7.274174127480418e-12,7.587633429414703e-12,7.309671493784678e-12,0.16140092248133867,20.0,0.6079327000043122
robust_20260830,shift_A_1_up,256,256,acedf86e13b27f0476e96abd9fdb41e0559eeee92171e6cc653610115510d915,0.251220703125,0.16000309766223555,0.15596201520729633,0.15663546358885735,7.469873894842134e-12,7.487745646739402e-12,7.647565073976365e-12,0.16000309766223555,20.0,0.6066977000009501
random_filtered_seed_9101,shift_A_1_down,256,256,2f1356721e17051c58c11cdfd1638307a7251dd5656a9beb2f26bab8ad08c9f2,0.25,0.5190823644074364,0.5913331056800399,0.48862023716050934,2.2238262997319467e-11,2.0167822867762384e-11,2.2979324754731748e-11,0.5913331056800399,20.0,0.6107993000041461
random_filtered_seed_9102,shift_A_1_down,256,256,660787503acb6bb82e07527b29282439058c85dc59dbf2feb202033d290e8172,0.25,0.45458835059847685,0.4967316775543087,0.5415047970605279,2.2389560883125785e-11,2.300088622884863e-11,2.2048293027070123e-11,0.5415047970605279,20.0,0.6125281999993604
random_filtered_seed_9103,shift_A_1_down,256,256,248fe4585c1bac0ec2fd67aaff4e8498debf99c87b647a57a9d009e935d776dc,0.25,0.5083742436956443,0.5218829818933081,0.5791671539152953,2.382692754550358e-11,2.385856840531268e-11,2.409382300637203e-11,0.5791671539152953,20.0,0.6197112000081688
straight_path,shift_A_1_down,256,256,57649ac473a6a76edb7273831f2b0574ad161b66d511727e536db316df5c6ce4,0.25,0.12700753357360095,0.31694179815032125,0.31694179815031337,7.985472369502875e-12,7.391204687431802e-12,7.413941205243471e-12,0.31694179815032125,20.0,0.6226488999964204
evenly_dispersed_binary,shift_A_1_down,256,256,b8833787d8d703775992a5d3ac5378d7d0b7e24496917de225ba10962a8c613b,0.25,0.5414836361429269,0.5833190516349486,0.5849495361189074,2.0946212790744955e-11,2.170283058083174e-11,2.1756926147835962e-11,0.5849495361189074,20.0,0.6241207999992184
single_A_20260828,shift_A_1_down,256,256,2bcc42fcc0dc8d29413adb4db8ff40a96bbef715d2c382b91b644ba38c9be2d1,0.25048828125,0.10589305699781024,0.3173623196911966,0.31459422717943425,5.3313635035544504e-12,5.0738607997926346e-12,4.961052445930689e-12,0.3173623196911966,20.0,0.6112963999912608
single_A_20260829,shift_A_1_down,256,256,2d0de72cec5f92d16c3a0534c9bd67e6cf0d777b6fb9e573c0104fc44caa8d8a,0.250244140625,0.10591645506423303,0.317343319776924,0.31601846114328797,5.3122157202961915e-12,4.967112853757618e-12,4.9419909453731396e-12,0.317343319776924,20.0,0.6116902999929152
single_A_20260830,shift_A_1_down,256,256,5019dafb2f1462cbfcd955a51960603d8c046303897e2835d9a5d8820f5596a5,0.25048828125,0.10593858070983482,0.3162283111856872,0.3211513095413453,5.286101632224791e-12,4.944675823429319e-12,4.9654942265296865e-12,0.3211513095413453,20.0,0.6134946000092896
robust_20260828,shift_A_1_down,256,256,f37d26b6f37ecf0a1e8831d1a8ec583d22c852a33bbeccd99a9c7052e38d0a99,0.2509765625,0.15235921016013557,0.15596395806562802,0.156506824943584,7.414411931113923e-12,7.525272489260482e-12,7.538390297996635e-12,0.156506824943584,20.0,0.6122611000027973
robust_20260829,shift_A_1_down,256,256,934d30af2703bd5357fbccaa7ae73c7f864bf016860b291a62fec01d06459387,0.2509765625,0.153618628791513,0.15737556496888783,0.15562258325449235,7.341080329591943e-12,7.587633429414703e-12,7.309671493784678e-12,0.15737556496888783,20.0,0.6113989999867044
robust_20260830,shift_A_1_down,256,256,acedf86e13b27f0476e96abd9fdb41e0559eeee92171e6cc653610115510d915,0.251220703125,0.15240009886502123,0.15596201520729633,0.15663546358885735,7.412029076729566e-12,7.487745646739402e-12,7.647565073976365e-12,0.15663546358885735,20.0,0.608903400003328
random_filtered_seed_9101,shift_A_2_left,256,256,2f1356721e17051c58c11cdfd1638307a7251dd5656a9beb2f26bab8ad08c9f2,0.25,0.52395859292218,0.5913331056800399,0.48862023716050934,2.2626167544380564e-11,2.0167822867762384e-11,2.2979324754731748e-11,0.5913331056800399,20.0,0.6092551000037929
random_filtered_seed_9102,shift_A_2_left,256,256,660787503acb6bb82e07527b29282439058c85dc59dbf2feb202033d290e8172,0.25,0.4539456112526507,0.4967316775543087,0.5415047970605279,2.195143443895726e-11,2.300088622884863e-11,2.2048293027070123e-11,0.5415047970605279,20.0,0.6146441000018967
random_filtered_seed_9103,shift_A_2_left,256,256,248fe4585c1bac0ec2fd67aaff4e8498debf99c87b647a57a9d009e935d776dc,0.25,0.5117301200034517,0.5218829818933081,0.5791671539152953,2.3997096954936165e-11,2.385856840531268e-11,2.409382300637203e-11,0.5791671539152953,20.0,0.609456100006355
straight_path,shift_A_2_left,256,256,57649ac473a6a76edb7273831f2b0574ad161b66d511727e536db316df5c6ce4,0.25,0.12775344444894526,0.31694179815032125,0.31694179815031337,8.06906208487238e-12,7.391204687431802e-12,7.413941205243471e-12,0.31694179815032125,20.0,0.6161434999958146
evenly_dispersed_binary,shift_A_2_left,256,256,b8833787d8d703775992a5d3ac5378d7d0b7e24496917de225ba10962a8c613b,0.25,0.5440757333486532,0.5833190516349486,0.5849495361189074,2.1168937020266736e-11,2.170283058083174e-11,2.1756926147835962e-11,0.5849495361189074,20.0,0.6110654000076465
single_A_20260828,shift_A_2_left,256,256,2bcc42fcc0dc8d29413adb4db8ff40a96bbef715d2c382b91b644ba38c9be2d1,0.25048828125,0.10740633568768551,0.3173623196911966,0.31459422717943425,5.31805495696164e-12,5.0738607997926346e-12,4.961052445930689e-12,0.3173623196911966,20.0,0.6116339000000153
single_A_20260829,shift_A_2_left,256,256,2d0de72cec5f92d16c3a0534c9bd67e6cf0d777b6fb9e573c0104fc44caa8d8a,0.250244140625,0.10817659484120742,0.317343319776924,0.31601846114328797,5.270996467109036e-12,4.967112853757618e-12,4.9419909453731396e-12,0.317343319776924,20.0,0.6102706999954535
single_A_20260830,shift_A_2_left,256,256,5019dafb2f1462cbfcd955a51960603d8c046303897e2835d9a5d8820f5596a5,0.25048828125,0.1080392969125465,0.3162283111856872,0.3211513095413453,5.4025061155491145e-12,4.944675823429319e-12,4.9654942265296865e-12,0.3211513095413453,20.0,0.608230600002571
robust_20260828,shift_A_2_left,256,256,f37d26b6f37ecf0a1e8831d1a8ec583d22c852a33bbeccd99a9c7052e38d0a99,0.2509765625,0.1561410764909993,0.15596395806562802,0.156506824943584,7.446093742230555e-12,7.525272489260482e-12,7.538390297996635e-12,0.156506824943584,20.0,0.6087683999940054
robust_20260829,shift_A_2_left,256,256,934d30af2703bd5357fbccaa7ae73c7f864bf016860b291a62fec01d06459387,0.2509765625,0.1571865793202044,0.15737556496888783,0.15562258325449235,7.291726046418123e-12,7.587633429414703e-12,7.309671493784678e-12,0.15737556496888783,20.0,0.616352699988056
robust_20260830,shift_A_2_left,256,256,acedf86e13b27f0476e96abd9fdb41e0559eeee92171e6cc653610115510d915,0.251220703125,0.15626559469672574,0.15596201520729633,0.15663546358885735,7.3702384753047e-12,7.487745646739402e-12,7.647565073976365e-12,0.15663546358885735,20.0,0.6232046000077389
random_filtered_seed_9101,shift_A_2_right,256,256,2f1356721e17051c58c11cdfd1638307a7251dd5656a9beb2f26bab8ad08c9f2,0.25,0.5210409109772762,0.5913331056800399,0.48862023716050934,2.2034708732750696e-11,2.0167822867762384e-11,2.2979324754731748e-11,0.5913331056800399,20.0,0.6140041000035126
random_filtered_seed_9102,shift_A_2_right,256,256,660787503acb6bb82e07527b29282439058c85dc59dbf2feb202033d290e8172,0.25,0.4578249640203745,0.4967316775543087,0.5415047970605279,2.191462689181445e-11,2.300088622884863e-11,2.2048293027070123e-11,0.5415047970605279,20.0,0.6081204000074649
random_filtered_seed_9103,shift_A_2_right,256,256,248fe4585c1bac0ec2fd67aaff4e8498debf99c87b647a57a9d009e935d776dc,0.25,0.511725786018851,0.5218829818933081,0.5791671539152953,2.3541200394496714e-11,2.385856840531268e-11,2.409382300637203e-11,0.5791671539152953,20.0,0.6072106000065105
straight_path,shift_A_2_right,256,256,57649ac473a6a76edb7273831f2b0574ad161b66d511727e536db316df5c6ce4,0.25,0.12775344444894557,0.31694179815032125,0.31694179815031337,8.057516799308379e-12,7.391204687431802e-12,7.413941205243471e-12,0.31694179815032125,20.0,0.6114571999933105
evenly_dispersed_binary,shift_A_2_right,256,256,b8833787d8d703775992a5d3ac5378d7d0b7e24496917de225ba10962a8c613b,0.25,0.5441897112972156,0.5833190516349486,0.5849495361189074,2.1225833893760693e-11,2.170283058083174e-11,2.1756926147835962e-11,0.5849495361189074,20.0,0.6066411999927368
single_A_20260828,shift_A_2_right,256,256,2bcc42fcc0dc8d29413adb4db8ff40a96bbef715d2c382b91b644ba38c9be2d1,0.25048828125,0.10811896131017192,0.3173623196911966,0.31459422717943425,5.3259920035683166e-12,5.0738607997926346e-12,4.961052445930689e-12,0.3173623196911966,20.0,0.6136648999963654
single_A_20260829,shift_A_2_right,256,256,2d0de72cec5f92d16c3a0534c9bd67e6cf0d777b6fb9e573c0104fc44caa8d8a,0.250244140625,0.10811878628476915,0.317343319776924,0.31601846114328797,5.3823856920196135e-12,4.967112853757618e-12,4.9419909453731396e-12,0.317343319776924,20.0,0.6089720000018133
single_A_20260830,shift_A_2_right,256,256,5019dafb2f1462cbfcd955a51960603d8c046303897e2835d9a5d8820f5596a5,0.25048828125,0.10820901367239023,0.3162283111856872,0.3211513095413453,5.340437719530927e-12,4.944675823429319e-12,4.9654942265296865e-12,0.3211513095413453,20.0,0.6221375000022817
robust_20260828,shift_A_2_right,256,256,f37d26b6f37ecf0a1e8831d1a8ec583d22c852a33bbeccd99a9c7052e38d0a99,0.2509765625,0.1561719094862578,0.15596395806562802,0.156506824943584,7.33189833324659e-12,7.525272489260482e-12,7.538390297996635e-12,0.156506824943584,20.0,0.611898300005123
robust_20260829,shift_A_2_right,256,256,934d30af2703bd5357fbccaa7ae73c7f864bf016860b291a62fec01d06459387,0.2509765625,0.15780243708118472,0.15737556496888783,0.15562258325449235,7.341754078424167e-12,7.587633429414703e-12,7.309671493784678e-12,0.15780243708118472,20.0,0.610198100010166
robust_20260830,shift_A_2_right,256,256,acedf86e13b27f0476e96abd9fdb41e0559eeee92171e6cc653610115510d915,0.251220703125,0.1560380643819139,0.15596201520729633,0.15663546358885735,7.49672212909746e-12,7.487745646739402e-12,7.647565073976365e-12,0.15663546358885735,20.0,0.611613999994006
random_filtered_seed_9101,shift_A_2_up,256,256,2f1356721e17051c58c11cdfd1638307a7251dd5656a9beb2f26bab8ad08c9f2,0.25,0.5294524017225317,0.5913331056800399,0.48862023716050934,2.2864592282176834e-11,2.0167822867762384e-11,2.2979324754731748e-11,0.5913331056800399,20.0,0.6397205999965081
random_filtered_seed_9102,shift_A_2_up,256,256,660787503acb6bb82e07527b29282439058c85dc59dbf2feb202033d290e8172,0.25,0.4584658421139466,0.4967316775543087,0.5415047970605279,2.2113585604396856e-11,2.300088622884863e-11,2.2048293027070123e-11,0.5415047970605279,20.0,0.6238332999928389
random_filtered_seed_9103,shift_A_2_up,256,256,248fe4585c1bac0ec2fd67aaff4e8498debf99c87b647a57a9d009e935d776dc,0.25,0.5184067741647792,0.5218829818933081,0.5791671539152953,2.394171139266468e-11,2.385856840531268e-11,2.409382300637203e-11,0.5791671539152953,20.0,0.6175117999955546
straight_path,shift_A_2_up,256,256,57649ac473a6a76edb7273831f2b0574ad161b66d511727e536db316df5c6ce4,0.25,0.12907991170156155,0.31694179815032125,0.31694179815031337,8.057700320597446e-12,7.391204687431802e-12,7.413941205243471e-12,0.31694179815032125,20.0,0.6094616000045789
evenly_dispersed_binary,shift_A_2_up,256,256,b8833787d8d703775992a5d3ac5378d7d0b7e24496917de225ba10962a8c613b,0.25,0.5492438495573714,0.5833190516349486,0.5849495361189074,2.1225540058483018e-11,2.170283058083174e-11,2.1756926147835962e-11,0.5849495361189074,20.0,0.6201260999951046
single_A_20260828,shift_A_2_up,256,256,2bcc42fcc0dc8d29413adb4db8ff40a96bbef715d2c382b91b644ba38c9be2d1,0.25048828125,0.11019989422184014,0.3173623196911966,0.31459422717943425,5.38220400221551e-12,5.0738607997926346e-12,4.961052445930689e-12,0.3173623196911966,20.0,0.6120630000077654
single_A_20260829,shift_A_2_up,256,256,2d0de72cec5f92d16c3a0534c9bd67e6cf0d777b6fb9e573c0104fc44caa8d8a,0.250244140625,0.11024550039916292,0.317343319776924,0.31601846114328797,5.325213518435006e-12,4.967112853757618e-12,4.9419909453731396e-12,0.317343319776924,20.0,0.6087160999886692
single_A_20260830,shift_A_2_up,256,256,5019dafb2f1462cbfcd955a51960603d8c046303897e2835d9a5d8820f5596a5,0.25048828125,0.11026959352499138,0.3162283111856872,0.3211513095413453,5.3271228139839746e-12,4.944675823429319e-12,4.9654942265296865e-12,0.3211513095413453,20.0,0.612558299995726
robust_20260828,shift_A_2_up,256,256,f37d26b6f37ecf0a1e8831d1a8ec583d22c852a33bbeccd99a9c7052e38d0a99,0.2509765625,0.16399363315040447,0.15596395806562802,0.156506824943584,7.478085593722248e-12,7.525272489260482e-12,7.538390297996635e-12,0.16399363315040447,20.0,0.6190816000016639
robust_20260829,shift_A_2_up,256,256,934d30af2703bd5357fbccaa7ae73c7f864bf016860b291a62fec01d06459387,0.2509765625,0.16540868524461055,0.15737556496888783,0.15562258325449235,7.281979380716578e-12,7.587633429414703e-12,7.309671493784678e-12,0.16540868524461055,20.0,0.6117623000027379
robust_20260830,shift_A_2_up,256,256,acedf86e13b27f0476e96abd9fdb41e0559eeee92171e6cc653610115510d915,0.251220703125,0.16392832655976,0.15596201520729633,0.15663546358885735,7.518427252901984e-12,7.487745646739402e-12,7.647565073976365e-12,0.16392832655976,20.0,0.6127609000104712
random_filtered_seed_9101,shift_A_2_down,256,256,2f1356721e17051c58c11cdfd1638307a7251dd5656a9beb2f26bab8ad08c9f2,0.25,0.5157684459472154,0.5913331056800399,0.48862023716050934,2.2571966586699143e-11,2.0167822867762384e-11,2.2979324754731748e-11,0.5913331056800399,20.0,0.608623299995088
random_filtered_seed_9102,shift_A_2_down,256,256,660787503acb6bb82e07527b29282439058c85dc59dbf2feb202033d290e8172,0.25,0.4532607858218101,0.4967316775543087,0.5415047970605279,2.1750210442379162e-11,2.300088622884863e-11,2.2048293027070123e-11,0.5415047970605279,20.0,0.6168057000031695
random_filtered_seed_9103,shift_A_2_down,256,256,248fe4585c1bac0ec2fd67aaff4e8498debf99c87b647a57a9d009e935d776dc,0.25,0.5049649433402048,0.5218829818933081,0.5791671539152953,2.3618986469197085e-11,2.385856840531268e-11,2.409382300637203e-11,0.5791671539152953,20.0,0.6172455999912927
straight_path,shift_A_2_down,256,256,57649ac473a6a76edb7273831f2b0574ad161b66d511727e536db316df5c6ce4,0.25,0.12631750222174176,0.31694179815032125,0.31694179815031337,7.962331404736206e-12,7.391204687431802e-12,7.413941205243471e-12,0.31694179815032125,20.0,0.6107807999942452
evenly_dispersed_binary,shift_A_2_down,256,256,b8833787d8d703775992a5d3ac5378d7d0b7e24496917de225ba10962a8c613b,0.25,0.5387892113496443,0.5833190516349486,0.5849495361189074,2.117524668801602e-11,2.170283058083174e-11,2.1756926147835962e-11,0.5849495361189074,20.0,0.6191544000030262
single_A_20260828,shift_A_2_down,256,256,2bcc42fcc0dc8d29413adb4db8ff40a96bbef715d2c382b91b644ba38c9be2d1,0.25048828125,0.10479687716618344,0.3173623196911966,0.31459422717943425,5.3270010726499104e-12,5.0738607997926346e-12,4.961052445930689e-12,0.3173623196911966,20.0,0.6107265000027837
single_A_20260829,shift_A_2_down,256,256,2d0de72cec5f92d16c3a0534c9bd67e6cf0d777b6fb9e573c0104fc44caa8d8a,0.250244140625,0.10481146747416498,0.317343319776924,0.31601846114328797,5.316827542273406e-12,4.967112853757618e-12,4.9419909453731396e-12,0.317343319776924,20.0,0.6117979999980889
single_A_20260830,shift_A_2_down,256,256,5019dafb2f1462cbfcd955a51960603d8c046303897e2835d9a5d8820f5596a5,0.25048828125,0.10482697703086771,0.3162283111856872,0.3211513095413453,5.2374912600386e-12,4.944675823429319e-12,4.9654942265296865e-12,0.3211513095413453,20.0,0.6119472999998834
robust_20260828,shift_A_2_down,256,256,f37d26b6f37ecf0a1e8831d1a8ec583d22c852a33bbeccd99a9c7052e38d0a99,0.2509765625,0.1486515886051248,0.15596395806562802,0.156506824943584,7.359070412934422e-12,7.525272489260482e-12,7.538390297996635e-12,0.156506824943584,20.0,0.6117884000123013
robust_20260829,shift_A_2_down,256,256,934d30af2703bd5357fbccaa7ae73c7f864bf016860b291a62fec01d06459387,0.2509765625,0.1498459108911074,0.15737556496888783,0.15562258325449235,7.296440587926172e-12,7.587633429414703e-12,7.309671493784678e-12,0.15737556496888783,20.0,0.6171803999895928
robust_20260830,shift_A_2_down,256,256,acedf86e13b27f0476e96abd9fdb41e0559eeee92171e6cc653610115510d915,0.251220703125,0.14873001828077081,0.15596201520729633,0.15663546358885735,7.446177224229402e-12,7.487745646739402e-12,7.647565073976365e-12,0.15663546358885735,20.0,0.620367499999702
random_filtered_seed_9101,shift_B_1_left,256,256,2f1356721e17051c58c11cdfd1638307a7251dd5656a9beb2f26bab8ad08c9f2,0.25,0.5225091495369487,0.5937015814183971,0.48862023716050934,2.2229155391873213e-11,2.0432399138842488e-11,2.2979324754731748e-11,0.5937015814183971,20.0,0.612639200000558
random_filtered_seed_9102,shift_B_1_left,256,256,660787503acb6bb82e07527b29282439058c85dc59dbf2feb202033d290e8172,0.25,0.4559064735578981,0.4964404512850838,0.5415047970605279,2.1887773401332406e-11,2.316406596750306e-11,2.2048293027070123e-11,0.5415047970605279,20.0,0.6094944999931613
random_filtered_seed_9103,shift_B_1_left,256,256,248fe4585c1bac0ec2fd67aaff4e8498debf99c87b647a57a9d009e935d776dc,0.25,0.5117722170462393,0.5227223983349996,0.5791671539152953,2.3854948175971906e-11,2.408902073101786e-11,2.409382300637203e-11,0.5791671539152953,20.0,0.612367900001118
straight_path,shift_B_1_left,256,256,57649ac473a6a76edb7273831f2b0574ad161b66d511727e536db316df5c6ce4,0.25,0.12769793624923825,0.3230678557488895,0.31694179815031337,8.060270556133302e-12,7.275266761902008e-12,7.413941205243471e-12,0.3230678557488895,20.0,0.6152454999973997
evenly_dispersed_binary,shift_B_1_left,256,256,b8833787d8d703775992a5d3ac5378d7d0b7e24496917de225ba10962a8c613b,0.25,0.544083054924187,0.5848379102943964,0.5849495361189074,2.1422474857255522e-11,2.1684749095060024e-11,2.1756926147835962e-11,0.5849495361189074,20.0,0.61177730000054
single_A_20260828,shift_B_1_left,256,256,2bcc42fcc0dc8d29413adb4db8ff40a96bbef715d2c382b91b644ba38c9be2d1,0.25048828125,0.10718755478835461,0.32356636069565536,0.31459422717943425,5.3303893626756595e-12,4.927137122728407e-12,4.961052445930689e-12,0.32356636069565536,20.0,0.6137072000128683
single_A_20260829,shift_B_1_left,256,256,2d0de72cec5f92d16c3a0534c9bd67e6cf0d777b6fb9e573c0104fc44caa8d8a,0.250244140625,0.10721574450037244,0.3235349665336072,0.31601846114328797,5.358510273179849e-12,5.058288681843207e-12,4.9419909453731396e-12,0.3235349665336072,20.0,0.6145516000105999
single_A_20260830,shift_B_1_left,256,256,5019dafb2f1462cbfcd955a51960603d8c046303897e2835d9a5d8820f5596a5,0.25048828125,0.10723987678375418,0.32239468351033435,0.3211513095413453,5.3034057022574545e-12,4.935414567463632e-12,4.9654942265296865e-12,0.32239468351033435,20.0,0.619123500000569
robust_20260828,shift_B_1_left,256,256,f37d26b6f37ecf0a1e8831d1a8ec583d22c852a33bbeccd99a9c7052e38d0a99,0.2509765625,0.15615495681263328,0.15847191881037723,0.156506824943584,7.457370696019172e-12,7.639146376797466e-12,7.538390297996635e-12,0.15847191881037723,20.0,0.6127347000001464
robust_20260829,shift_B_1_left,256,256,934d30af2703bd5357fbccaa7ae73c7f864bf016860b291a62fec01d06459387,0.2509765625,0.1574716324313547,0.15895138075747742,0.15562258325449235,7.343194487175408e-12,7.739878377989331e-12,7.309671493784678e-12,0.15895138075747742,20.0,0.613453899990418
robust_20260830,shift_B_1_left,256,256,acedf86e13b27f0476e96abd9fdb41e0559eeee92171e6cc653610115510d915,0.251220703125,0.15615921571593164,0.15807320962468135,0.15663546358885735,7.407332109399596e-12,7.484553692532233e-12,7.647565073976365e-12,0.15807320962468135,20.0,0.6112905999907525
random_filtered_seed_9101,shift_B_1_right,256,256,2f1356721e17051c58c11cdfd1638307a7251dd5656a9beb2f26bab8ad08c9f2,0.25,0.5225091495369487,0.5890521896678989,0.48862023716050934,2.2229155391873213e-11,2.0799548975200256e-11,2.2979324754731748e-11,0.5890521896678989,20.0,0.6163041000108933
random_filtered_seed_9102,shift_B_1_right,256,256,660787503acb6bb82e07527b29282439058c85dc59dbf2feb202033d290e8172,0.25,0.4559064735578981,0.49698391571499634,0.5415047970605279,2.1887773401332406e-11,2.291714702027309e-11,2.2048293027070123e-11,0.5415047970605279,20.0,0.6302433999953791
random_filtered_seed_9103,shift_B_1_right,256,256,248fe4585c1bac0ec2fd67aaff4e8498debf99c87b647a57a9d009e935d776dc,0.25,0.5117722170462393,0.5210283743788541,0.5791671539152953,2.3854948175971906e-11,2.372299527052854e-11,2.409382300637203e-11,0.5791671539152953,20.0,0.6192120000050636
straight_path,shift_B_1_right,256,256,57649ac473a6a76edb7273831f2b0574ad161b66d511727e536db316df5c6ce4,0.25,0.12769793624923825,0.31089193572003476,0.31694179815031337,8.060270556133302e-12,7.325699091461195e-12,7.413941205243471e-12,0.31694179815031337,20.0,0.6189785000024131
evenly_dispersed_binary,shift_B_1_right,256,256,b8833787d8d703775992a5d3ac5378d7d0b7e24496917de225ba10962a8c613b,0.25,0.544083054924187,0.5818149612092957,0.5849495361189074,2.1422474857255522e-11,2.1795464947341344e-11,2.1756926147835962e-11,0.5849495361189074,20.0,0.6187365999940084
single_A_20260828,shift_B_1_right,256,256,2bcc42fcc0dc8d29413adb4db8ff40a96bbef715d2c382b91b644ba38c9be2d1,0.25048828125,0.10718755478835461,0.31116311934559016,0.31459422717943425,5.3303893626756595e-12,4.998806222309734e-12,4.961052445930689e-12,0.31459422717943425,20.0,0.6163671999966027
single_A_20260829,shift_B_1_right,256,256,2d0de72cec5f92d16c3a0534c9bd67e6cf0d777b6fb9e573c0104fc44caa8d8a,0.250244140625,0.10721574450037244,0.31116989119946525,0.31601846114328797,5.358510273179849e-12,4.969872885761513e-12,4.9419909453731396e-12,0.31601846114328797,20.0,0.6117872000031639
single_A_20260830,shift_B_1_right,256,256,5019dafb2f1462cbfcd955a51960603d8c046303897e2835d9a5d8820f5596a5,0.25048828125,0.10723987678375418,0.3100802927518701,0.3211513095413453,5.3034057022574545e-12,4.97479807574362e-12,4.9654942265296865e-12,0.3211513095413453,20.0,0.6134887999942293
robust_20260828,shift_B_1_right,256,256,f37d26b6f37ecf0a1e8831d1a8ec583d22c852a33bbeccd99a9c7052e38d0a99,0.2509765625,0.15615495681263328,0.15406993883079073,0.156506824943584,7.457370696019172e-12,7.486968729049153e-12,7.538390297996635e-12,0.156506824943584,20.0,0.6149579999910202
robust_20260829,shift_B_1_right,256,256,934d30af2703bd5357fbccaa7ae73c7f864bf016860b291a62fec01d06459387,0.2509765625,0.1574716324313547,0.15598159065030104,0.15562258325449235,7.343194487175408e-12,7.596364095357733e-12,7.309671493784678e-12,0.1574716324313547,20.0,0.619979000010062
robust_20260830,shift_B_1_right,256,256,acedf86e13b27f0476e96abd9fdb41e0559eeee92171e6cc653610115510d915,0.251220703125,0.15615921571593164,0.15417609090066553,0.15663546358885735,7.407332109399596e-12,7.492529390939294e-12,7.647565073976365e-12,0.15663546358885735,20.0,0.6150892000005115
random_filtered_seed_9101,shift_B_1_up,256,256,2f1356721e17051c58c11cdfd1638307a7251dd5656a9beb2f26bab8ad08c9f2,0.25,0.5225091495369487,0.5943283736690178,0.48862023716050934,2.2229155391873213e-11,2.0878190481628893e-11,2.2979324754731748e-11,0.5943283736690178,20.0,0.6115535000135424
random_filtered_seed_9102,shift_B_1_up,256,256,660787503acb6bb82e07527b29282439058c85dc59dbf2feb202033d290e8172,0.25,0.4559064735578981,0.5001163514232566,0.5415047970605279,2.1887773401332406e-11,2.3007059306300588e-11,2.2048293027070123e-11,0.5415047970605279,20.0,0.6600010999973165
random_filtered_seed_9103,shift_B_1_up,256,256,248fe4585c1bac0ec2fd67aaff4e8498debf99c87b647a57a9d009e935d776dc,0.25,0.5117722170462393,0.5234296399583911,0.5791671539152953,2.3854948175971906e-11,2.3823858101302673e-11,2.409382300637203e-11,0.5791671539152953,20.0,0.6449542999907862
straight_path,shift_B_1_up,256,256,57649ac473a6a76edb7273831f2b0574ad161b66d511727e536db316df5c6ce4,0.25,0.12769793624923825,0.3180985052399126,0.31694179815031337,8.060270556133302e-12,7.2717220526534734e-12,7.413941205243471e-12,0.3180985052399126,20.0,0.6439810000010766
evenly_dispersed_binary,shift_B_1_up,256,256,b8833787d8d703775992a5d3ac5378d7d0b7e24496917de225ba10962a8c613b,0.25,0.544083054924187,0.5861283463995537,0.5849495361189074,2.1422474857255522e-11,2.1487370249373392e-11,2.1756926147835962e-11,0.5861283463995537,20.0,0.6151121000002604
single_A_20260828,shift_B_1_up,256,256,2bcc42fcc0dc8d29413adb4db8ff40a96bbef715d2c382b91b644ba38c9be2d1,0.25048828125,0.10718755478835461,0.32056748086496417,0.31459422717943425,5.3303893626756595e-12,4.922725063545981e-12,4.961052445930689e-12,0.32056748086496417,20.0,0.6157098999974551
single_A_20260829,shift_B_1_up,256,256,2d0de72cec5f92d16c3a0534c9bd67e6cf0d777b6fb9e573c0104fc44caa8d8a,0.250244140625,0.10721574450037244,0.32064426447705224,0.31601846114328797,5.358510273179849e-12,4.995886377568291e-12,4.9419909453731396e-12,0.32064426447705224,20.0,0.6120298000023467
single_A_20260830,shift_B_1_up,256,256,5019dafb2f1462cbfcd955a51960603d8c046303897e2835d9a5d8820f5596a5,0.25048828125,0.10723987678375418,0.31955157993612926,0.3211513095413453,5.3034057022574545e-12,4.944392734280924e-12,4.9654942265296865e-12,0.3211513095413453,20.0,0.6165187000005972
robust_20260828,shift_B_1_up,256,256,f37d26b6f37ecf0a1e8831d1a8ec583d22c852a33bbeccd99a9c7052e38d0a99,0.2509765625,0.15615495681263328,0.1579876267764563,0.156506824943584,7.457370696019172e-12,7.440230115089541e-12,7.538390297996635e-12,0.1579876267764563,20.0,0.6207496999995783
robust_20260829,shift_B_1_up,256,256,934d30af2703bd5357fbccaa7ae73c7f864bf016860b291a62fec01d06459387,0.2509765625,0.1574716324313547,0.1594320960732259,0.15562258325449235,7.343194487175408e-12,7.584722108259558e-12,7.309671493784678e-12,0.1594320960732259,20.0,0.6231360999954632
robust_20260830,shift_B_1_up,256,256,acedf86e13b27f0476e96abd9fdb41e0559eeee92171e6cc653610115510d915,0.251220703125,0.15615921571593164,0.15807447899297342,0.15663546358885735,7.407332109399596e-12,7.534211078797926e-12,7.647565073976365e-12,0.15807447899297342,20.0,0.6192669000010937
random_filtered_seed_9101,shift_B_1_down,256,256,2f1356721e17051c58c11cdfd1638307a7251dd5656a9beb2f26bab8ad08c9f2,0.25,0.5225091495369487,0.5882623407375464,0.48862023716050934,2.2229155391873213e-11,2.0386078407484412e-11,2.2979324754731748e-11,0.5882623407375464,20.0,0.6101414000004297
random_filtered_seed_9102,shift_B_1_down,256,256,660787503acb6bb82e07527b29282439058c85dc59dbf2feb202033d290e8172,0.25,0.4559064735578981,0.49339240894160186,0.5415047970605279,2.1887773401332406e-11,2.303966933934567e-11,2.2048293027070123e-11,0.5415047970605279,20.0,0.6153609000029974
random_filtered_seed_9103,shift_B_1_down,256,256,248fe4585c1bac0ec2fd67aaff4e8498debf99c87b647a57a9d009e935d776dc,0.25,0.5117722170462393,0.5203013347032882,0.5791671539152953,2.3854948175971906e-11,2.392843703234475e-11,2.409382300637203e-11,0.5791671539152953,20.0,0.6181365999946138
straight_path,shift_B_1_down,256,256,57649ac473a6a76edb7273831f2b0574ad161b66d511727e536db316df5c6ce4,0.25,0.12769793624923825,0.3158012238757936,0.31694179815031337,8.060270556133302e-12,7.351403315937822e-12,7.413941205243471e-12,0.31694179815031337,20.0,0.6147034000023268
evenly_dispersed_binary,shift_B_1_down,256,256,b8833787d8d703775992a5d3ac5378d7d0b7e24496917de225ba10962a8c613b,0.25,0.544083054924187,0.5804946198418522,0.5849495361189074,2.1422474857255522e-11,2.1560865473210172e-11,2.1756926147835962e-11,0.5849495361189074,20.0,0.6158422000007704
single_A_20260828,shift_B_1_down,256,256,2bcc42fcc0dc8d29413adb4db8ff40a96bbef715d2c382b91b644ba38c9be2d1,0.25048828125,0.10718755478835461,0.31421766451511113,0.31459422717943425,5.3303893626756595e-12,4.995006414492193e-12,4.961052445930689e-12,0.31459422717943425,20.0,0.6154120999999577
single_A_20260829,shift_B_1_down,256,256,2d0de72cec5f92d16c3a0534c9bd67e6cf0d777b6fb9e573c0104fc44caa8d8a,0.250244140625,0.10721574450037244,0.3141041861694984,0.31601846114328797,5.358510273179849e-12,5.009411942940478e-12,4.9419909453731396e-12,0.31601846114328797,20.0,0.6170562000042992
single_A_20260830,shift_B_1_down,256,256,5019dafb2f1462cbfcd955a51960603d8c046303897e2835d9a5d8820f5596a5,0.25048828125,0.10723987678375418,0.3129656146178136,0.3211513095413453,5.3034057022574545e-12,4.974199140755253e-12,4.9654942265296865e-12,0.3211513095413453,20.0,0.6175045999989379
robust_20260828,shift_B_1_down,256,256,f37d26b6f37ecf0a1e8831d1a8ec583d22c852a33bbeccd99a9c7052e38d0a99,0.2509765625,0.15615495681263328,0.15632227599493506,0.156506824943584,7.457370696019172e-12,7.437044805872476e-12,7.538390297996635e-12,0.156506824943584,20.0,0.612223099989933
robust_20260829,shift_B_1_down,256,256,934d30af2703bd5357fbccaa7ae73c7f864bf016860b291a62fec01d06459387,0.2509765625,0.1574716324313547,0.15612236392064252,0.15562258325449235,7.343194487175408e-12,7.592669554661498e-12,7.309671493784678e-12,0.1574716324313547,20.0,0.61466730000393
robust_20260830,shift_B_1_down,256,256,acedf86e13b27f0476e96abd9fdb41e0559eeee92171e6cc653610115510d915,0.251220703125,0.15615921571593164,0.154175958718087,0.15663546358885735,7.407332109399596e-12,7.423121242726584e-12,7.647565073976365e-12,0.15663546358885735,20.0,0.6118169999972451
random_filtered_seed_9101,shift_B_2_left,256,256,2f1356721e17051c58c11cdfd1638307a7251dd5656a9beb2f26bab8ad08c9f2,0.25,0.5225091495369487,0.5961654050497459,0.48862023716050934,2.2229155391873213e-11,2.0203578006504938e-11,2.2979324754731748e-11,0.5961654050497459,20.0,0.6163850000011735
random_filtered_seed_9102,shift_B_2_left,256,256,660787503acb6bb82e07527b29282439058c85dc59dbf2feb202033d290e8172,0.25,0.4559064735578981,0.4961411430221709,0.5415047970605279,2.1887773401332406e-11,2.310731765828152e-11,2.2048293027070123e-11,0.5415047970605279,20.0,0.6192589999991469
random_filtered_seed_9103,shift_B_2_left,256,256,248fe4585c1bac0ec2fd67aaff4e8498debf99c87b647a57a9d009e935d776dc,0.25,0.5117722170462393,0.5235553652267368,0.5791671539152953,2.3854948175971906e-11,2.3922234554922777e-11,2.409382300637203e-11,0.5791671539152953,20.0,0.6097950999974273
straight_path,shift_B_2_left,256,256,57649ac473a6a76edb7273831f2b0574ad161b66d511727e536db316df5c6ce4,0.25,0.12769793624923825,0.3292221476108558,0.31694179815031337,8.060270556133302e-12,7.325468580118036e-12,7.413941205243471e-12,0.3292221476108558,20.0,0.6154919000109658
evenly_dispersed_binary,shift_B_2_left,256,256,b8833787d8d703775992a5d3ac5378d7d0b7e24496917de225ba10962a8c613b,0.25,0.544083054924187,0.5863770569560018,0.5849495361189074,2.1422474857255522e-11,2.18639841973367e-11,2.1756926147835962e-11,0.5863770569560018,20.0,0.6282749999954831
single_A_20260828,shift_B_2_left,256,256,2bcc42fcc0dc8d29413adb4db8ff40a96bbef715d2c382b91b644ba38c9be2d1,0.25048828125,0.10718755478835461,0.3297695122197202,0.31459422717943425,5.3303893626756595e-12,4.97865736325292e-12,4.961052445930689e-12,0.3297695122197202,20.0,0.6120372000004863
single_A_20260829,shift_B_2_left,256,256,2d0de72cec5f92d16c3a0534c9bd67e6cf0d777b6fb9e573c0104fc44caa8d8a,0.250244140625,0.10721574450037244,0.32973330073533574,0.31601846114328797,5.358510273179849e-12,4.934077131898856e-12,4.9419909453731396e-12,0.32973330073533574,20.0,0.615069699997548
single_A_20260830,shift_B_2_left,256,256,5019dafb2f1462cbfcd955a51960603d8c046303897e2835d9a5d8820f5596a5,0.25048828125,0.10723987678375418,0.3285679528942897,0.3211513095413453,5.3034057022574545e-12,4.893181930098314e-12,4.9654942265296865e-12,0.3285679528942897,20.0,0.6142527999909362
robust_20260828,shift_B_2_left,256,256,f37d26b6f37ecf0a1e8831d1a8ec583d22c852a33bbeccd99a9c7052e38d0a99,0.2509765625,0.15615495681263328,0.1611364236649549,0.156506824943584,7.457370696019172e-12,7.383641090169275e-12,7.538390297996635e-12,0.1611364236649549,20.0,0.6170315000053961
robust_20260829,shift_B_2_left,256,256,934d30af2703bd5357fbccaa7ae73c7f864bf016860b291a62fec01d06459387,0.2509765625,0.1574716324313547,0.16074664543509165,0.15562258325449235,7.343194487175408e-12,7.646327413986548e-12,7.309671493784678e-12,0.16074664543509165,20.0,0.6136190999968676
robust_20260830,shift_B_2_left,256,256,acedf86e13b27f0476e96abd9fdb41e0559eeee92171e6cc653610115510d915,0.251220703125,0.15615921571593164,0.16046937870686223,0.15663546358885735,7.407332109399596e-12,7.381338019065923e-12,7.647565073976365e-12,0.16046937870686223,20.0,0.612915100005921
random_filtered_seed_9101,shift_B_2_right,256,256,2f1356721e17051c58c11cdfd1638307a7251dd5656a9beb2f26bab8ad08c9f2,0.25,0.5225091495369487,0.5868563394073616,0.48862023716050934,2.2229155391873213e-11,2.0528790073364182e-11,2.2979324754731748e-11,0.5868563394073616,20.0,0.6163598999992246
random_filtered_seed_9102,shift_B_2_right,256,256,660787503acb6bb82e07527b29282439058c85dc59dbf2feb202033d290e8172,0.25,0.4559064735578981,0.49720226876924367,0.5415047970605279,2.1887773401332406e-11,2.3162538459520455e-11,2.2048293027070123e-11,0.5415047970605279,20.0,0.6241417000128422
random_filtered_seed_9103,shift_B_2_right,256,256,248fe4585c1bac0ec2fd67aaff4e8498debf99c87b647a57a9d009e935d776dc,0.25,0.5117722170462393,0.5201588596816691,0.5791671539152953,2.3854948175971906e-11,2.4051266117882857e-11,2.409382300637203e-11,0.5791671539152953,20.0,0.615593299997272
straight_path,shift_B_2_right,256,256,57649ac473a6a76edb7273831f2b0574ad161b66d511727e536db316df5c6ce4,0.25,0.12769793624923825,0.304916701304882,0.31694179815031337,8.060270556133302e-12,7.441165602985585e-12,7.413941205243471e-12,0.31694179815031337,20.0,0.6186211000022013
evenly_dispersed_binary,shift_B_2_right,256,256,b8833787d8d703775992a5d3ac5378d7d0b7e24496917de225ba10962a8c613b,0.25,0.544083054924187,0.5802821726106013,0.5849495361189074,2.1422474857255522e-11,2.1642210229563014e-11,2.1756926147835962e-11,0.5849495361189074,20.0,0.6094341999996686
single_A_20260828,shift_B_2_right,256,256,2bcc42fcc0dc8d29413adb4db8ff40a96bbef715d2c382b91b644ba38c9be2d1,0.25048828125,0.10718755478835461,0.30496563404825994,0.31459422717943425,5.3303893626756595e-12,5.1090905902069166e-12,4.961052445930689e-12,0.31459422717943425,20.0,0.614002200003597
single_A_20260829,shift_B_2_right,256,256,2d0de72cec5f92d16c3a0534c9bd67e6cf0d777b6fb9e573c0104fc44caa8d8a,0.250244140625,0.10721574450037244,0.30501237198469117,0.31601846114328797,5.358510273179849e-12,5.097319632525944e-12,4.9419909453731396e-12,0.31601846114328797,20.0,0.6131019000022206
single_A_20260830,shift_B_2_right,256,256,5019dafb2f1462cbfcd955a51960603d8c046303897e2835d9a5d8820f5596a5,0.25048828125,0.10723987678375418,0.30394830082755475,0.3211513095413453,5.3034057022574545e-12,4.942401413018524e-12,4.9654942265296865e-12,0.3211513095413453,20.0,0.6137914999999339
robust_20260828,shift_B_2_right,256,256,f37d26b6f37ecf0a1e8831d1a8ec583d22c852a33bbeccd99a9c7052e38d0a99,0.2509765625,0.15615495681263328,0.15262569828291864,0.156506824943584,7.457370696019172e-12,7.359238087973016e-12,7.538390297996635e-12,0.156506824943584,20.0,0.621365800005151
robust_20260829,shift_B_2_right,256,256,934d30af2703bd5357fbccaa7ae73c7f864bf016860b291a62fec01d06459387,0.2509765625,0.1574716324313547,0.1548776007513782,0.15562258325449235,7.343194487175408e-12,7.640963449488963e-12,7.309671493784678e-12,0.1574716324313547,20.0,0.6295599000004586
robust_20260830,shift_B_2_right,256,256,acedf86e13b27f0476e96abd9fdb41e0559eeee92171e6cc653610115510d915,0.251220703125,0.15615921571593164,0.15279065280783044,0.15663546358885735,7.407332109399596e-12,7.407389783205283e-12,7.647565073976365e-12,0.15663546358885735,20.0,0.6228525000042282
random_filtered_seed_9101,shift_B_2_up,256,256,2f1356721e17051c58c11cdfd1638307a7251dd5656a9beb2f26bab8ad08c9f2,0.25,0.5225091495369487,0.5972579338176605,0.48862023716050934,2.2229155391873213e-11,2.0513602341906518e-11,2.2979324754731748e-11,0.5972579338176605,20.0,0.6158674000034807
random_filtered_seed_9102,shift_B_2_up,256,256,660787503acb6bb82e07527b29282439058c85dc59dbf2feb202033d290e8172,0.25,0.4559064735578981,0.5035418853368121,0.5415047970605279,2.1887773401332406e-11,2.338755804848979e-11,2.2048293027070123e-11,0.5415047970605279,20.0,0.6097420000005513
random_filtered_seed_9103,shift_B_2_up,256,256,248fe4585c1bac0ec2fd67aaff4e8498debf99c87b647a57a9d009e935d776dc,0.25,0.5117722170462393,0.524921040079988,0.5791671539152953,2.3854948175971906e-11,2.3851851607558637e-11,2.409382300637203e-11,0.5791671539152953,20.0,0.6131325000023935
straight_path,shift_B_2_up,256,256,57649ac473a6a76edb7273831f2b0574ad161b66d511727e536db316df5c6ce4,0.25,0.12769793624923825,0.31927203731472387,0.31694179815031337,8.060270556133302e-12,7.432231191957479e-12,7.413941205243471e-12,0.31927203731472387,20.0,0.6139983999892138
evenly_dispersed_binary,shift_B_2_up,256,256,b8833787d8d703775992a5d3ac5378d7d0b7e24496917de225ba10962a8c613b,0.25,0.544083054924187,0.5890419424052126,0.5849495361189074,2.1422474857255522e-11,2.155745156885131e-11,2.1756926147835962e-11,0.5890419424052126,20.0,0.6161900000006426
single_A_20260828,shift_B_2_up,256,256,2bcc42fcc0dc8d29413adb4db8ff40a96bbef715d2c382b91b644ba38c9be2d1,0.25048828125,0.10718755478835461,0.32382986912750145,0.31459422717943425,5.3303893626756595e-12,4.921043328330826e-12,4.961052445930689e-12,0.32382986912750145,20.0,0.6173343999980716
single_A_20260829,shift_B_2_up,256,256,2d0de72cec5f92d16c3a0534c9bd67e6cf0d777b6fb9e573c0104fc44caa8d8a,0.250244140625,0.10721574450037244,0.3240067591545762,0.31601846114328797,5.358510273179849e-12,5.053673831277121e-12,4.9419909453731396e-12,0.3240067591545762,20.0,0.6152421999868238
single_A_20260830,shift_B_2_up,256,256,5019dafb2f1462cbfcd955a51960603d8c046303897e2835d9a5d8820f5596a5,0.25048828125,0.10723987678375418,0.32294390966496933,0.3211513095413453,5.3034057022574545e-12,4.9281625476344365e-12,4.9654942265296865e-12,0.32294390966496933,20.0,0.6183465999929467
robust_20260828,shift_B_2_up,256,256,f37d26b6f37ecf0a1e8831d1a8ec583d22c852a33bbeccd99a9c7052e38d0a99,0.2509765625,0.15615495681263328,0.1603670739569576,0.156506824943584,7.457370696019172e-12,7.453077901908414e-12,7.538390297996635e-12,0.1603670739569576,20.0,0.6104086999985157
robust_20260829,shift_B_2_up,256,256,934d30af2703bd5357fbccaa7ae73c7f864bf016860b291a62fec01d06459387,0.2509765625,0.1574716324313547,0.16175970668599846,0.15562258325449235,7.343194487175408e-12,7.507621842087852e-12,7.309671493784678e-12,0.16175970668599846,20.0,0.6158870999934152
robust_20260830,shift_B_2_up,256,256,acedf86e13b27f0476e96abd9fdb41e0559eeee92171e6cc653610115510d915,0.251220703125,0.15615921571593164,0.16047173144410534,0.15663546358885735,7.407332109399596e-12,7.653377147667787e-12,7.647565073976365e-12,0.16047173144410534,20.0,0.6149188999988837
random_filtered_seed_9101,shift_B_2_down,256,256,2f1356721e17051c58c11cdfd1638307a7251dd5656a9beb2f26bab8ad08c9f2,0.25,0.5225091495369487,0.585148412879987,0.48862023716050934,2.2229155391873213e-11,1.9996426759173687e-11,2.2979324754731748e-11,0.585148412879987,20.0,0.6140002000029199
random_filtered_seed_9102,shift_B_2_down,256,256,660787503acb6bb82e07527b29282439058c85dc59dbf2feb202033d290e8172,0.25,0.4559064735578981,0.49007124667881247,0.5415047970605279,2.1887773401332406e-11,2.309239370732418e-11,2.2048293027070123e-11,0.5415047970605279,20.0,0.6141785999934655
random_filtered_seed_9103,shift_B_2_down,256,256,248fe4585c1bac0ec2fd67aaff4e8498debf99c87b647a57a9d009e935d776dc,0.25,0.5117722170462393,0.5186836138930322,0.5791671539152953,2.3854948175971906e-11,2.4059254245484957e-11,2.409382300637203e-11,0.5791671539152953,20.0,0.6185241000057431
straight_path,shift_B_2_down,256,256,57649ac473a6a76edb7273831f2b0574ad161b66d511727e536db316df5c6ce4,0.25,0.12769793624923825,0.31467612365985564,0.31694179815031337,8.060270556133302e-12,7.335112191953134e-12,7.413941205243471e-12,0.31694179815031337,20.0,0.6176763999974355
evenly_dispersed_binary,shift_B_2_down,256,256,b8833787d8d703775992a5d3ac5378d7d0b7e24496917de225ba10962a8c613b,0.25,0.544083054924187,0.5776015990991822,0.5849495361189074,2.1422474857255522e-11,2.1449442317668977e-11,2.1756926147835962e-11,0.5849495361189074,20.0,0.6185500999999931
single_A_20260828,shift_B_2_down,256,256,2bcc42fcc0dc8d29413adb4db8ff40a96bbef715d2c382b91b644ba38c9be2d1,0.25048828125,0.10718755478835461,0.3111332082532097,0.31459422717943425,5.3303893626756595e-12,4.967027289645368e-12,4.961052445930689e-12,0.31459422717943425,20.0,0.6158652000012808
single_A_20260829,shift_B_2_down,256,256,2d0de72cec5f92d16c3a0534c9bd67e6cf0d777b6fb9e573c0104fc44caa8d8a,0.250244140625,0.10721574450037244,0.310926664844363,0.31601846114328797,5.358510273179849e-12,5.026945214419145e-12,4.9419909453731396e-12,0.31601846114328797,20.0,0.6142862000124296
single_A_20260830,shift_B_2_down,256,256,5019dafb2f1462cbfcd955a51960603d8c046303897e2835d9a5d8820f5596a5,0.25048828125,0.10723987678375418,0.3097631834355423,0.3211513095413453,5.3034057022574545e-12,4.923864163158557e-12,4.9654942265296865e-12,0.3211513095413453,20.0,0.6168215999932727
robust_20260828,shift_B_2_down,256,256,f37d26b6f37ecf0a1e8831d1a8ec583d22c852a33bbeccd99a9c7052e38d0a99,0.2509765625,0.15615495681263328,0.1566999668631989,0.156506824943584,7.457370696019172e-12,7.384092931649026e-12,7.538390297996635e-12,0.1566999668631989,20.0,0.6140906999935396
robust_20260829,shift_B_2_down,256,256,934d30af2703bd5357fbccaa7ae73c7f864bf016860b291a62fec01d06459387,0.2509765625,0.1574716324313547,0.15658845684275088,0.15562258325449235,7.343194487175408e-12,7.625421840331799e-12,7.309671493784678e-12,0.1574716324313547,20.0,0.6130029999912949
robust_20260830,shift_B_2_down,256,256,acedf86e13b27f0476e96abd9fdb41e0559eeee92171e6cc653610115510d915,0.251220703125,0.15615921571593164,0.1541911117093118,0.15663546358885735,7.407332109399596e-12,7.454032434887354e-12,7.647565073976365e-12,0.15663546358885735,20.0,0.6113994999905117
random_filtered_seed_9101,shift_C_1_left,256,256,2f1356721e17051c58c11cdfd1638307a7251dd5656a9beb2f26bab8ad08c9f2,0.25,0.5225091495369487,0.5913331056800399,0.48813513453588114,2.2229155391873213e-11,2.0167822867762384e-11,2.294513898025728e-11,0.5913331056800399,20.0,0.6160047000012128
random_filtered_seed_9102,shift_C_1_left,256,256,660787503acb6bb82e07527b29282439058c85dc59dbf2feb202033d290e8172,0.25,0.4559064735578981,0.4967316775543087,0.5392701339450632,2.1887773401332406e-11,2.300088622884863e-11,2.1971809008940036e-11,0.5392701339450632,20.0,0.6210452000086661
random_filtered_seed_9103,shift_C_1_left,256,256,248fe4585c1bac0ec2fd67aaff4e8498debf99c87b647a57a9d009e935d776dc,0.25,0.5117722170462393,0.5218829818933081,0.5782252146241804,2.3854948175971906e-11,2.385856840531268e-11,2.4157213888001094e-11,0.5782252146241804,20.0,0.615835499993409
straight_path,shift_C_1_left,256,256,57649ac473a6a76edb7273831f2b0574ad161b66d511727e536db316df5c6ce4,0.25,0.12769793624923825,0.31694179815032125,0.3108919357200272,8.060270556133302e-12,7.391204687431802e-12,7.331643227533375e-12,0.31694179815032125,20.0,0.6147294999973383
evenly_dispersed_binary,shift_C_1_left,256,256,b8833787d8d703775992a5d3ac5378d7d0b7e24496917de225ba10962a8c613b,0.25,0.544083054924187,0.5833190516349486,0.5834544714257096,2.1422474857255522e-11,2.170283058083174e-11,2.173678067124622e-11,0.5834544714257096,20.0,0.6157065000006696
single_A_20260828,shift_C_1_left,256,256,2bcc42fcc0dc8d29413adb4db8ff40a96bbef715d2c382b91b644ba38c9be2d1,0.25048828125,0.10718755478835461,0.3173623196911966,0.3084816793729599,5.3303893626756595e-12,5.0738607997926346e-12,5.0737142494658815e-12,0.3173623196911966,20.0,0.6127491000079317
single_A_20260829,shift_C_1_left,256,256,2d0de72cec5f92d16c3a0534c9bd67e6cf0d777b6fb9e573c0104fc44caa8d8a,0.250244140625,0.10721574450037244,0.317343319776924,0.3098822314303368,5.358510273179849e-12,4.967112853757618e-12,4.952488405639542e-12,0.317343319776924,20.0,0.612009799995576
single_A_20260830,shift_C_1_left,256,256,5019dafb2f1462cbfcd955a51960603d8c046303897e2835d9a5d8820f5596a5,0.25048828125,0.10723987678375418,0.3162283111856872,0.31499406599298657,5.3034057022574545e-12,4.944675823429319e-12,4.965902260970176e-12,0.3162283111856872,20.0,0.6145671999984188
robust_20260828,shift_C_1_left,256,256,f37d26b6f37ecf0a1e8831d1a8ec583d22c852a33bbeccd99a9c7052e38d0a99,0.2509765625,0.15615495681263328,0.15596395806562802,0.1542742390671038,7.457370696019172e-12,7.525272489260482e-12,7.452835442805415e-12,0.15615495681263328,20.0,0.6169671999959974
robust_20260829,shift_C_1_left,256,256,934d30af2703bd5357fbccaa7ae73c7f864bf016860b291a62fec01d06459387,0.2509765625,0.1574716324313547,0.15737556496888783,0.15380883277110674,7.343194487175408e-12,7.587633429414703e-12,7.409875755691519e-12,0.1574716324313547,20.0,0.6282030000002123
robust_20260830,shift_C_1_left,256,256,acedf86e13b27f0476e96abd9fdb41e0559eeee92171e6cc653610115510d915,0.251220703125,0.15615921571593164,0.15596201520729633,0.15485071657910857,7.407332109399596e-12,7.487745646739402e-12,7.624761781285723e-12,0.15615921571593164,20.0,0.6129725000064354
random_filtered_seed_9101,shift_C_1_right,256,256,2f1356721e17051c58c11cdfd1638307a7251dd5656a9beb2f26bab8ad08c9f2,0.25,0.5225091495369487,0.5913331056800399,0.48922904645804377,2.2229155391873213e-11,2.0167822867762384e-11,2.2478958697680226e-11,0.5913331056800399,20.0,0.6179276999901049
random_filtered_seed_9102,shift_C_1_right,256,256,660787503acb6bb82e07527b29282439058c85dc59dbf2feb202033d290e8172,0.25,0.4559064735578981,0.4967316775543087,0.5436833391138756,2.1887773401332406e-11,2.300088622884863e-11,2.243808801773515e-11,0.5436833391138756,20.0,0.6118564000062179
random_filtered_seed_9103,shift_C_1_right,256,256,248fe4585c1bac0ec2fd67aaff4e8498debf99c87b647a57a9d009e935d776dc,0.25,0.5117722170462393,0.5218829818933081,0.5800867715381361,2.3854948175971906e-11,2.385856840531268e-11,2.3960052773789466e-11,0.5800867715381361,20.0,0.6141785999934655
straight_path,shift_C_1_right,256,256,57649ac473a6a76edb7273831f2b0574ad161b66d511727e536db316df5c6ce4,0.25,0.12769793624923825,0.31694179815032125,0.3230678557488806,8.060270556133302e-12,7.391204687431802e-12,7.307137781974375e-12,0.3230678557488806,20.0,0.6140505999937886
evenly_dispersed_binary,shift_C_1_right,256,256,b8833787d8d703775992a5d3ac5378d7d0b7e24496917de225ba10962a8c613b,0.25,0.544083054924187,0.5833190516349486,0.5864899355816581,2.1422474857255522e-11,2.170283058083174e-11,2.192040932542302e-11,0.5864899355816581,20.0,0.618876900000032
single_A_20260828,shift_C_1_right,256,256,2bcc42fcc0dc8d29413adb4db8ff40a96bbef715d2c382b91b644ba38c9be2d1,0.25048828125,0.10718755478835461,0.3173623196911966,0.3207356372408214,5.3303893626756595e-12,5.0738607997926346e-12,5.0436753974578316e-12,0.3207356372408214,20.0,0.6167730000015581
single_A_20260829,shift_C_1_right,256,256,2d0de72cec5f92d16c3a0534c9bd67e6cf0d777b6fb9e573c0104fc44caa8d8a,0.250244140625,0.10721574450037244,0.317343319776924,0.3221731910816652,5.358510273179849e-12,4.967112853757618e-12,4.93770565565584e-12,0.3221731910816652,20.0,0.61692130001029
single_A_20260830,shift_C_1_right,256,256,5019dafb2f1462cbfcd955a51960603d8c046303897e2835d9a5d8820f5596a5,0.25048828125,0.10723987678375418,0.3162283111856872,0.32731884556998864,5.3034057022574545e-12,4.944675823429319e-12,4.9098521318633455e-12,0.32731884556998864,20.0,0.6229166999983136
robust_20260828,shift_C_1_right,256,256,f37d26b6f37ecf0a1e8831d1a8ec583d22c852a33bbeccd99a9c7052e38d0a99,0.2509765625,0.15615495681263328,0.15596395806562802,0.15890243537369172,7.457370696019172e-12,7.525272489260482e-12,7.480561953980244e-12,0.15890243537369172,20.0,0.6171011999977054
robust_20260829,shift_C_1_right,256,256,934d30af2703bd5357fbccaa7ae73c7f864bf016860b291a62fec01d06459387,0.2509765625,0.1574716324313547,0.15737556496888783,0.1578731914941484,7.343194487175408e-12,7.587633429414703e-12,7.448342603957782e-12,0.1578731914941484,20.0,0.6146041000029072
robust_20260830,shift_C_1_right,256,256,acedf86e13b27f0476e96abd9fdb41e0559eeee92171e6cc653610115510d915,0.251220703125,0.15615921571593164,0.15596201520729633,0.15875898860434817,7.407332109399596e-12,7.487745646739402e-12,7.513200769739734e-12,0.15875898860434817,20.0,0.6159586000139825
random_filtered_seed_9101,shift_C_1_up,256,256,2f1356721e17051c58c11cdfd1638307a7251dd5656a9beb2f26bab8ad08c9f2,0.25,0.5225091495369487,0.5913331056800399,0.4894588180721028,2.2229155391873213e-11,2.0167822867762384e-11,2.2947363441498936e-11,0.5913331056800399,20.0,0.618566400007694
random_filtered_seed_9102,shift_C_1_up,256,256,660787503acb6bb82e07527b29282439058c85dc59dbf2feb202033d290e8172,0.25,0.4559064735578981,0.4967316775543087,0.5451918391803313,2.1887773401332406e-11,2.300088622884863e-11,2.2328199833663055e-11,0.5451918391803313,20.0,0.6161391000059666
random_filtered_seed_9103,shift_C_1_up,256,256,248fe4585c1bac0ec2fd67aaff4e8498debf99c87b647a57a9d009e935d776dc,0.25,0.5117722170462393,0.5218829818933081,0.582484955041661,2.3854948175971906e-11,2.385856840531268e-11,2.417037867141592e-11,0.582484955041661,20.0,0.6155710000020918
straight_path,shift_C_1_up,256,256,57649ac473a6a76edb7273831f2b0574ad161b66d511727e536db316df5c6ce4,0.25,0.12769793624923825,0.31694179815032125,0.31809850523990457,8.060270556133302e-12,7.391204687431802e-12,7.30625687775065e-12,0.31809850523990457,20.0,0.6158564999932423
evenly_dispersed_binary,shift_C_1_up,256,256,b8833787d8d703775992a5d3ac5378d7d0b7e24496917de225ba10962a8c613b,0.25,0.544083054924187,0.5833190516349486,0.5878483050712612,2.1422474857255522e-11,2.170283058083174e-11,2.1621572784635956e-11,0.5878483050712612,20.0,0.6242064000107348
single_A_20260828,shift_C_1_up,256,256,2bcc42fcc0dc8d29413adb4db8ff40a96bbef715d2c382b91b644ba38c9be2d1,0.25048828125,0.10718755478835461,0.3173623196911966,0.3179786548465389,5.3303893626756595e-12,5.0738607997926346e-12,5.02049480425149e-12,0.3179786548465389,20.0,0.6180518000037409
single_A_20260829,shift_C_1_up,256,256,2d0de72cec5f92d16c3a0534c9bd67e6cf0d777b6fb9e573c0104fc44caa8d8a,0.250244140625,0.10721574450037244,0.317343319776924,0.31935400481385084,5.358510273179849e-12,4.967112853757618e-12,5.015977029856085e-12,0.31935400481385084,20.0,0.6141407999966759
single_A_20260830,shift_C_1_up,256,256,5019dafb2f1462cbfcd955a51960603d8c046303897e2835d9a5d8820f5596a5,0.25048828125,0.10723987678375418,0.3162283111856872,0.32439424216205176,5.3034057022574545e-12,4.944675823429319e-12,4.92458666112427e-12,0.32439424216205176,20.0,0.6142847999872174
robust_20260828,shift_C_1_up,256,256,f37d26b6f37ecf0a1e8831d1a8ec583d22c852a33bbeccd99a9c7052e38d0a99,0.2509765625,0.15615495681263328,0.15596395806562802,0.15785417364128965,7.457370696019172e-12,7.525272489260482e-12,7.489128601602298e-12,0.15785417364128965,20.0,0.6112503000040306
robust_20260829,shift_C_1_up,256,256,934d30af2703bd5357fbccaa7ae73c7f864bf016860b291a62fec01d06459387,0.2509765625,0.1574716324313547,0.15737556496888783,0.1577974155405313,7.343194487175408e-12,7.587633429414703e-12,7.4665485966792e-12,0.1577974155405313,20.0,0.614868699994986
robust_20260830,shift_C_1_up,256,256,acedf86e13b27f0476e96abd9fdb41e0559eeee92171e6cc653610115510d915,0.251220703125,0.15615921571593164,0.15596201520729633,0.15871406829047674,7.407332109399596e-12,7.487745646739402e-12,7.660727123319506e-12,0.15871406829047674,20.0,0.6163961999991443
random_filtered_seed_9101,shift_C_1_down,256,256,2f1356721e17051c58c11cdfd1638307a7251dd5656a9beb2f26bab8ad08c9f2,0.25,0.5225091495369487,0.5913331056800399,0.487725243299068,2.2229155391873213e-11,2.0167822867762384e-11,2.2603944795554312e-11,0.5913331056800399,20.0,0.6142652000125963
random_filtered_seed_9102,shift_C_1_down,256,256,660787503acb6bb82e07527b29282439058c85dc59dbf2feb202033d290e8172,0.25,0.4559064735578981,0.4967316775543087,0.5378708241964515,2.1887773401332406e-11,2.300088622884863e-11,2.210370252693653e-11,0.5378708241964515,20.0,0.6237003999995068
random_filtered_seed_9103,shift_C_1_down,256,256,248fe4585c1bac0ec2fd67aaff4e8498debf99c87b647a57a9d009e935d776dc,0.25,0.5117722170462393,0.5218829818933081,0.5758056242599592,2.3854948175971906e-11,2.385856840531268e-11,2.3717695455480113e-11,0.5758056242599592,20.0,0.6154437000077451
straight_path,shift_C_1_down,256,256,57649ac473a6a76edb7273831f2b0574ad161b66d511727e536db316df5c6ce4,0.25,0.12769793624923825,0.31694179815032125,0.3158012238757854,8.060270556133302e-12,7.391204687431802e-12,7.255467151875085e-12,0.31694179815032125,20.0,0.6171641000109958
evenly_dispersed_binary,shift_C_1_down,256,256,b8833787d8d703775992a5d3ac5378d7d0b7e24496917de225ba10962a8c613b,0.25,0.544083054924187,0.5833190516349486,0.5820803719200234,2.1422474857255522e-11,2.170283058083174e-11,2.15795265730079e-11,0.5833190516349486,20.0,0.6133400999970036
single_A_20260828,shift_C_1_down,256,256,2bcc42fcc0dc8d29413adb4db8ff40a96bbef715d2c382b91b644ba38c9be2d1,0.25048828125,0.10718755478835461,0.3173623196911966,0.3112867964425021,5.3303893626756595e-12,5.0738607997926346e-12,4.98248633469865e-12,0.3173623196911966,20.0,0.6156290000071749
single_A_20260829,shift_C_1_down,256,256,2d0de72cec5f92d16c3a0534c9bd67e6cf0d777b6fb9e573c0104fc44caa8d8a,0.250244140625,0.10721574450037244,0.317343319776924,0.31274252201910163,5.358510273179849e-12,4.967112853757618e-12,4.95508437120313e-12,0.317343319776924,20.0,0.6125108999985969
single_A_20260830,shift_C_1_down,256,256,5019dafb2f1462cbfcd955a51960603d8c046303897e2835d9a5d8820f5596a5,0.25048828125,0.10723987678375418,0.3162283111856872,0.3179631912373645,5.3034057022574545e-12,4.944675823429319e-12,5.01468418113835e-12,0.3179631912373645,20.0,0.614195700007258
robust_20260828,shift_C_1_down,256,256,f37d26b6f37ecf0a1e8831d1a8ec583d22c852a33bbeccd99a9c7052e38d0a99,0.2509765625,0.15615495681263328,0.15596395806562802,0.1568754104315839,7.457370696019172e-12,7.525272489260482e-12,7.525446958092346e-12,0.1568754104315839,20.0,0.6152274999913061
robust_20260829,shift_C_1_down,256,256,934d30af2703bd5357fbccaa7ae73c7f864bf016860b291a62fec01d06459387,0.2509765625,0.1574716324313547,0.15737556496888783,0.15571417044858427,7.343194487175408e-12,7.587633429414703e-12,7.479975843083371e-12,0.1574716324313547,20.0,0.6239804000069853
robust_20260830,shift_C_1_down,256,256,acedf86e13b27f0476e96abd9fdb41e0559eeee92171e6cc653610115510d915,0.251220703125,0.15615921571593164,0.15596201520729633,0.15489480054491486,7.407332109399596e-12,7.487745646739402e-12,7.77292202831909e-12,0.15615921571593164,20.0,0.6465792000090005
random_filtered_seed_9101,shift_C_2_left,256,256,2f1356721e17051c58c11cdfd1638307a7251dd5656a9beb2f26bab8ad08c9f2,0.25,0.5225091495369487,0.5913331056800399,0.48775086714777344,2.2229155391873213e-11,2.0167822867762384e-11,2.2471050112421044e-11,0.5913331056800399,20.0,0.6382177000050433
random_filtered_seed_9102,shift_C_2_left,256,256,660787503acb6bb82e07527b29282439058c85dc59dbf2feb202033d290e8172,0.25,0.4559064735578981,0.4967316775543087,0.537038324781132,2.1887773401332406e-11,2.300088622884863e-11,2.220320543280507e-11,0.537038324781132,20.0,0.6417021999950521
random_filtered_seed_9103,shift_C_2_left,256,256,248fe4585c1bac0ec2fd67aaff4e8498debf99c87b647a57a9d009e935d776dc,0.25,0.5117722170462393,0.5218829818933081,0.577259301404033,2.3854948175971906e-11,2.385856840531268e-11,2.3573027605855675e-11,0.577259301404033,20.0,0.6184724000049755
straight_path,shift_C_2_left,256,256,57649ac473a6a76edb7273831f2b0574ad161b66d511727e536db316df5c6ce4,0.25,0.12769793624923825,0.31694179815032125,0.30491670130487514,8.060270556133302e-12,7.391204687431802e-12,7.456038972455356e-12,0.31694179815032125,20.0,0.6158086999930674
evenly_dispersed_binary,shift_C_2_left,256,256,b8833787d8d703775992a5d3ac5378d7d0b7e24496917de225ba10962a8c613b,0.25,0.544083054924187,0.5833190516349486,0.5820005181354576,2.1422474857255522e-11,2.170283058083174e-11,2.1586588496043875e-11,0.5833190516349486,20.0,0.6124829000036698
single_A_20260828,shift_C_2_left,256,256,2bcc42fcc0dc8d29413adb4db8ff40a96bbef715d2c382b91b644ba38c9be2d1,0.25048828125,0.10718755478835461,0.3173623196911966,0.3023892980162395,5.3303893626756595e-12,5.0738607997926346e-12,4.965737650008858e-12,0.3173623196911966,20.0,0.6150947999994969
single_A_20260829,shift_C_2_left,256,256,2d0de72cec5f92d16c3a0534c9bd67e6cf0d777b6fb9e573c0104fc44caa8d8a,0.250244140625,0.10721574450037244,0.317343319776924,0.3037634751726688,5.358510273179849e-12,4.967112853757618e-12,5.022674053857182e-12,0.317343319776924,20.0,0.6185032000066712
single_A_20260830,shift_C_2_left,256,256,5019dafb2f1462cbfcd955a51960603d8c046303897e2835d9a5d8820f5596a5,0.25048828125,0.10723987678375418,0.3162283111856872,0.30883932033573314,5.3034057022574545e-12,4.944675823429319e-12,4.93610804379664e-12,0.3162283111856872,20.0,0.6124535999988439
robust_20260828,shift_C_2_left,256,256,f37d26b6f37ecf0a1e8831d1a8ec583d22c852a33bbeccd99a9c7052e38d0a99,0.2509765625,0.15615495681263328,0.15596395806562802,0.15313847986922902,7.457370696019172e-12,7.525272489260482e-12,7.544818990815064e-12,0.15615495681263328,20.0,0.6176539000007324
robust_20260829,shift_C_2_left,256,256,934d30af2703bd5357fbccaa7ae73c7f864bf016860b291a62fec01d06459387,0.2509765625,0.1574716324313547,0.15737556496888783,0.15341317158557904,7.343194487175408e-12,7.587633429414703e-12,7.47025709000564e-12,0.1574716324313547,20.0,0.6168555000040215
robust_20260830,shift_C_2_left,256,256,acedf86e13b27f0476e96abd9fdb41e0559eeee92171e6cc653610115510d915,0.251220703125,0.15615921571593164,0.15596201520729633,0.15344327968898416,7.407332109399596e-12,7.487745646739402e-12,7.62761369709809e-12,0.15615921571593164,20.0,0.617690599989146
random_filtered_seed_9101,shift_C_2_right,256,256,2f1356721e17051c58c11cdfd1638307a7251dd5656a9beb2f26bab8ad08c9f2,0.25,0.5225091495369487,0.5913331056800399,0.48994223713711016,2.2229155391873213e-11,2.0167822867762384e-11,2.313577079997329e-11,0.5913331056800399,20.0,0.6145974999963073
random_filtered_seed_9102,shift_C_2_right,256,256,660787503acb6bb82e07527b29282439058c85dc59dbf2feb202033d290e8172,0.25,0.4559064735578981,0.4967316775543087,0.5458383503642167,2.1887773401332406e-11,2.300088622884863e-11,2.2232492445077784e-11,0.5458383503642167,20.0,0.6124001999996835
random_filtered_seed_9103,shift_C_2_right,256,256,248fe4585c1bac0ec2fd67aaff4e8498debf99c87b647a57a9d009e935d776dc,0.25,0.5117722170462393,0.5218829818933081,0.5809856030131074,2.3854948175971906e-11,2.385856840531268e-11,2.3859977109980356e-11,0.5809856030131074,20.0,0.6171336000115843
straight_path,shift_C_2_right,256,256,57649ac473a6a76edb7273831f2b0574ad161b66d511727e536db316df5c6ce4,0.25,0.12769793624923825,0.31694179815032125,0.32922214761084695,8.060270556133302e-12,7.391204687431802e-12,7.328569525292731e-12,0.32922214761084695,20.0,0.6210629000124754
evenly_dispersed_binary,shift_C_2_right,256,256,b8833787d8d703775992a5d3ac5378d7d0b7e24496917de225ba10962a8c613b,0.25,0.544083054924187,0.5833190516349486,0.5881052199143542,2.1422474857255522e-11,2.170283058083174e-11,2.2114193209129872e-11,0.5881052199143542,20.0,0.6164773000054993
single_A_20260828,shift_C_2_right,256,256,2bcc42fcc0dc8d29413adb4db8ff40a96bbef715d2c382b91b644ba38c9be2d1,0.25048828125,0.10718755478835461,0.3173623196911966,0.32688538424437047,5.3303893626756595e-12,5.0738607997926346e-12,4.934928057448172e-12,0.32688538424437047,20.0,0.6172864999971353
single_A_20260829,shift_C_2_right,256,256,2d0de72cec5f92d16c3a0534c9bd67e6cf0d777b6fb9e573c0104fc44caa8d8a,0.250244140625,0.10721574450037244,0.317343319776924,0.32833514719210355,5.358510273179849e-12,4.967112853757618e-12,4.988291501108373e-12,0.32833514719210355,20.0,0.6173171999980696
single_A_20260830,shift_C_2_right,256,256,5019dafb2f1462cbfcd955a51960603d8c046303897e2835d9a5d8820f5596a5,0.25048828125,0.10723987678375418,0.3162283111856872,0.33349861477353226,5.3034057022574545e-12,4.944675823429319e-12,4.96547634391853e-12,0.33349861477353226,20.0,0.6142873999924632
robust_20260828,shift_C_2_right,256,256,f37d26b6f37ecf0a1e8831d1a8ec583d22c852a33bbeccd99a9c7052e38d0a99,0.2509765625,0.15615495681263328,0.15596395806562802,0.16143659791968643,7.457370696019172e-12,7.525272489260482e-12,7.503361438078014e-12,0.16143659791968643,20.0,0.6151601000019582
robust_20260829,shift_C_2_right,256,256,934d30af2703bd5357fbccaa7ae73c7f864bf016860b291a62fec01d06459387,0.2509765625,0.1574716324313547,0.15737556496888783,0.16053372350980116,7.343194487175408e-12,7.587633429414703e-12,7.391937185265356e-12,0.16053372350980116,20.0,0.6152162000071257
robust_20260830,shift_C_2_right,256,256,acedf86e13b27f0476e96abd9fdb41e0559eeee92171e6cc653610115510d915,0.251220703125,0.15615921571593164,0.15596201520729633,0.16116398283076414,7.407332109399596e-12,7.487745646739402e-12,7.620940256362284e-12,0.16116398283076414,20.0,0.6155826000031084
random_filtered_seed_9101,shift_C_2_up,256,256,2f1356721e17051c58c11cdfd1638307a7251dd5656a9beb2f26bab8ad08c9f2,0.25,0.5225091495369487,0.5913331056800399,0.49034540915057095,2.2229155391873213e-11,2.0167822867762384e-11,2.285175749953017e-11,0.5913331056800399,20.0,0.6199589000025298
random_filtered_seed_9102,shift_C_2_up,256,256,660787503acb6bb82e07527b29282439058c85dc59dbf2feb202033d290e8172,0.25,0.4559064735578981,0.4967316775543087,0.548961873712489,2.1887773401332406e-11,2.300088622884863e-11,2.243762710657049e-11,0.548961873712489,20.0,0.6283691999997245
random_filtered_seed_9103,shift_C_2_up,256,256,248fe4585c1bac0ec2fd67aaff4e8498debf99c87b647a57a9d009e935d776dc,0.25,0.5117722170462393,0.5218829818933081,0.5857566963774636,2.3854948175971906e-11,2.385856840531268e-11,2.404334851860271e-11,0.5857566963774636,20.0,0.618288500001654
straight_path,shift_C_2_up,256,256,57649ac473a6a76edb7273831f2b0574ad161b66d511727e536db316df5c6ce4,0.25,0.12769793624923825,0.31694179815032125,0.31927203731471576,8.060270556133302e-12,7.391204687431802e-12,7.280881413511365e-12,0.31927203731471576,20.0,0.6173877999972319
evenly_dispersed_binary,shift_C_2_up,256,256,b8833787d8d703775992a5d3ac5378d7d0b7e24496917de225ba10962a8c613b,0.25,0.544083054924187,0.5833190516349486,0.5907987786493681,2.1422474857255522e-11,2.170283058083174e-11,2.1749517358899352e-11,0.5907987786493681,20.0,0.6193353999988176
single_A_20260828,shift_C_2_up,256,256,2bcc42fcc0dc8d29413adb4db8ff40a96bbef715d2c382b91b644ba38c9be2d1,0.25048828125,0.10718755478835461,0.3173623196911966,0.3214288092714282,5.3303893626756595e-12,5.0738607997926346e-12,4.976231294582471e-12,0.3214288092714282,20.0,0.615213599987328
single_A_20260829,shift_C_2_up,256,256,2d0de72cec5f92d16c3a0534c9bd67e6cf0d777b6fb9e573c0104fc44caa8d8a,0.250244140625,0.10721574450037244,0.317343319776924,0.3227620850706531,5.358510273179849e-12,4.967112853757618e-12,4.992908374590983e-12,0.3227620850706531,20.0,0.616115600001649
single_A_20260830,shift_C_2_up,256,256,5019dafb2f1462cbfcd955a51960603d8c046303897e2835d9a5d8820f5596a5,0.25048828125,0.10723987678375418,0.3162283111856872,0.32769442736153,5.3034057022574545e-12,4.944675823429319e-12,4.94024229330494e-12,0.32769442736153,20.0,0.6221344999939902
robust_20260828,shift_C_2_up,256,256,f37d26b6f37ecf0a1e8831d1a8ec583d22c852a33bbeccd99a9c7052e38d0a99,0.2509765625,0.15615495681263328,0.15596395806562802,0.16032688327804615,7.457370696019172e-12,7.525272489260482e-12,7.569713674310574e-12,0.16032688327804615,20.0,0.6196822000056272
robust_20260829,shift_C_2_up,256,256,934d30af2703bd5357fbccaa7ae73c7f864bf016860b291a62fec01d06459387,0.2509765625,0.1574716324313547,0.15737556496888783,0.1602541103836644,7.343194487175408e-12,7.587633429414703e-12,7.34568457280621e-12,0.1602541103836644,20.0,0.6263048000109848
robust_20260830,shift_C_2_up,256,256,acedf86e13b27f0476e96abd9fdb41e0559eeee92171e6cc653610115510d915,0.251220703125,0.15615921571593164,0.15596201520729633,0.16107332850941067,7.407332109399596e-12,7.487745646739402e-12,7.530099300980181e-12,0.16107332850941067,20.0,0.6169576999964193
random_filtered_seed_9101,shift_C_2_down,256,256,2f1356721e17051c58c11cdfd1638307a7251dd5656a9beb2f26bab8ad08c9f2,0.25,0.5225091495369487,0.5913331056800399,0.48672714887751534,2.2229155391873213e-11,2.0167822867762384e-11,2.25263260459449e-11,0.5913331056800399,20.0,0.6108584000030532
random_filtered_seed_9102,shift_C_2_down,256,256,660787503acb6bb82e07527b29282439058c85dc59dbf2feb202033d290e8172,0.25,0.4559064735578981,0.4967316775543087,0.5343373002407132,2.1887773401332406e-11,2.300088622884863e-11,2.1950283267103726e-11,0.5343373002407132,20.0,0.6166121999995084
random_filtered_seed_9103,shift_C_2_down,256,256,248fe4585c1bac0ec2fd67aaff4e8498debf99c87b647a57a9d009e935d776dc,0.25,0.5117722170462393,0.5218829818933081,0.5724205868948296,2.3854948175971906e-11,2.385856840531268e-11,2.321152995821099e-11,0.5724205868948296,20.0,0.6123623000021325
straight_path,shift_C_2_down,256,256,57649ac473a6a76edb7273831f2b0574ad161b66d511727e536db316df5c6ce4,0.25,0.12769793624923825,0.31694179815032125,0.3146761236598474,8.060270556133302e-12,7.391204687431802e-12,7.315669757588372e-12,0.31694179815032125,20.0,0.6173211999994237
evenly_dispersed_binary,shift_C_2_down,256,256,b8833787d8d703775992a5d3ac5378d7d0b7e24496917de225ba10962a8c613b,0.25,0.544083054924187,0.5833190516349486,0.5791730721719798,2.1422474857255522e-11,2.170283058083174e-11,2.1543440524852072e-11,0.5833190516349486,20.0,0.614508400001796
single_A_20260828,shift_C_2_down,256,256,2bcc42fcc0dc8d29413adb4db8ff40a96bbef715d2c382b91b644ba38c9be2d1,0.25048828125,0.10718755478835461,0.3173623196911966,0.3080401806758098,5.3303893626756595e-12,5.0738607997926346e-12,5.006600894250664e-12,0.3173623196911966,20.0,0.6135084000125062
single_A_20260829,shift_C_2_down,256,256,2d0de72cec5f92d16c3a0534c9bd67e6cf0d777b6fb9e573c0104fc44caa8d8a,0.250244140625,0.10721574450037244,0.317343319776924,0.3095257764489011,5.358510273179849e-12,4.967112853757618e-12,4.9248899519294444e-12,0.317343319776924,20.0,0.6226870000100462
single_A_20260830,shift_C_2_down,256,256,5019dafb2f1462cbfcd955a51960603d8c046303897e2835d9a5d8820f5596a5,0.25048828125,0.10723987678375418,0.3162283111856872,0.31482704195638933,5.3034057022574545e-12,4.944675823429319e-12,4.962470545922815e-12,0.3162283111856872,20.0,0.6148226000077557
robust_20260828,shift_C_2_down,256,256,f37d26b6f37ecf0a1e8831d1a8ec583d22c852a33bbeccd99a9c7052e38d0a99,0.2509765625,0.15615495681263328,0.15596395806562802,0.15726378629585136,7.457370696019172e-12,7.525272489260482e-12,7.423808552190581e-12,0.15726378629585136,20.0,0.6201770000043325
robust_20260829,shift_C_2_down,256,256,934d30af2703bd5357fbccaa7ae73c7f864bf016860b291a62fec01d06459387,0.2509765625,0.1574716324313547,0.15737556496888783,0.15608493591307493,7.343194487175408e-12,7.587633429414703e-12,7.335874255847046e-12,0.1574716324313547,20.0,0.6180654000054346
robust_20260830,shift_C_2_down,256,256,acedf86e13b27f0476e96abd9fdb41e0559eeee92171e6cc653610115510d915,0.251220703125,0.15615921571593164,0.15596201520729633,0.15515359881697227,7.407332109399596e-12,7.487745646739402e-12,7.55917393069026e-12,0.15615921571593164,20.0,0.6136071999935666
random_filtered_seed_9101,intensity_minus_5pct,256,256,2f1356721e17051c58c11cdfd1638307a7251dd5656a9beb2f26bab8ad08c9f2,0.25,0.496383692060101,0.5617664503960378,0.46418922530248374,2.2260775233119602e-11,2.0708895208813025e-11,2.3021203291461908e-11,0.5617664503960378,20.0,0.6132681000017328
random_filtered_seed_9102,intensity_minus_5pct,256,256,660787503acb6bb82e07527b29282439058c85dc59dbf2feb202033d290e8172,0.25,0.43311114988000315,0.4718950936765933,0.5144295572075014,2.1917845399676395e-11,2.3372122624020507e-11,2.220760164642222e-11,0.5144295572075014,20.0,0.6124072999955388
random_filtered_seed_9103,intensity_minus_5pct,256,256,248fe4585c1bac0ec2fd67aaff4e8498debf99c87b647a57a9d009e935d776dc,0.25,0.4861836061939271,0.49578883279864294,0.5502087962195303,2.3808394575342687e-11,2.408150629395354e-11,2.391138216087144e-11,0.5502087962195303,20.0,0.6159886999957962
straight_path,intensity_minus_5pct,256,256,57649ac473a6a76edb7273831f2b0574ad161b66d511727e536db316df5c6ce4,0.25,0.1213130394367762,0.30109470824280515,0.3010947082427975,7.850797778962145e-12,7.369105464237743e-12,7.45788730771517e-12,0.30109470824280515,20.0,0.6267297000013059
evenly_dispersed_binary,intensity_minus_5pct,256,256,b8833787d8d703775992a5d3ac5378d7d0b7e24496917de225ba10962a8c613b,0.25,0.5168789021779775,0.5541530990532008,0.5557020593129625,2.130435262467209e-11,2.161441911536559e-11,2.1327574008252753e-11,0.5557020593129625,20.0,0.6290823000017554
single_A_20260828,intensity_minus_5pct,256,256,2bcc42fcc0dc8d29413adb4db8ff40a96bbef715d2c382b91b644ba38c9be2d1,0.25048828125,0.10182817704893686,0.30149420370663677,0.29886451582046253,5.391615959433806e-12,5.004090046820694e-12,5.0063648992652585e-12,0.30149420370663677,20.0,0.6213867000042228
single_A_20260829,intensity_minus_5pct,256,256,2d0de72cec5f92d16c3a0534c9bd67e6cf0d777b6fb9e573c0104fc44caa8d8a,0.250244140625,0.10185495727535379,0.3014761537880777,0.3002175380861235,5.338901635214422e-12,5.03752624263668e-12,4.99422923215118e-12,0.3014761537880777,20.0,0.6141748999943957
single_A_20260830,intensity_minus_5pct,256,256,5019dafb2f1462cbfcd955a51960603d8c046303897e2835d9a5d8820f5596a5,0.25048828125,0.1018778829445665,0.30041689562640284,0.30509374406427814,5.24591866920178e-12,4.996327681388348e-12,5.037018240698394e-12,0.30509374406427814,20.0,0.609806499996921
robust_20260828,intensity_minus_5pct,256,256,f37d26b6f37ecf0a1e8831d1a8ec583d22c852a33bbeccd99a9c7052e38d0a99,0.2509765625,0.14834720897200165,0.14816576016234648,0.14868148369640485,7.40936219611295e-12,7.514764955632888e-12,7.484904094726903e-12,0.14868148369640485,20.0,0.6218515000073239
robust_20260829,intensity_minus_5pct,256,256,934d30af2703bd5357fbccaa7ae73c7f864bf016860b291a62fec01d06459387,0.2509765625,0.1495980508097869,0.14950678672044354,0.1478414540917678,7.320786796433636e-12,7.629240014988218e-12,7.370760156524134e-12,0.1495980508097869,20.0,0.614497599992319
robust_20260830,intensity_minus_5pct,256,256,acedf86e13b27f0476e96abd9fdb41e0559eeee92171e6cc653610115510d915,0.251220703125,0.148351254930135,0.14816391444693153,0.14880369040941446,7.393326340776775e-12,7.527049133753308e-12,7.671509289218512e-12,0.14880369040941446,20.0,0.6178470999875572
random_filtered_seed_9101,intensity_plus_5pct,256,256,2f1356721e17051c58c11cdfd1638307a7251dd5656a9beb2f26bab8ad08c9f2,0.25,0.5486346070137963,0.620899760964042,0.513051249018534,2.223726466469126e-11,2.1348956384938787e-11,2.286123473326168e-11,0.620899760964042,20.0,0.6247179000056349
random_filtered_seed_9102,intensity_plus_5pct,256,256,660787503acb6bb82e07527b29282439058c85dc59dbf2feb202033d290e8172,0.25,0.478701797235793,0.5215682614320244,0.5685800369135542,2.1854748005020206e-11,2.303406183950411e-11,2.2297096211366296e-11,0.5685800369135542,20.0,0.618582700000843
random_filtered_seed_9103,intensity_plus_5pct,256,256,248fe4585c1bac0ec2fd67aaff4e8498debf99c87b647a57a9d009e935d776dc,0.25,0.5373608278985511,0.5479771309879733,0.60812551161106,2.4058663299297196e-11,2.3371985200507722e-11,2.4029673205615272e-11,0.60812551161106,20.0,0.6187296999996761
straight_path,intensity_plus_5pct,256,256,57649ac473a6a76edb7273831f2b0574ad161b66d511727e536db316df5c6ce4,0.25,0.13408283306170002,0.3327888880578373,0.3327888880578291,8.089073662758094e-12,7.35702176182386e-12,7.331267066216603e-12,0.3327888880578373,20.0,0.6142989999934798
evenly_dispersed_binary,intensity_plus_5pct,256,256,b8833787d8d703775992a5d3ac5378d7d0b7e24496917de225ba10962a8c613b,0.25,0.5712872076703962,0.6124850042166956,0.6141970129248532,2.1327994133117356e-11,2.1526226708616807e-11,2.170216679741067e-11,0.6141970129248532,20.0,0.6505313999950886
single_A_20260828,intensity_plus_5pct,256,256,2bcc42fcc0dc8d29413adb4db8ff40a96bbef715d2c382b91b644ba38c9be2d1,0.25048828125,0.1125469325277724,0.33323043567575655,0.330323938538406,5.3062205825268095e-12,4.9676143625931254e-12,4.9406920162961075e-12,0.33323043567575655,20.0,0.61688359999971
single_A_20260829,intensity_plus_5pct,256,256,2d0de72cec5f92d16c3a0534c9bd67e6cf0d777b6fb9e573c0104fc44caa8d8a,0.250244140625,0.1125765317253911,0.33321048576577,0.33181938420045226,5.315210389808868e-12,5.008760020707007e-12,4.979800679339626e-12,0.33321048576577,20.0,0.6467445000016596
single_A_20260830,intensity_plus_5pct,256,256,5019dafb2f1462cbfcd955a51960603d8c046303897e2835d9a5d8820f5596a5,0.25048828125,0.11260187062294186,0.33203972674497145,0.3372088750184125,5.291083263851477e-12,4.940033247410274e-12,4.94032899365452e-12,0.3372088750184125,20.0,0.627090699999826
robust_20260828,intensity_plus_5pct,256,256,f37d26b6f37ecf0a1e8831d1a8ec583d22c852a33bbeccd99a9c7052e38d0a99,0.2509765625,0.163962704653265,0.1637621559689094,0.16433216619076324,7.2386078888863616e-12,7.534387926240289e-12,7.663736725425208e-12,0.16433216619076324,20.0,0.6224967999878572
robust_20260829,intensity_plus_5pct,256,256,934d30af2703bd5357fbccaa7ae73c7f864bf016860b291a62fec01d06459387,0.2509765625,0.16534521405292224,0.16524434321733225,0.16340371241721705,7.342780646997431e-12,7.614054952871071e-12,7.513543082885475e-12,0.16534521405292224,20.0,0.6206065000005765
robust_20260830,intensity_plus_5pct,256,256,acedf86e13b27f0476e96abd9fdb41e0559eeee92171e6cc653610115510d915,0.251220703125,0.16396717650172807,0.16376011596766127,0.1644672367683002,7.45452153058203e-12,7.588837001701908e-12,7.819947951687425e-12,0.1644672367683002,20.0,0.6181952000042656
random_filtered_seed_9101,k_high_19,256,256,2f1356721e17051c58c11cdfd1638307a7251dd5656a9beb2f26bab8ad08c9f2,0.25,0.5243960726138099,0.5933450032642947,0.49107317164964326,2.0374870236966353e-11,1.9088292322301502e-11,2.0909201047321674e-11,0.5933450032642947,19.0,0.6188269000122091
random_filtered_seed_9102,k_high_19,256,256,660787503acb6bb82e07527b29282439058c85dc59dbf2feb202033d290e8172,0.25,0.45970585083903737,0.49979857570768077,0.5447282933505271,2.0485265318384948e-11,2.1361780630436148e-11,2.0929352635501584e-11,0.5447282933505271,19.0,0.6173071000084747
random_filtered_seed_9103,k_high_19,256,256,248fe4585c1bac0ec2fd67aaff4e8498debf99c87b647a57a9d009e935d776dc,0.25,0.514621721818451,0.5251283659994397,0.5818079428367405,2.190730351342643e-11,2.256929305617288e-11,2.212221319046276e-11,0.5818079428367405,19.0,0.6166061999974772
straight_path,k_high_19,256,256,57649ac473a6a76edb7273831f2b0574ad161b66d511727e536db316df5c6ce4,0.25,0.13361413010355516,0.32187504039581927,0.3218750403958112,7.392018331565159e-12,6.816299751616454e-12,6.8077461392228404e-12,0.32187504039581927,19.0,0.6155074999987846
evenly_dispersed_binary,k_high_19,256,256,b8833787d8d703775992a5d3ac5378d7d0b7e24496917de225ba10962a8c613b,0.25,0.5455353308686494,0.5848745227856537,0.5865062181865154,1.973983726113406e-11,2.0158549949942204e-11,2.0332360356749328e-11,0.5865062181865154,19.0,0.6158285999990767
single_A_20260828,k_high_19,256,256,2bcc42fcc0dc8d29413adb4db8ff40a96bbef715d2c382b91b644ba38c9be2d1,0.25048828125,0.11220110418854264,0.321466291111764,0.3186871457874008,4.8986464459590994e-12,4.593765560861014e-12,4.613176929504447e-12,0.321466291111764,19.0,0.6203873000049498
single_A_20260829,k_high_19,256,256,2d0de72cec5f92d16c3a0534c9bd67e6cf0d777b6fb9e573c0104fc44caa8d8a,0.250244140625,0.1122305370745775,0.3214381395497718,0.32010093024828745,4.907455000562427e-12,4.635280088647725e-12,4.5998114898314066e-12,0.3214381395497718,19.0,0.6470020999986446
single_A_20260830,k_high_19,256,256,5019dafb2f1462cbfcd955a51960603d8c046303897e2835d9a5d8820f5596a5,0.25048828125,0.11225578079836797,0.3203023962535301,0.32520532111700234,4.873765168672719e-12,4.554712398826577e-12,4.58494725990436e-12,0.32520532111700234,19.0,0.6206625000049826
robust_20260828,k_high_19,256,256,f37d26b6f37ecf0a1e8831d1a8ec583d22c852a33bbeccd99a9c7052e38d0a99,0.2509765625,0.16151726827116258,0.16252800233488984,0.16278897531630795,6.855981780170044e-12,6.923852283760342e-12,6.996914063425051e-12,0.16278897531630795,19.0,0.6185594999988098
robust_20260829,k_high_19,256,256,934d30af2703bd5357fbccaa7ae73c7f864bf016860b291a62fec01d06459387,0.2509765625,0.16282453668810537,0.1641846172370824,0.16224399500076112,6.878129711040354e-12,7.005319242374164e-12,6.807272918806451e-12,0.1641846172370824,19.0,0.6194544000027236
robust_20260830,k_high_19,256,256,acedf86e13b27f0476e96abd9fdb41e0559eeee92171e6cc653610115510d915,0.251220703125,0.16153674767131085,0.1626115877489819,0.16331916659447965,6.889162172994755e-12,6.948110432327222e-12,7.074522469240183e-12,0.16331916659447965,19.0,0.6171833999978844
random_filtered_seed_9101,k_high_21,256,256,2f1356721e17051c58c11cdfd1638307a7251dd5656a9beb2f26bab8ad08c9f2,0.25,0.5207865711528923,0.5894948724450739,0.48638087251202927,2.4310780753616974e-11,2.253138760827739e-11,2.4515670609624868e-11,0.5894948724450739,21.0,0.6121465000032913
random_filtered_seed_9102,k_high_21,256,256,660787503acb6bb82e07527b29282439058c85dc59dbf2feb202033d290e8172,0.25,0.4523856620399128,0.4939086473484166,0.538525580547249,2.3315035249038407e-11,2.4736292758014017e-11,2.3921657928617403e-11,0.538525580547249,21.0,0.6155279999948107
random_filtered_seed_9103,k_high_21,256,256,248fe4585c1bac0ec2fd67aaff4e8498debf99c87b647a57a9d009e935d776dc,0.25,0.509147297336432,0.5188918247983156,0.5767405139434335,2.6064612257953468e-11,2.5329674832567058e-11,2.5367919617520525e-11,0.5767405139434335,21.0,0.616636999999173
straight_path,k_high_21,256,256,57649ac473a6a76edb7273831f2b0574ad161b66d511727e536db316df5c6ce4,0.25,0.12228378333662324,0.3124272149677813,0.31242721496777376,8.13884988074731e-12,7.648489850549824e-12,7.628116923135872e-12,0.3124272149677813,21.0,0.6252526000025682
evenly_dispersed_binary,k_high_21,256,256,b8833787d8d703775992a5d3ac5378d7d0b7e24496917de225ba10962a8c613b,0.25,0.5427643212096115,0.5819066413710561,0.5835359633533639,2.1948971691288063e-11,2.250188079324034e-11,2.1878584905607535e-11,0.5835359633533639,21.0,0.621289999995497
single_A_20260828,k_high_21,256,256,2bcc42fcc0dc8d29413adb4db8ff40a96bbef715d2c382b91b644ba38c9be2d1,0.25048828125,0.10261372711811144,0.31361928282755525,0.3108638409213177,5.484460250312087e-12,5.162099741479026e-12,5.149978924101647e-12,0.31361928282755525,21.0,0.6165124000108335
single_A_20260829,k_high_21,256,256,2d0de72cec5f92d16c3a0534c9bd67e6cf0d777b6fb9e573c0104fc44caa8d8a,0.250244140625,0.1026408225633485,0.3136087297519731,0.3122952879922989,5.551791556000992e-12,5.214326221531868e-12,5.159956769760049e-12,0.3136087297519731,21.0,0.6225753000035184
single_A_20260830,k_high_21,256,256,5019dafb2f1462cbfcd955a51960603d8c046303897e2835d9a5d8820f5596a5,0.25048828125,0.10266393917876707,0.3125129062450075,0.317454101798181,5.4006194589475216e-12,5.217940544641056e-12,5.091760169675719e-12,0.317454101798181,21.0,0.6153331999958027
robust_20260828,k_high_21,256,256,f37d26b6f37ecf0a1e8831d1a8ec583d22c852a33bbeccd99a9c7052e38d0a99,0.2509765625,0.15124737493128632,0.15026043029968605,0.15076690197825066,7.701166535773383e-12,7.792944763718185e-12,7.809829909476293e-12,0.15124737493128632,21.0,0.6141031000006478
robust_20260829,k_high_21,256,256,934d30af2703bd5357fbccaa7ae73c7f864bf016860b291a62fec01d06459387,0.2509765625,0.15257288230394536,0.15113568392616772,0.14971055124975716,7.623553380583345e-12,7.904614998504197e-12,7.768090941926912e-12,0.15257288230394536,21.0,0.6224695999990217
robust_20260830,k_high_21,256,256,acedf86e13b27f0476e96abd9fdb41e0559eeee92171e6cc653610115510d915,0.251220703125,0.15123710583905217,0.14986847556518365,0.1505105143297522,7.757256406572454e-12,7.864892396480171e-12,7.894162738920465e-12,0.15123710583905217,21.0,0.616646700000274
