iteration,total_objective,exact_peak,gradient_norm_before_clipping,maximum_relative_residual,wall_seconds
0,0.7158133635620297,0.8201484099557959,0.01488571148365736,9.97428626903908e-07,0.7605269551277161
1,0.7058387084297821,0.8100969829221546,0.01596948504447937,9.92738980312931e-07,0.7702064421027899
2,0.6948995647354438,0.799037522784462,0.01701057143509388,9.910796452493448e-07,0.7710100561380386
3,0.6830573300492755,0.7871788870823286,0.01796940341591835,9.97566648354369e-07,0.8019304592162371
4,0.6704026812383801,0.7744336719379231,0.01878396049141884,9.825465856249522e-07,0.7662684079259634
5,0.6570795590810682,0.7608236768946639,0.019348768517374992,9.738673277279827e-07,0.8269712552428246
6,0.6433403606444572,0.74642853726613,0.019468050450086594,9.98385923773756e-07,0.7615630850195885
7,0.62963189920057,0.7313584872334837,0.018821202218532562,9.91936003805681e-07,0.7605404555797577
8,0.6166803424363196,0.7157546145007968,0.017052190378308296,9.872707789857474e-07,0.7891971953213215
9,0.6054218006704214,0.6998258376057019,0.014211880043148994,9.677697152090526e-07,0.7795156612992287
10,0.5965442785535517,0.6932275565821582,0.01127444114536047,9.990101294502174e-07,0.7721922863274813
11,0.5899409797408021,0.692034135933145,0.00943925604224205,9.98232280221924e-07,0.7797170709818602
12,0.5848638191997154,0.6901185709528391,0.008784414269030094,9.995851332935237e-07,0.7882566880434752
13,0.5805463207185497,0.6876053441124516,0.008686897344887257,9.9917476869625e-07,0.7585384454578161
14,0.5765077459689264,0.6846203799975369,0.008744507096707821,9.750429835454212e-07,0.7796736396849155
15,0.5725150874771725,0.6812715459502926,0.008822163566946983,9.510088356001515e-07,0.7683444507420063
16,0.5684748263495364,0.677644903544905,0.008886173367500305,9.639774493773234e-07,0.7650519516319036
17,0.5643590430106046,0.673807109651215,0.008930598385632038,9.678342970762722e-07,0.7861593905836344
18,0.5601682387022189,0.6698099213899141,0.00895647332072258,9.97453824874488e-07,0.7923938557505608
19,0.5559132093667376,0.6656930714882324,0.008966770023107529,9.940132461182148e-07,0.7598437443375587
20,0.5516081513432044,0.6614878080200116,0.008965123444795609,9.937665933085599e-07,0.7476736605167389
21,0.5472665502306898,0.6572180844987402,0.008955463767051697,9.715280911187374e-07,0.7622178643941879
22,0.5429000253771679,0.6529021843170418,0.008941861800849438,9.871440574056772e-07,0.7661222815513611
23,0.5385177798092252,0.6485536739025263,0.008928373456001282,9.998214564054627e-07,0.7512680999934673
24,0.534126234809533,0.6441818756179672,0.008918972685933113,9.999827709459494e-07,0.7613612413406372
25,0.5297292255910652,0.6397925550766557,0.008917529135942459,9.837842598885145e-07,0.775860195979476
26,0.5253278262324845,0.6353880369884325,0.008927768096327782,9.687450552729178e-07,0.769228883087635
27,0.5209207012198376,0.6309677173422211,0.008953300304710865,9.899667382580752e-07,0.767429493367672
28,0.5165041821572037,0.6265282431189109,0.008997650817036629,9.780727915574293e-07,0.7619249578565359
29,0.5120723318622444,0.6220944263061446,0.009064304642379284,9.918957640190168e-07,0.777598649263382
30,0.5076172013874539,0.6176547010432935,0.009156721644103527,9.985291690043987e-07,0.7399573046714067
31,0.5031290187693216,0.6131734467214018,0.009278202429413795,9.707067492381398e-07,0.7503899447619915
32,0.49859619317258547,0.6086383353097377,0.009431825950741768,9.825715251969365e-07,0.7447131481021643
33,0.4940057810403551,0.6040352381101131,0.009620213881134987,9.819842110951435e-07,0.7478620130568743
34,0.4893435589589106,0.5993481870373519,0.009845145978033543,9.98516570897249e-07,0.7636493593454361
35,0.48459454733915047,0.5945597210493333,0.01010708138346672,9.849787603784197e-07,0.7539950851351023
36,0.47974339370196234,0.5896510303204825,0.010404565371572971,9.987591145438995e-07,0.798746470361948
37,0.4747750815397091,0.5846023262457939,0.010733514092862606,9.988908574047063e-07,0.8196507375687361
38,0.46967598540196903,0.5793934151847343,0.011086447164416313,9.789947719596568e-07,0.7524201087653637
39,0.4644348906436277,0.5740040588096921,0.011451689526438713,9.824507257847013e-07,0.7693671248853207
40,0.4590450150552108,0.5684150800070192,0.011812562122941017,9.844424337783472e-07,0.7626871019601822
41,0.4535056705354021,0.5626088071908604,0.012146716937422752,9.917011170725851e-07,0.7498536445200443
42,0.44782539032408375,0.556570643112396,0.012425856664776802,9.927575877372118e-07,0.7561019603163004
43,0.442024775369513,0.5502901580856415,0.012616445310413837,9.76620515440588e-07,0.7812784053385258
44,0.4361396819991363,0.54376276467678,0.012682754546403885,9.968649888358487e-07,0.7750659417361021
45,0.4302235877346854,0.5369919346002213,0.012594470754265785,9.80238305127859e-07,0.7763749957084656
46,0.4243464196792907,0.529991383917007,0.01234163623303175,9.971772461316706e-07,0.7850699722766876
47,0.41858768656854056,0.5227880279054753,0.01195693202316761,9.987841642321828e-07,0.7940806541591883
48,0.4130202034770999,0.5154241574186486,0.011535489931702614,9.825981604146063e-07,0.7461575008928776
49,0.40768678574295564,0.5079584427254599,0.011225626803934574,9.887110660300481e-07,0.7327552512288094
50,0.40257891177967237,0.5004636292524586,0.011165362782776356,9.845218054592558e-07,0.7448224406689405
51,0.39763190507294277,0.49302008255180724,0.011395514942705631,9.832542950987294e-07,0.7808189503848553
52,0.39274348164771555,0.48735431224507153,0.011837120167911053,9.935850335050996e-07,0.7467153202742338
53,0.3878056543795241,0.4839078664756636,0.012354575097560883,9.946031101490166e-07,0.7760633584111929
54,0.38273248890506567,0.4798122184091124,0.012827420607209206,9.960727202190258e-07,0.7843110375106335
55,0.37747446140892144,0.47510452170908196,0.013178941793739796,9.975936856431573e-07,0.77116977609694
56,0.3720197030742863,0.46984534083311486,0.01337292231619358,9.970083431603944e-07,0.7748238556087017
57,0.3663875332077276,0.464111304634386,0.013402438722550869,9.879083586270614e-07,0.7840576358139515
58,0.36061928488293377,0.45798965093511784,0.013280962593853474,9.840202365281923e-07,0.7572077978402376
59,0.3547686104015376,0.45157377291680156,0.013036571443080902,9.993526678292171e-07,0.8127668797969818
60,0.348892333739783,0.44495889965670227,0.012706788256764412,9.596553517528874e-07,0.7883139662444592
61,0.34304322762289197,0.43823823799235945,0.012332335114479065,9.456929868386287e-07,0.8051183614879847
62,0.33726482474108893,0.4314989124878568,0.011949940584599972,9.912267769769226e-07,0.7683021761476994
63,0.33158928940052845,0.4248187122249819,0.01158588845282793,9.812553227796565e-07,0.7788690235465765
64,0.32603768052972637,0.4182634251892973,0.011252791620790958,9.807545858469447e-07,0.7626204397529364
65,0.3206220798754469,0.4118853247839288,0.010950605385005474,9.97810509164222e-07,0.765397259965539
66,0.31534848400162435,0.40697264460480764,0.010670959949493408,9.979508727605465e-07,0.8081283587962389
67,0.3102198256798527,0.4021456421886361,0.010402615182101727,9.887503848419094e-07,0.7450927048921585
68,0.305237639235559,0.39733770195793167,0.01013560127466917,9.870324770522772e-07,0.7547999694943428
69,0.3004036260893273,0.3925607799738816,0.009863571263849735,9.926585834369354e-07,0.7943220399320126
70,0.29571970091278316,0.3878297991099227,0.00958420429378748,9.914003925062973e-07,0.7343988120555878
71,0.29118801838902375,0.38316118246708475,0.009298504330217838,9.87927697974089e-07,0.7524319291114807
72,0.2868103802458362,0.37857127082944136,0.009009561501443386,9.55838155817039e-07,0.7638520915061235
73,0.28258792630722596,0.3740753426640656,0.008721398189663887,9.972565072459477e-07,0.7862245123833418
74,0.2785209658835459,0.36968702418528626,0.008438007906079292,9.913456347820127e-07,0.7454343270510435
75,0.27460837885922523,0.36541741565888936,0.008162755519151688,9.665523792538906e-07,0.7533023208379745
76,0.27084807532849076,0.36127534589486615,0.007898085750639439,9.866268561950387e-07,0.7703849393874407
77,0.26723681228738183,0.3572670909348547,0.00764546450227499,9.808912545932153e-07,0.7476761657744646
78,0.2637704916790334,0.35339663701360063,0.007405524142086506,9.813409345112232e-07,0.7818172127008438
79,0.2604444185354441,0.34966595222177177,0.007178200874477625,9.59445972523804e-07,0.7450483106076717
80,0.2572533968950971,0.34607514069191486,0.006963000632822514,9.721707864120304e-07,0.7430258858948946
81,0.25419204935182355,0.3426228775224451,0.006759137846529484,9.835154258341152e-07,0.7619881685823202
82,0.25125487541257374,0.3393065825427257,0.006565702613443136,9.966248862275304e-07,0.7756387796252966
83,0.2484364388292045,0.3361227752958382,0.006381798069924116,9.692388188060084e-07,0.7753107342869043
84,0.24573143142558748,0.333067254330304,0.0062065571546554565,9.867486872129603e-07,0.7473524287343025
85,0.24313474429682266,0.3301353574343825,0.006039209198206663,9.980090171214402e-07,0.8145934920758009
86,0.24064148044377331,0.32732208850581185,0.00587910320609808,9.825071357429367e-07,0.7650971114635468
87,0.23824692290722685,0.32462222954612957,0.005725672468543053,9.895897597648915e-07,0.7440435942262411
88,0.23594660956336505,0.3220305116677942,0.005578456446528435,9.973656574325063e-07,0.74535708501935
89,0.23373631233684541,0.3195849730135682,0.005437089595943689,9.950287408825519e-07,0.7669775541871786
90,0.23161198011539458,0.31728984129240045,0.005301231984049082,9.99517921994669e-07,0.774590291082859
91,0.22956977088317437,0.31506709049438286,0.005170625634491444,9.773053275023559e-07,0.7856867723166943
92,0.22760597615741524,0.31291451105613843,0.005045028869062662,9.910360496004205e-07,0.7887293435633183
93,0.22571708586468636,0.31083002770496965,0.004924246575683355,9.925201123140702e-07,0.791252126917243
94,0.22389976085480595,0.30881164222668045,0.004808076657354832,9.98676879406079e-07,0.7642171252518892
95,0.222150757485364,0.30685733662317255,0.0046963561326265335,9.856476082932513e-07,0.7449533306062222
96,0.22046700441159334,0.3049651625705741,0.004588931333273649,9.956568945040627e-07,0.7719527669250965
97,0.21884552857113382,0.30313314601994107,0.004485639743506908,9.823470521727252e-07,0.7670341916382313
98,0.21728350522555753,0.3013593469361846,0.0043863155879080296,9.80527652200852e-07,0.7665505725890398
99,0.2157782030390441,0.2996417908471747,0.004290809389203787,9.91901808402013e-07,0.7434398829936981
100,0.21432704843220332,0.2979785639889868,0.004198980052024126,9.823594613579626e-07,0.7592318672686815
101,0.2129275327796777,0.29636770421815395,0.004110663663595915,9.56237899772541e-07,0.7356786727905273
102,0.21157731876412544,0.2948073408554819,0.004025714471936226,9.88065483428386e-07,0.7963075004518032
103,0.21027409616023,0.29329552101039463,0.003943987190723419,9.969785038357441e-07,0.7570483963936567
104,0.20901571634030797,0.2918304102731575,0.003865336999297142,9.959527570275177e-07,0.7412577457726002
105,0.20780012182367005,0.29041018006122654,0.0037896274589002132,9.845908008743349e-07,0.8090746868401766
106,0.20662535095718634,0.2890330416343844,0.003716717939823866,9.43480356501739e-07,0.7463426031172276
107,0.20548950643121286,0.2876972193068884,0.0036464971490204334,9.910426789223263e-07,0.7613523583859205
108,0.20439084871824342,0.2864010604410847,0.0035788509994745255,9.391630578639457e-07,0.7455987501889467
109,0.20332761773906544,0.28516107098115695,0.0035136654041707516,9.792231656151494e-07,0.7527039106935263
110,0.20229826549078553,0.2839810121899786,0.0034508230164647102,9.458577587261002e-07,0.7557742614299059
111,0.20130116366423056,0.2828335459144813,0.003390250029042363,9.563555083882888e-07,0.7547042760998011
112,0.20033491525163385,0.28171732283073964,0.0033318388741463423,9.905005125520068e-07,0.7687197402119637
113,0.19939809211628765,0.28063097074016546,0.003275493858382106,9.873053936682514e-07,0.7776745352894068
114,0.19848936404079237,0.279573218966119,0.0032211311627179384,9.839387154381546e-07,0.7523097135126591
115,0.19760747315032962,0.27854287137710443,0.003168664872646332,9.959408281453675e-07,0.7693133000284433
116,0.19675119610604003,0.27753878147484495,0.00311800604686141,9.848741527795646e-07,0.7568458504974842
117,0.1959194356363149,0.2765599136574749,0.0030690652783960104,9.911853720856293e-07,0.7831410374492407
118,0.19511107979137174,0.275605222503968,0.0030217573512345552,9.973777550627665e-07,0.744130115956068
119,0.19432512964626625,0.2746737717438229,0.0029760010074824095,9.994375354142667e-07,0.8737666551023722
120,0.19356058377233298,0.2737646184717337,0.0029317024163901806,9.976849810512995e-07,0.7708951085805893
121,0.19281655181806803,0.2728769240854565,0.002888800809159875,9.643793641095706e-07,0.7484258785843849
122,0.1920921906554067,0.27200989456023766,0.002847218420356512,9.892768873397099e-07,0.7634180914610624
123,0.19138664675209244,0.2711627134090342,0.0028068912215530872,9.526403272809378e-07,0.752860851585865
124,0.19069918793943288,0.27033468185402393,0.0027677412144839764,9.814054034103477e-07,0.8198140077292919
125,0.1900290257654752,0.2695250332816274,0.0027297271881252527,9.739625137601233e-07,0.7654307056218386
126,0.1893755211301754,0.26873314676350296,0.0026927900034934282,9.885589398298057e-07,0.7551825623959303
127,0.18873802612977722,0.26797335535733796,0.0026568842586129904,9.769089497702616e-07,0.7808299846947193
128,0.18811586424152157,0.26723500617557083,0.002621964318677783,9.92828835389374e-07,0.8221204970031977
129,0.1875085014065179,0.26651225532570827,0.0025879961904138327,9.752517411517347e-07,0.7637230157852173
130,0.18691537023679236,0.2658045365999228,0.002554946579039097,9.417387332061364e-07,0.7674989514052868
131,0.18633586818703476,0.26511123810517767,0.0025227759033441544,9.996079163584015e-07,0.7590363156050444
132,0.18576954468514226,0.26443189786148474,0.002491461345925927,9.990679624691223e-07,0.7755961176007986
133,0.1852158854491383,0.2637659888566212,0.0024609765969216824,9.984710653953042e-07,0.7827299684286118
134,0.1846744406278042,0.26311304263577606,0.002431286731734872,9.978047896365642e-07,0.7615858297795057
135,0.18414476212806405,0.2624725872911389,0.0024023689329624176,9.970579801109634e-07,0.7795843463391066
136,0.18362642172458424,0.26184417153487277,0.0023741936311125755,9.962187286423585e-07,0.7733508199453354
137,0.18311898491940434,0.26122733354463396,0.002346727764233947,9.952775233611983e-07,0.7463285401463509
138,0.18262213138972108,0.2606217308803142,0.0023199550341814756,9.942240214631584e-07,0.7891997471451759
139,0.18213542640648211,0.26002689610046226,0.0022938379552215338,9.930495684928856e-07,0.7850744258612394
140,0.18165856277353226,0.25944249526307483,0.002268346957862377,9.957364892465433e-07,0.7741090208292007
141,0.18119119588102903,0.2588681544025279,0.0022434554994106293,9.90301868011132e-07,0.7618213929235935
142,0.1807330065797899,0.25830352699858183,0.002219136105850339,9.899089001472985e-07,0.8030609954148531
143,0.18028369745967807,0.2577482840629649,0.002195362001657486,9.953381312310568e-07,0.7669278886169195
144,0.17984298135781712,0.25720211136060017,0.0021720975637435913,9.850609060975366e-07,0.7768677193671465
145,0.1794106376013506,0.2566647663277233,0.0021493376698344946,9.993701201037714e-07,0.7761914953589439
146,0.17898630831254858,0.25613586010982015,0.0021270508877933025,9.879006937743463e-07,0.7880049794912338
147,0.17856984331253134,0.25561522335786707,0.0021052155643701553,9.92592861713555e-07,0.7633885014802217
148,0.17816098838987432,0.2551025836452225,0.0020838133059442043,9.968158788521659e-07,0.7491650674492121
149,0.1777594985782098,0.2545976707175786,0.0020628320053219795,9.920886797284152e-07,0.787972817197442
150,0.17736519299808048,0.2541002939135058,0.0020422551315277815,9.879859000436726e-07,0.7378876078873873
151,0.17697786081787578,0.25361022837312897,0.002022067317739129,9.664563283596772e-07,0.7627278789877892
152,0.17659731546458818,0.25312727249801376,0.0020022601820528507,9.62952196720724e-07,0.7550514563918114
153,0.17622334274460968,0.2526512062957545,0.0019828195217996836,9.592148681051367e-07,0.8043225444853306
154,0.1758558251198453,0.2521819038733737,0.0019637425430119038,9.610807859193197e-07,0.7401550263166428
155,0.17549453977148735,0.25171913440180804,0.0019450155086815357,9.715716672484887e-07,0.7521366477012634
156,0.17513934298171357,0.2512627526848092,0.0019266323652118444,9.817508551132784e-07,0.7785226665437222
157,0.17479008602969853,0.25081260870054484,0.0019085806561633945,9.916206851810801e-07,0.7781575489789248
158,0.1744465971936784,0.25036852420053385,0.0018908586353063583,9.368475800974739e-07,0.7588077820837498
159,0.1741087280080224,0.24993035363748087,0.0018734550103545189,9.39141913599829e-07,0.7872596643865108
160,0.1737763544522776,0.24949797135702034,0.0018563596531748772,9.465226867768028e-07,0.7849735263735056
161,0.17344933358494152,0.24907123220103988,0.00183956790715456,9.537520179519162e-07,0.8082355577498674
162,0.17312752887463756,0.24865000027979453,0.0018230635905638337,9.95812216471357e-07,0.762512993067503
163,0.17281079773538455,0.24823412891910696,0.0018068492645397782,9.874062570877734e-07,0.7778035365045071
164,0.1724990452973578,0.24782352577361677,0.0017909120069816709,9.7876306108936e-07,0.7829065695405006
165,0.1721921413243856,0.24741805751584184,0.001775240176357329,9.811427673066e-07,0.7698554191738367
166,0.17188998256712018,0.24701762072010847,0.0017598257400095463,9.876094742563684e-07,0.7758179120719433
167,0.17159241820938512,0.24662205635074783,0.001744661247357726,9.939255132170802e-07,0.8123462684452534
168,0.17129937370352236,0.24623129571939853,0.001729737501591444,9.70443513654735e-07,0.7965380121022463
169,0.1710107610405513,0.24584524898842317,0.0017150475177913904,9.757748640051647e-07,0.7539276890456676
170,0.1707264373576036,0.2454637655150238,0.001700582099147141,9.909116118464555e-07,0.7777625042945147
171,0.17044636301358954,0.24508681476040214,0.0016863339114934206,9.855994233309638e-07,0.7654672060161829
172,0.17017042116577524,0.24471427460730638,0.0016722975997254252,9.901155429673613e-07,0.8238910045474768
173,0.16989851675597425,0.2443460571524278,0.0016584707191213965,9.9438269364455e-07,0.7877805717289448
174,0.16963055414874628,0.24398206672534575,0.0016448443057015538,9.984143888061928e-07,0.7765298802405596
175,0.16936648224728537,0.24362226290388042,0.001631411025300622,9.574747991034554e-07,0.7808410674333572
176,0.1691061969479458,0.2432665435881826,0.0016181709943339229,9.970535193753182e-07,0.7572038155049086
177,0.16884965202752347,0.24291487426143044,0.001605119206942618,9.919470577599164e-07,0.7973146140575409
178,0.168596728645248,0.2425671487071131,0.0015922471648082137,9.868508856542244e-07,0.7756198961287737
179,0.16834737393859064,0.2422233221740707,0.0015795553335919976,9.817597140257693e-07,0.7944414671510458
180,0.16810150658069453,0.24188332872430407,0.0015670384746044874,9.766604115741375e-07,0.7752366531640291
181,0.16785909678737623,0.24154715854965875,0.0015547024086117744,9.840433285259173e-07,0.7880841065198183
182,0.16762001195026735,0.24121469225633133,0.001542536774650216,9.926490248557762e-07,0.7997771054506302
183,0.1673842216137087,0.24088591718681654,0.001530539127998054,9.881422704684881e-07,0.8939531445503235
184,0.16715167659235303,0.24056080545972516,0.001518706907518208,9.925304862029134e-07,0.8015228044241667
185,0.16692229674286496,0.2402392949952738,0.0015070379013195634,9.964006944535968e-07,0.7790763452649117
186,0.1666959924233069,0.23992131402880326,0.0014955290826037526,9.999245323844653e-07,0.755548495799303
187,0.16647277613694175,0.23960689804434246,0.0014841738156974316,9.975966705917001e-07,0.7717752996832132
188,0.166252480250144,0.23929589027311374,0.0014729767572134733,9.839852352110617e-07,0.7500319629907608
189,0.16603514944050604,0.23898836412261382,0.0014619327848777175,9.707835531269944e-07,0.7816975601017475
190,0.1658206677153645,0.23868421560719427,0.0014510400360450149,9.579889637197953e-07,0.7666974626481533
191,0.16560901551917573,0.23838344460468672,0.0014402944361791015,9.998716159822308e-07,0.8130617924034595
192,0.1654000880311566,0.2380859568617418,0.0014296924928203225,9.982233295610808e-07,0.7898653578013182
193,0.16519388553701522,0.23779177661546577,0.0014192344387993217,9.982850715047768e-07,0.7567131146788597
194,0.16499032503464325,0.23750082812006082,0.001408914104104042,9.994650775893426e-07,0.7861352525651455
195,0.16478937172634325,0.2372130886712029,0.0013987337006255984,9.60554763104679e-07,0.7770025674253702
196,0.16459095434879992,0.2369284970959749,0.001388687756843865,9.626236720997773e-07,0.7824029810726643
197,0.16439503975915062,0.23664702972267024,0.0013787751086056232,9.99358004485192e-07,0.7877273801714182
198,0.16420158934342982,0.2363686588941454,0.001368992030620575,9.960703441716852e-07,0.7753128297626972
199,0.16401053084388298,0.23609331342298576,0.0013593373587355018,9.915628430666248e-07,0.7707723826169968
200,0.1866835016387761,0.21701696578093632,0.0021737469360232353,9.905510260515361e-07,0.847415242344141
201,0.18649458590253332,0.21675693619817057,0.0021278795320540667,9.818277322742107e-07,0.8109082225710154
202,0.1862792571176599,0.2164435171697545,0.002063455292955041,9.862546051567682e-07,0.8174027223140001
203,0.18604566526345226,0.21609049585173556,0.0019856239669024944,9.94628872270946e-07,0.8386895339936018
204,0.18580097219201538,0.2157101086774666,0.0019014893332496285,9.77752366251548e-07,0.7866295017302036
205,0.18555085989484996,0.21531227414809295,0.001818920369260013,9.950317351324645e-07,0.7785643935203552
206,0.18529915854573106,0.21490391906120965,0.0017448327271267772,9.9712025568247e-07,0.8308548796921968
207,0.1850480420514689,0.21448904388412615,0.0016837673028931022,9.863892434070961e-07,0.8019687440246344
208,0.1847983475347211,0.21406920529164744,0.0016372675308957696,9.859305744386385e-07,0.7865684609860182
209,0.18455013199340325,0.21364451069511867,0.0016040366608649492,9.943589481411378e-07,0.8047390878200531
210,0.18430316246360046,0.2132146908904546,0.0015805740840733051,9.889686575097551e-07,0.803409406915307
211,0.18405746415197546,0.21278024502692133,0.0015620971098542213,9.963189823645402e-07,0.7963522952049971
212,0.18381347659749794,0.21234305044282858,0.0015436392277479172,9.908302786247358e-07,0.7898145653307438
213,0.1835721921590296,0.21190666106464162,0.0015211845748126507,9.993775089480362e-07,0.8183567374944687
214,0.18333497259999723,0.2114759268057132,0.0014924402348697186,9.978378971500652e-07,0.764160692691803
215,0.18310332233531873,0.2110562263134606,0.0014569509075954556,9.969995366378153e-07,0.7783952243626118
216,0.1828786441456705,0.21065253897623143,0.001415660255588591,9.955039485661881e-07,0.8332156296819448
217,0.18266210901086355,0.21026873777486482,0.0013701257994398475,9.935385868582948e-07,0.8369921464473009
218,0.1824545062655335,0.20990716411909677,0.001322048483416438,9.913722238247667e-07,0.7874453775584698
219,0.18225632578035242,0.20956875543999323,0.001273091766051948,9.955781578665493e-07,0.7898548357188702
220,0.1820676761731597,0.2092532496435038,0.0012249824358150363,9.871392612182084e-07,0.7786940969526768
221,0.18188842237790503,0.208959666604624,0.0011794387828558683,9.85268674062928e-07,0.8182851988822222
222,0.1817180971937602,0.2086865215148135,0.0011381522053852677,9.836234356755691e-07,0.8217762373387814
223,0.18155592869919354,0.2084320473216545,0.0011026626452803612,9.99879775551e-07,0.7923619505017996
224,0.18140090133917658,0.20819436202782973,0.0010740988655015826,9.810247565477246e-07,0.7778271026909351
225,0.18125178994411595,0.2079715247042811,0.0010530924191698432,9.80036681332161e-07,0.800036771222949
226,0.18110728191338077,0.20776164329235686,0.0010396867292001843,9.792165887590604e-07,0.8032443318516016
227,0.18096604401665647,0.20756290449783854,0.0010334302205592394,9.785298968341706e-07,0.7876418475061655
228,0.1808267760619976,0.20737358135871614,0.0010332954116165638,9.779434802046874e-07,0.7820133455097675
229,0.18068841813099185,0.20719217725014707,0.0010378428269177675,9.803737426798583e-07,0.790074409916997
230,0.1805500882994235,0.20701731091684233,0.0010452832793816924,9.869254543754726e-07,0.7663942612707615
231,0.18041119607171677,0.2068477644961339,0.0010536469053477049,9.933792662068461e-07,0.8078591637313366
232,0.18027151886369042,0.20668884527761217,0.0010608939919620752,9.996008395673618e-07,0.8142380081117153
233,0.18013112606967563,0.20654960690626087,0.001065156771801412,9.757619074589985e-07,0.8055673222988844
234,0.17999045137701275,0.20641278417825545,0.0010649542091414332,9.754313618639164e-07,0.8262557946145535
235,0.17985021692214498,0.20627769660477965,0.0010593878105282784,9.751589532458772e-07,0.8046600855886936
236,0.1797113507893963,0.20614374104014055,0.001048242673277855,9.749686930061713e-07,0.7997594438493252
237,0.1795748733801921,0.20601039700265608,0.0010319649009034038,9.748876910846784e-07,0.7979724053293467
238,0.1794417844867833,0.20587724696713308,0.0010115064214915037,9.749434062464384e-07,0.7947719879448414
239,0.17931296491549883,0.20574399111150865,0.0009881015866994858,9.751603988652345e-07,0.7855132929980755
240,0.17918908742705125,0.20561044535917883,0.0009629942942410707,9.75558478721724e-07,0.8827338013797998
241,0.17907059490763733,0.2054765547139616,0.0009372705826535821,9.762394211708932e-07,0.8256920538842678
242,0.17895769760851277,0.20534238181222145,0.0009117127046920359,9.997878859137676e-07,0.8842845559120178
243,0.1788504258817702,0.2052081067488953,0.00088687107199803,9.982574516025724e-07,0.8533510155975819
244,0.17874862939829528,0.20507396799937216,0.0008630122756585479,9.971232114708148e-07,0.8044566549360752
245,0.178652035689477,0.20494022982571747,0.0008402584935538471,9.963477460932402e-07,0.7969973366707563
246,0.17856035674851528,0.20480722188604925,0.0008186444756574929,9.9589249588518e-07,0.808738874271512
247,0.1784732316885759,0.20467522615145003,0.0007981560193002224,9.95718121712306e-07,0.7984071616083384
248,0.17839028057021658,0.204544483322833,0.0007787758368067443,9.957861116965408e-07,0.8196312393993139
249,0.17831114277145213,0.20441520369870636,0.0007604811689816415,9.960610310341162e-07,0.8022234160453081
250,0.17823546145590327,0.20428753931426513,0.0007432301645167172,9.96509067745162e-07,0.8056680765002966
251,0.17816293761019603,0.20416162376122426,0.000726977305021137,9.970999983488966e-07,0.8171735908836126
252,0.17809323708630134,0.20403749890396233,0.0007116711349226534,9.97803298678845e-07,0.8087636362761259
253,0.1780260819650708,0.20391519748712722,0.0006972458213567734,9.985919709211724e-07,0.761026056483388
254,0.17796126302159723,0.20379477183577294,0.0006836414686404169,9.994419449596356e-07,0.8237889911979437
255,0.17789855306391494,0.20367621805094363,0.0006707910797558725,9.989524874570749e-07,0.8379295207560062
256,0.1778377483726167,0.2035595252901843,0.0006586245726794004,9.509764146890414e-07,0.8301704954355955
257,0.1777787483168411,0.20344476640621023,0.0006470976513810456,9.57982343339256e-07,0.8087362144142389
258,0.17772137380072076,0.20333192119378907,0.0006361582782119513,9.646500282763596e-07,0.8427579011768103
259,0.1776655352630229,0.20322105000431187,0.0006257715867832303,9.71010126555127e-07,0.7832918539643288
260,0.17761118730047457,0.20311225120030366,0.0006159147014841437,9.771038158299852e-07,0.7890294305980206
261,0.1775582171725577,0.20300555801081768,0.0006065703346394002,9.82993291060145e-07,0.7989137805998325
262,0.1775066018881508,0.20290108550987543,0.0005977447144687176,9.887987817204082e-07,0.7860499396920204
263,0.17745627150720966,0.20279890974566755,0.0005894474452361465,9.948310323209475e-07,0.7843603920191526
264,0.17740717388124053,0.20269911859879883,0.0005816870252601802,9.40928844151506e-07,0.805811895057559
265,0.17735930183424908,0.20260183854900507,0.0005744798691011965,9.567754485029012e-07,0.8220668416470289
266,0.17731256953337912,0.2025071186269375,0.0005678415764123201,9.61837537311126e-07,0.8210580348968506
267,0.1772669733536043,0.2024150755816401,0.0005617878632619977,9.550449930469203e-07,0.7790213599801064
268,0.17722242418562792,0.20232574011407997,0.0005563275190070271,9.57509620811772e-07,0.8063636943697929
269,0.17717889958754107,0.20223918888721254,0.0005514628137461841,9.614772580124955e-07,0.8159399759024382
270,0.17713631092230261,0.20215542920307575,0.0005471889744512737,9.656864317354323e-07,0.8003437127918005
271,0.1770946031660882,0.20207448065630867,0.0005434919148683548,9.699086679422678e-07,0.7883695177733898
272,0.17705370569383572,0.20199633726111946,0.0005403488175943494,9.740904665397534e-07,0.811274966225028
273,0.17701354462159827,0.20192097244875798,0.0005377339548431337,9.782228120853625e-07,0.8103532195091248
274,0.17697404265390415,0.2018483413817753,0.000535610131919384,9.82311123247347e-07,0.8139803521335125
275,0.17693511077274227,0.20177837398860796,0.0005339381750673056,9.863672096013516e-07,0.844968980178237
276,0.1768966947375896,0.2017110148452131,0.0005326746613718569,9.904052819095413e-07,0.8150064889341593
277,0.1768587155214535,0.20164617414218602,0.0005317753530107439,9.986026648256665e-07,0.7791129909455776
278,0.17682108535210436,0.20158374020446126,0.0005311949644237757,9.984911623905033e-07,0.7768774442374706
279,0.1767837680822531,0.2015236348146473,0.0005308891413733363,9.924323454354788e-07,0.8088518753647804
280,0.17674668597948376,0.20146573116199543,0.0005308144027367234,9.891604769767315e-07,0.7971906363964081
281,0.17670978116143063,0.20140991035076594,0.0005309298285283148,9.855991143775445e-07,0.7989178374409676
282,0.17667297963563805,0.20135602827622762,0.0005311958957463503,9.816787694341554e-07,0.7879752237349749
283,0.17663627568209242,0.20130399399348056,0.0005315762246027589,9.827133269196378e-07,0.8004163019359112
284,0.17659959269712225,0.2012536429489183,0.0005320357740856707,9.874863226569592e-07,0.8296464085578918
285,0.17656290449630652,0.20120485296938595,0.0005325424135662615,9.92408091493032e-07,0.7896757014095783
286,0.17652621199959698,0.2011575124841614,0.0005330652347765863,9.974945463519355e-07,0.8211950566619635
287,0.17648943625783137,0.2011114366987076,0.0005335742607712746,9.576164148638023e-07,0.8043052796274424
288,0.1764525975890496,0.20106652132577685,0.0005340408533811569,9.57123729455202e-07,0.7866716589778662
289,0.1764156719079442,0.20102261853133138,0.0005344357341527939,9.618408861892552e-07,0.8026219811290503
290,0.17637864318732788,0.20097958023691084,0.0005347295664250851,9.667489071851843e-07,0.8483011554926634
291,0.17634152458566377,0.20093727874570438,0.0005348921986296773,9.71855154574269e-07,0.7930345870554447
292,0.17630430625694127,0.20089556188561417,0.0005348920822143555,9.771643180089352e-07,0.7899533864110708
293,0.17626699239967328,0.2008542824990559,0.0005346980760805309,9.82678760135366e-07,0.81376538798213
294,0.1762296254621398,0.20081332421976522,0.000534276885446161,9.88398091082083e-07,0.8274794109165668
295,0.17619220660453505,0.2007725259801099,0.000533600861672312,9.943181907271626e-07,0.858439726755023
296,0.17615475996147284,0.200731745204297,0.0005326408427208662,9.560164059411433e-07,0.8230664785951376
297,0.17611733011530742,0.20069085245613733,0.0005313742440193892,9.58295750723407e-07,0.7808255199342966
298,0.1760799573971718,0.20064970777197166,0.0005297856987453997,9.606495610581614e-07,0.8153859656304121
299,0.1760426565518078,0.2006081491239652,0.0005278682801872492,9.630722916641339e-07,0.811676025390625
300,0.1760054799503498,0.20056604664916003,0.0005256258882582188,9.995260014724317e-07,0.8309965804219246
301,0.1759685026734033,0.20052329506368177,0.0005230733077041805,9.98716473055031e-07,0.8393222913146019
302,0.17593173494913153,0.20047972848287318,0.0005202298052608967,9.979005119991792e-07,0.8614812288433313
303,0.17589524572392942,0.20043524824291145,0.0005171396769583225,9.9708211276639e-07,0.7996346987783909
304,0.17585904873577302,0.2003897113632874,0.0005138437845744193,9.96265209017758e-07,0.8078576680272818
305,0.17582319441880961,0.20034302325931067,0.0005103854346089065,9.954543059806117e-07,0.8007742706686258
306,0.17578772283929187,0.20029509277617027,0.0005068086320534348,9.946544209361842e-07,0.8341106362640858
307,0.1757526360732767,0.20024581535944788,0.0005031599430367351,9.938701363341297e-07,0.7800460178405046
308,0.1757179651266721,0.2001951286200323,0.0004994749324396253,9.931064099592715e-07,0.8472331762313843
309,0.17568371709134112,0.2001429728961446,0.00049577810568735,9.923678473257826e-07,0.7989937271922827
310,0.1756499099305763,0.2000893200923605,0.0004921008949168026,9.919289622083796e-07,0.8122932128608227
311,0.175616511601807,0.20003411855488099,0.00048845075070858,9.945035181888039e-07,0.8461377173662186
312,0.1755835534863568,0.19997739878111767,0.00048483104910701513,9.97034249819372e-07,0.7916419431567192
313,0.17555100051663122,0.19991915103231606,0.00048124243039637804,9.995155569247957e-07,0.8678038436919451
314,0.17551885596748507,0.19985942205118873,0.00047767843352630734,9.891876765575346e-07,0.8271946758031845
315,0.17548714142839467,0.19979829890098624,0.0004741317534353584,9.886739439595128e-07,0.7972213998436928
316,0.17545578091537795,0.1997357943084579,0.0004705952596850693,9.88204240203431e-07,0.7978003304451704
317,0.1754248518236552,0.1996720830110815,0.00046706313150934875,9.917130773388431e-07,0.8227470368146896
318,0.1753942737118892,0.19960720955249733,0.0004635335353668779,9.962248037245212e-07,0.7994733788073063
319,0.17536407466181086,0.19954133216008102,0.0004600081010721624,9.870634864793916e-07,0.8492459394037724
320,0.17533426795022733,0.1994746119070958,0.0004564924747683108,9.867704300437998e-07,0.8699484616518021
321,0.17530481724155603,0.1994071728028727,0.0004529970174189657,9.865186121136356e-07,0.8185717388987541
322,0.1752757552644145,0.19933920971596744,0.00044953543692827225,9.863065617826118e-07,0.7940254528075457
323,0.17524706993151656,0.19927088838282023,0.0004461247008293867,9.861320707942935e-07,0.8211617562919855
324,0.17521874620744124,0.19920237101011046,0.0004427831736393273,9.859925477460469e-07,0.7744070533663034
325,0.17519079772895485,0.19913385342943687,0.00043953050044365227,9.858855387612904e-07,0.7955900989472866
326,0.17516321087283143,0.1990655053893982,0.00043638580245897174,9.858080640873024e-07,0.8106409534811974
327,0.1751359976384586,0.19899751715332947,0.0004333664255682379,9.857570988132884e-07,0.8987121675163507
328,0.17510913278915016,0.19893004504740175,0.00043048764928244054,9.870938361647e-07,0.8241711836308241
329,0.17508264069116966,0.19886327725862968,0.00042776126065291464,9.90420163627079e-07,0.8263691626489162
330,0.1750564685403884,0.19879733090809648,0.0004251949430909008,9.93692076423361e-07,0.7969930116087198
331,0.17503062309930853,0.1987323652275103,0.0004227929166518152,9.96908843896574e-07,0.8411494717001915
332,0.1750051111900646,0.19866852577867536,0.0004205546574667096,9.857824203485044e-07,0.8482852838933468
333,0.1749798973238355,0.1986059138124638,0.00041847553802654147,9.858187007666487e-07,0.8126242198050022
334,0.17495497380191757,0.19854463507011577,0.0004165470309089869,9.973195261931621e-07,0.8254195731133223
335,0.17493031667133202,0.19849238386103535,0.0004147572326473892,9.8589362743469e-07,0.8202367350459099
336,0.17490591626171065,0.1984718854512123,0.0004130914167035371,9.85925064217008e-07,0.8322156127542257
337,0.17488174439682616,0.1984521051568151,0.00041153247002512217,9.859479864450285e-07,0.8346852231770754
338,0.1748578194319456,0.19843308778982277,0.000410062144510448,9.874987570491865e-07,0.8524496238678694
339,0.17483409295476374,0.19841481077156162,0.0004086607077624649,9.865671733610394e-07,0.8384148478507996
340,0.17481056617298743,0.19839728769232318,0.0004073087184224278,9.85936594773543e-07,0.8107270337641239
341,0.17478721586697524,0.19838050881070765,0.00040598647319711745,9.858966367677846e-07,0.8875502478331327
342,0.17476405202094975,0.19836448471206924,0.0004046755493618548,9.85835003285617e-07,0.7890668902546167
343,0.17474103398826416,0.19834917867656415,0.000403356651077047,9.857492430562686e-07,0.811396736651659
344,0.17471820056241535,0.19833461629546315,0.00040201839874498546,9.85638396577691e-07,0.8327163551002741
345,0.17469549149282565,0.1983207335230701,0.0004006439121440053,9.855006949911807e-07,0.7917168233543634
346,0.17467295315017645,0.19830755639452763,0.0003992219571955502,9.853354751017083e-07,0.8102393765002489
347,0.17465054769537156,0.19829503224368059,0.0003977421729359776,9.851418567464202e-07,0.7678286004811525
348,0.1746283125514055,0.1982831718722407,0.00039619754534214735,9.85754971576954e-07,0.7983788456767797
349,0.1746062018271739,0.1982719103428735,0.0003945810894947499,9.871301930595142e-07,0.8884108923375607
350,0.18114701654818363,0.1940196833465587,0.0011297669261693954,9.479491629536095e-07,0.8147712238132954
351,0.18110622349634464,0.193985120791383,0.0010977457277476788,9.69604708896928e-07,0.7913531363010406
352,0.18105259324098122,0.19393104626967864,0.001045161159709096,9.701889873659839e-07,0.7786720115691423
353,0.1809907072192676,0.19386168064794435,0.0009742520051077008,9.9213275277739e-07,0.7908529676496983
354,0.18092529202223384,0.1937813765496162,0.000888168578967452,9.7523989333467e-07,0.8195810746401548
355,0.18086079010045583,0.19369434711323952,0.0007915873429737985,9.583303084071527e-07,0.8948295712471008
356,0.18080085996359357,0.19360439661641374,0.0006911410600878298,9.642485940051621e-07,0.7744741328060627
357,0.1807479804911514,0.19351474287301945,0.0005952673964202404,9.884417805713145e-07,0.7957200706005096
358,0.18070328491407153,0.1934279710003863,0.0005132133956067264,9.833340208045813e-07,0.7926753498613834
359,0.18066670887985978,0.19334610048410208,0.00045295199379324913,9.782289534164714e-07,0.8091193083673716
360,0.1806372031681364,0.1932705690321083,0.00041816887096501887,9.819347909216793e-07,0.7794305887073278
361,0.180613189797131,0.19320234104552675,0.00040608595008961856,9.97562400729754e-07,0.7534645646810532
362,0.1805929462960024,0.19314196921962618,0.0004089472640771419,9.888515224086448e-07,0.7856673710048199
363,0.18057487992258822,0.1930896453561399,0.0004181918047834188,9.92303327897624e-07,0.7975811138749123
364,0.18055769266086835,0.19304524597617512,0.00042740063508972526,9.958527879356839e-07,0.8276556637138128
365,0.18054050409878808,0.19300842948915786,0.0004328685172367841,9.995240928028094e-07,0.7978049851953983
366,0.18052282145711376,0.19297867261703616,0.00043300664401613176,9.944547477039602e-07,0.8081984743475914
367,0.1805044607762948,0.1929553060605644,0.00042759955977089703,9.971662457142675e-07,0.8964311759918928
368,0.18048547545653973,0.192937568457299,0.00041722742025740445,9.993548068829087e-07,0.8632329851388931
369,0.18046611200135096,0.19292468546357044,0.00040286529110744596,9.62901350781611e-07,0.7976982835680246
370,0.18044664554643106,0.19291583734705142,0.0003856354742310941,9.669137289620605e-07,0.8180989399552345
371,0.18042742767619238,0.19291027209572467,0.00036662776255980134,9.684362020085279e-07,0.8014927078038454
372,0.18040872774806685,0.1929072378092526,0.000346827000612393,9.67864794137815e-07,0.7830697186291218
373,0.1803907689281742,0.19290604390887786,0.0003270805173087865,9.661655985788546e-07,0.8238728158175945
374,0.18037375631597927,0.19290610229623956,0.0003080944297835231,9.647711360480297e-07,0.7990809362381697
375,0.18035780417409722,0.19290687705067427,0.0002904303837567568,9.648150815787004e-07,0.7906050309538841
376,0.1803429546401601,0.19290789166301378,0.0002745109668467194,9.663459670297897e-07,0.786961279809475
377,0.18032921172257996,0.19290875710296132,0.0002606224443297833,9.992832310626065e-07,0.767902810126543
378,0.18031656839247498,0.19290917121910256,0.00024891598150134087,9.982390117549147e-07,0.7899894639849663
379,0.18030493631136932,0.1929088587197298,0.00023938757658470422,9.972271872972406e-07,0.8121563792228699
380,0.18029422805385606,0.19290762179012588,0.00023196484835352749,9.96285511159674e-07,0.8166721556335688
381,0.18028435809130952,0.192905330063708,0.00022643324336968362,9.954408175193004e-07,0.7916709594428539
382,0.1802752014932728,0.19290187711275586,0.0002225159405497834,9.947100962149454e-07,0.8008772488683462
383,0.18026664471728146,0.19289720946638933,0.00021991059475112706,9.941028187398185e-07,0.7915114965289831
384,0.18025861272010682,0.19289134318064405,0.00021831573394592851,9.936221949042769e-07,0.7934563308954239
385,0.18025097582531494,0.1928842784892133,0.0002174592955270782,9.932677002916851e-07,0.813554834574461
386,0.18024364339353308,0.19287607223272876,0.0002171147207263857,9.930353337187714e-07,0.7911153510212898
387,0.18023654134079586,0.19286680839211467,0.0002171086089219898,9.929194143643675e-07,0.8010959886014462
388,0.1802296161592573,0.19285660307228253,0.0002173245302401483,9.929137518557687e-07,0.7776487916707993
389,0.18022276588825112,0.19284554315496272,0.0002177034184569493,9.930110333176526e-07,0.7950363047420979
390,0.18021597405150486,0.19283378877803228,0.000218230823520571,9.932046533507912e-07,0.7971768584102392
391,0.18020917277277573,0.19282146094978428,0.0002189369552070275,9.934871969251256e-07,0.8090575151145458
392,0.18020232912695944,0.1928087103099288,0.0002198854781454429,9.938532666640273e-07,0.8043726738542318
393,0.18019543175017022,0.19279570134399382,0.0002211608225479722,9.942973067752127e-07,0.7798063848167658
394,0.18018842476716967,0.19278256189562387,0.0002228655357612297,9.948147043664016e-07,0.817013643682003
395,0.1801812899681182,0.19276944281797181,0.0002251023252028972,9.954019402999347e-07,0.809446120634675
396,0.18017399597645087,0.19275648315408267,0.0002279628679389134,9.96056823958491e-07,0.8161576259881258
397,0.180166488621237,0.1927437910398667,0.0002315189631190151,9.967782850903198e-07,0.7826481927186251
398,0.180158769474108,0.1927315119989994,0.00023579764820169657,9.975668172503114e-07,0.8219094481319189
399,0.18015076679585948,0.1927197201879693,0.000240779816522263,9.986665187552304e-07,0.804687574505806
400,0.18014246231545944,0.19270852147014167,0.00024636651505716145,9.993559511239018e-07,0.8080008830875158
401,0.18013381854389868,0.19269798538132013,0.00025237357476726174,9.950851549844149e-07,0.798214852809906
402,0.18012479041515886,0.19268815363382824,0.00025851427926681936,9.929879999878721e-07,0.787991302087903
403,0.18011536899743882,0.19267906527078282,0.0002643976185936481,9.906623580521645e-07,0.7951843589544296
404,0.1801055250660085,0.19267070839335512,0.0002695340372156352,9.880913145327165e-07,0.7931664325296879
405,0.1800952976287213,0.19266307713460676,0.00027336739003658295,9.85949567376801e-07,0.7913791593164206
406,0.18008474287656395,0.19265612339715024,0.0002753375447355211,9.855920580143103e-07,0.8139104936271906
407,0.18007394538914637,0.19264976527470742,0.0002749711857177317,9.850769057821956e-07,0.811575960367918
408,0.18006304030555623,0.19264389980863447,0.0002719893236644566,9.84423635370717e-07,0.7714969012886286
409,0.18005219383711965,0.192638398421456,0.000266409944742918,9.937920173582292e-07,0.7949884589761496
410,0.18004157930943285,0.19263310477919546,0.000258603657130152,9.827931885866313e-07,0.7759438492357731
411,0.18003136496509242,0.19262785002612645,0.0002492663625162095,9.976004600853777e-07,0.8014856018126011
412,0.18002168429243234,0.19262245665546696,0.0002393098984612152,9.808833670432276e-07,0.8013850599527359
413,0.18001266374528221,0.19261677911807532,0.0002296746097272262,9.798760859969858e-07,0.7903790175914764
414,0.18000431882090012,0.1926106488555674,0.0002211303944932297,9.958226429035845e-07,0.7649247944355011
415,0.1799966443657519,0.19260394451582394,0.00021413400827441365,9.927984254981114e-07,0.76594228297472
416,0.17998960388248442,0.19259658510920127,0.000208789759199135,9.867518723249853e-07,0.7799969073385
417,0.1799831095712586,0.1925885064481974,0.00020490789029281586,9.83125675663298e-07,0.7820176910609007
418,0.1799770647148125,0.19257968117379445,0.00020213430980220437,9.802681000527207e-07,0.7977362610399723
419,0.17997134315793265,0.19257009412649387,0.00020008141291327775,9.782522715274002e-07,0.8257262408733368
420,0.17996591639590395,0.192559827383334,0.00019838384469039738,9.77127518285645e-07,0.7858106773346663
421,0.17996066919933398,0.1925489095735756,0.00019677139061968774,9.768841096189161e-07,0.767776982858777
422,0.1799555758825321,0.19253744571610337,0.00019506314129102975,9.77488364820505e-07,0.7778861057013273
423,0.1799505567722649,0.19252550030588703,0.00019316127873025835,9.788614949153783e-07,0.7830884158611298
424,0.1799456190569705,0.19251320536077976,0.00019102801161352545,9.809164766376913e-07,0.7874557916074991
425,0.17994072405930558,0.19250065049518336,0.0001886690588435158,9.835393784241663e-07,0.7728475071489811
426,0.17993588242352615,0.19248796208810592,0.00018611439736559987,9.998467905580635e-07,0.7856525722891092
427,0.17993108256462786,0.1924752380193849,0.00018342284602113068,9.999393361044266e-07,0.8013617414981127
428,0.17992633572030073,0.19246258923574477,0.0001806491636671126,9.936652391804658e-07,0.7864013817161322
429,0.1799216248560046,0.19245009527124216,0.00017785569070838392,9.974192699905206e-07,0.809971371665597
430,0.17991700037698832,0.19243788078669125,0.00017510286124888808,9.82430057970649e-07,0.778202660381794
431,0.17991243745661936,0.19242600193670903,0.00017244704940821975,9.864312128212884e-07,0.8028400931507349
432,0.17990793519976944,0.1924145242491755,0.00016993771714624017,9.90709697441365e-07,0.7922682408243418
433,0.17990352005175228,0.19240352555983567,0.00016761575534474105,9.952009178314607e-07,0.7850091252475977
434,0.17989916916508514,0.19239303665202998,0.00016551127191632986,9.998384788871912e-07,0.7895008530467749
435,0.1798948997640583,0.1923831095946096,0.00016364346083719283,9.697360299248318e-07,0.7851242665201426
436,0.1798906951959016,0.19237376063057904,0.0001620201946934685,9.69940615155072e-07,0.7777174152433872
437,0.17988655409654125,0.19236500970176415,0.00016063822840806097,9.70132323471488e-07,0.7860126812011003
438,0.17988247848571587,0.1923568683199183,0.00015948541113175452,9.70313983513731e-07,0.8103347048163414
439,0.17987845148214557,0.19234932435282148,0.0001585422724019736,9.704868295045123e-07,0.7927231155335903
440,0.179874446741267,0.19234235302331143,0.00015778288070578128,9.706527039867747e-07,0.785896297544241
441,0.1798704928934108,0.19233595780493684,0.00015718235226813704,9.730013317367032e-07,0.7739073671400547
442,0.17986653566161023,0.1923300761290184,0.00015671155415475368,9.76002320851681e-07,0.7557274531573057
443,0.17986260989492575,0.19232470270134927,0.00015634683950338513,9.786502212352664e-07,0.7851642519235611
444,0.17985867963687993,0.19231977494060026,0.0001560646342113614,9.80929760954555e-07,0.7869559247046709
445,0.17985473470526614,0.19231524366884684,0.00015584583161398768,9.828316155612e-07,0.8188507091253996
446,0.17985077470903207,0.1923110629484808,0.00015567525406368077,9.84352419220759e-07,0.781007407233119
447,0.17984680804707648,0.1923071905139832,0.00015554130368400365,9.854935411431188e-07,0.8110714200884104
448,0.1798428076268427,0.19230355579716238,0.00015543152403552085,9.86263851830376e-07,0.8109531793743372
449,0.1798387864682994,0.19230011885631687,0.00015534057456534356,9.866729090283835e-07,0.7995871305465698
450,0.17983472445333923,0.19229681333864015,0.0001552591274958104,9.867371888031306e-07,0.8122661840170622
451,0.17983064191945028,0.19229360713676338,0.00015517913561780006,9.864718839060135e-07,0.75949477404356
452,0.17982653048461206,0.19229044777324297,0.00015509249351453036,9.858979122269894e-07,0.799758542329073
453,0.17982239170555686,0.19228729428983246,0.00015499029541388154,9.85035664295906e-07,0.7744910139590502
454,0.17981821489617608,0.19228410103684346,0.00015486367919947952,9.839074586038013e-07,0.772831603884697
455,0.17981400371932557,0.19228083463451612,0.0001547048450447619,9.825348449038793e-07,0.7945588789880276
456,0.17980979108501546,0.1922774935105026,0.00015450749197043478,9.809395690853492e-07,0.7809729930013418
457,0.1798055489763787,0.19227403186622846,0.00015426544996444136,9.791437346393522e-07,0.805046271532774
458,0.17980128591131184,0.19227043757770362,0.00015397487732116133,9.771674923980894e-07,0.7999652735888958
459,0.17979701253456812,0.1922667041677927,0.0001536450581625104,9.750319628562327e-07,0.805286904796958
460,0.1797927404953546,0.19226283205020614,0.00015327680739574134,9.736553854077855e-07,0.7863173745572567
461,0.179788472673627,0.19225882005527434,0.00015287898713722825,9.73821290287184e-07,0.7692942302674055
462,0.1797842036218586,0.19225466394157542,0.00015246387920342386,9.739908064800602e-07,0.7625404093414545
463,0.1797799324989621,0.1922503644440777,0.00015204500232357532,9.74163305809196e-07,0.7546279039233923
464,0.1797756760788995,0.19224594133980052,0.00015163992065936327,9.74339519746319e-07,0.8116989564150572
465,0.17977143230840686,0.19224140398170547,0.0001512647286290303,9.745193583355962e-07,0.8179322015494108
466,0.17976719152842052,0.19223675415927408,0.00015093566616997123,9.747028775296318e-07,0.7951730769127607
467,0.17976296398013977,0.192232013607272,0.00015066722698975354,9.748898828034939e-07,0.7874065209180117
468,0.17975875399418376,0.19222719872705674,0.0001504709362052381,9.750811323523646e-07,0.8047373313456774
469,0.17975454488299192,0.19222231054063144,0.000150354637298733,9.752758839145024e-07,0.8001852612942457
470,0.17975031971750174,0.19221735160545877,0.00015032156079541892,9.754741546856703e-07,0.7708598114550114
471,0.17974610317250145,0.19221235449173155,0.00015037022239994258,9.756767195256061e-07,0.8056616745889187
472,0.17974185880379967,0.1922073045063526,0.00015049424837343395,9.981109050810512e-07,0.7514599040150642
473,0.17973761117946135,0.19220223508880374,0.000150681720697321,9.952658497192404e-07,0.7986453548073769
474,0.17973334801235932,0.19219714853112055,0.00015091587556526065,9.924360542373754e-07,0.81617889739573
475,0.17972904085989289,0.19219203510588234,0.00015117565635591745,9.896254257647342e-07,0.7631875369697809
476,0.1797247050248749,0.19218691611580713,0.00015143655764404684,9.86837252306219e-07,0.7791665848344564
477,0.17972034528578137,0.19218180541727026,0.00015167180390562862,9.840748119375185e-07,0.7709649000316858
478,0.17971594630821808,0.19217670073710164,0.00015185317897703499,9.81342684938519e-07,0.7777943275868893
479,0.17971150848144946,0.19217161152984039,0.0001519530633231625,9.786447320628669e-07,0.7998102307319641
480,0.17970703438059885,0.19216654775179765,0.00015194651496130973,9.794404678511004e-07,0.8045185450464487
481,0.179702559017503,0.19216154090744555,0.0001518159406259656,9.806668175772265e-07,0.832898024469614
482,0.17969806331280608,0.19215658568501848,0.0001515449257567525,9.818846803811847e-07,0.8003725968301296
483,0.17969356912470477,0.19215170382369462,0.00015112850815057755,9.83089996471389e-07,0.7944322265684605
484,0.1796890727931496,0.19214690029281178,0.0001505664986325428,9.8427670773278e-07,0.7908120322972536
485,0.17968459571512974,0.1921421943570744,0.00014986848691478372,9.85440337205633e-07,0.7882760856300592
486,0.17968016499428377,0.1921376103392438,0.00014905062562320381,9.865778247548567e-07,0.7934751454740763
487,0.17967577508356553,0.19213314851725136,0.00014813234156463295,9.8768179676164e-07,0.7930187378078699
488,0.17967146312143986,0.19212883791048818,0.00014713917335029691,9.887509837354642e-07,0.7792234495282173
489,0.179667205968618,0.19212466124419303,0.00014609494246542454,9.897764710127065e-07,0.7981646079570055
490,0.17966301919442942,0.19212063019838965,0.00014502376143354923,9.907552217362542e-07,0.7831724975258112
491,0.17965893582929748,0.19211676631916716,0.0001439489278709516,9.91688162249666e-07,0.7715013232082129
492,0.17965493810514155,0.19211305325633618,0.00014288867532741278,9.925690197588674e-07,0.7822486478835344
493,0.1796510187947433,0.1921094797700716,0.00014185765758156776,9.933949888564851e-07,0.7758679091930389
494,0.1796472084221164,0.19210606308242,0.00014086895680520684,9.941685830435138e-07,0.7682702466845512
495,0.17964349448014988,0.19210278743853496,0.00013992964522913098,9.948869645991953e-07,0.7834379971027374
496,0.17963986234834917,0.1920996336124952,0.00013904483057558537,9.955492364400412e-07,0.7704207226634026
497,0.17963632405284832,0.1920966033432717,0.00013821736501995474,9.961566699573767e-07,0.8046416155993938
498,0.1796328668503656,0.19209367874710964,0.0001374471466988325,9.967089271142002e-07,0.778609860688448
499,0.17962949285633037,0.1920908530159137,0.00013673421926796436,9.972085237020805e-07,0.7910022884607315
500,0.17816092319241206,0.19082134123530461,0.0003027231141459197,9.992416993756984e-07,0.8031780887395144
501,0.1781571909216524,0.19081696682471994,0.0003013744717463851,9.98903992002431e-07,0.7722923308610916
502,0.17815229249941214,0.19081000160502903,0.0002986272156704217,9.984253168397046e-07,0.8033187594264746
503,0.17814640880482363,0.19080078119242802,0.00029468481079675257,9.978670861564754e-07,0.7779997028410435
504,0.1781396890341516,0.1907896272838183,0.00028975249733775854,9.97293211633685e-07,0.7864373493939638
505,0.17813229720129442,0.1907768737519022,0.000284012668998912,9.967639107421845e-07,0.8020318262279034
506,0.17812441259531836,0.1907628616648501,0.00027761392993852496,9.963311594293489e-07,0.7836343087255955
507,0.1781161503606804,0.19074787994785256,0.00027067834162153304,9.960339852510445e-07,0.7915288433432579
508,0.17810766801207978,0.19073223616992122,0.00026331853587180376,9.9590137573806e-07,0.7619480192661285
509,0.17809910435532197,0.19071620996262106,0.00025565188843756914,9.959519622231954e-07,0.7805523127317429
510,0.17809057320691368,0.1907000434166988,0.0002478082897141576,9.961960192187204e-07,0.7980728968977928
511,0.17808216319199516,0.19068394016866258,0.00023992407659534365,9.966358821811387e-07,0.791482113301754
512,0.17807395464279524,0.1906680734452522,0.0002321251085959375,9.972707233267518e-07,0.7711870986968279
513,0.1780660125797832,0.1906525812287723,0.00022451035329140723,9.980964250721584e-07,0.7656622007489204
514,0.1780583624393158,0.19063755084399533,0.00021713903697673231,9.991040800712413e-07,0.7869248818606138
515,0.17805102476158896,0.19062304445326192,0.00021002881112508476,9.916595366714245e-07,0.8127321265637875
516,0.17804402166754768,0.19060911084641902,0.0002031634794548154,9.985550726780816e-07,0.7887235712260008
517,0.17803733953626483,0.1905957569436226,0.00019650276226457208,9.908445437897087e-07,0.7934945411980152
518,0.17803096452441777,0.19058298483487046,0.00018999868188984692,9.99791840857684e-07,0.8041889313608408
519,0.1780249186843898,0.19057081287919278,0.0001836066658142954,9.940319265125785e-07,0.7918892111629248
520,0.17801915744951494,0.19055921212704413,0.00017729768296703696,9.917093262104757e-07,0.7677805572748184
521,0.17801370278939926,0.1905481979946417,0.0001710603100946173,9.93283499352671e-07,0.7944440674036741
522,0.1780085689349018,0.19053778264966478,0.00016490661073476076,9.99771728287444e-07,0.8019989393651485
523,0.17800371680737198,0.1905279411587015,0.00015887018525972962,9.926122399711197e-07,0.7909237034618855
524,0.17799916342718589,0.19051868964240573,0.00015299840015359223,9.952197150864762e-07,0.7750137001276016
525,0.17799489607333796,0.19051002190949615,0.000147346465382725,9.932978709150285e-07,0.8116987068206072
526,0.1779909271759693,0.19050195030483177,0.00014196608390193433,9.936652112760243e-07,0.7755366209894419
527,0.17798724225095264,0.19049446705265535,0.00013689919433090836,9.940438863116457e-07,0.798635808750987
528,0.1779838117278607,0.19048755182252283,0.0001321664167335257,9.94427622299865e-07,0.8038610573858023
529,0.1779806545657571,0.1904812146005649,0.00012777232041116804,9.962070952048082e-07,0.802079826593399
530,0.17797772786263907,0.19047542148866872,0.000123698846437037,9.951881909234855e-07,0.8219960927963257
531,0.17797502857139463,0.1904701592886649,0.00011991358769591898,9.955552561022815e-07,0.7980929259210825
532,0.1779725298831066,0.19046539840703794,0.00011637913121376187,9.959073729265134e-07,0.7830195743590593
533,0.1779702255005508,0.19046111906587615,0.00011305650696158409,9.962426053907098e-07,0.8111916352063417
534,0.17796808260368704,0.19045728043670887,0.00010991479211952537,9.9655893682937e-07,0.7964100986719131
535,0.17796610954570474,0.19045386870847644,0.00010693101648939773,9.96855759823368e-07,0.7790608052164316
536,0.17796426494760245,0.19045083249885017,0.00010409829701529816,9.971323353561975e-07,0.7880754824727774
537,0.17796255323046622,0.19044815307017535,0.00010141650272998959,9.973897443295607e-07,0.7888112142682076
538,0.17796094546292057,0.19044578596128955,9.889666398521513e-05,9.976277576693155e-07,0.7853503841906786
539,0.17795945508712577,0.19044371595187162,9.655307803768665e-05,9.978472026940246e-07,0.7737748604267836
540,0.177958039032652,0.19044188999695025,9.440456778975204e-05,9.98048421417338e-07,0.7662678528577089
541,0.17795671158322207,0.1904402924810692,9.246518311556429e-05,9.982322161581089e-07,0.7754012383520603
542,0.1779554580508892,0.19043889043109422,9.074716945178807e-05,9.983985186761372e-07,0.8117868192493916
543,0.1779542736657227,0.19043765607111643,8.92552052391693e-05,9.985473707271572e-07,0.7788522578775883
544,0.17795314163102258,0.19043655572987234,8.798905037110671e-05,9.986786201956022e-07,0.7857651673257351
545,0.1779520475002086,0.19043555704627313,8.694035204825923e-05,9.987916442836993e-07,0.7747093662619591
546,0.1779510004247398,0.1904346457939763,8.609436190454289e-05,9.98886281698078e-07,0.7697025295346975
547,0.17794998868686923,0.19043379417479978,8.54314275784418e-05,9.989616274752538e-07,0.7714120484888554
548,0.17794901109789604,0.1904329831944791,8.49287462187931e-05,9.997820902960289e-07,0.7841650079935789
549,0.1779480388852097,0.19043217726602307,8.456179057247937e-05,9.990519016440229e-07,0.804582491517067
550,0.1779470983875602,0.19043138032125637,8.430305024376139e-05,9.990658337409731e-07,0.7784790378063917
551,0.17794617727114537,0.1904305724958634,8.41278160805814e-05,9.990580605893793e-07,0.7756227012723684
552,0.17794525944662085,0.19042973218856013,8.401262311963364e-05,9.99028502930598e-07,0.7873364202678204
553,0.17794434832181835,0.19042885629439127,8.393564348807558e-05,9.989770472557272e-07,0.7993869222700596
554,0.17794344323016076,0.1904279396880514,8.387799607589841e-05,9.989043010339617e-07,0.7711121905595064
555,0.17794255701251535,0.19042698937438077,8.382411760976538e-05,9.990804494836772e-07,0.7744976505637169
556,0.177941678526052,0.19042599799747176,8.376163896173239e-05,9.986967677398878e-07,0.7887502517551184
557,0.17794078780286277,0.19042495468394843,8.368183625862002e-05,9.985635722416264e-07,0.7903533112257719
558,0.17793990874885815,0.19042388018728573,8.357702608918771e-05,9.98412215961881e-07,0.804067587479949
559,0.1779390452714474,0.19042278321378375,8.344425441464409e-05,9.982446030136884e-07,0.7936333548277617
560,0.17793817120660982,0.19042165250466708,8.328120748046786e-05,9.980617480153643e-07,0.7602131888270378
561,0.17793729470631295,0.1904205000932275,8.308744872920215e-05,9.978657689931007e-07,0.7950108796358109
562,0.17793644377038492,0.19041935452069159,8.286316005978733e-05,9.976580500376617e-07,0.78396519087255
563,0.17793557992875816,0.19041819660354423,8.261058974312618e-05,9.974405130952983e-07,0.8128906693309546
564,0.17793472110692884,0.1904170446678818,8.233119297074154e-05,9.972148607016498e-07,0.8233362007886171
565,0.1779338735381765,0.1904159113438316,8.202764729503542e-05,9.96983021401489e-07,0.7683192957192659
566,0.17793303240216413,0.19041479832071556,8.170222281478345e-05,9.967463046860852e-07,0.7926153056323528
567,0.17793218363027505,0.19041370148802145,8.135753887472674e-05,9.965061625265576e-07,0.795022139325738
568,0.17793135092213166,0.190412640844691,8.099554543150589e-05,9.962640616144602e-07,0.8105529360473156
569,0.17793052415430446,0.19041161181216093,8.061857079155743e-05,9.960214010485669e-07,0.7789057698100805
570,0.1779296984339373,0.19041061411647656,8.022906695259735e-05,9.957791786928678e-07,0.7650884091854095
571,0.17792888215559638,0.19040965219043157,7.982846000231802e-05,9.95721826600365e-07,0.8155647031962872
572,0.17792806874945616,0.19040872397156808,7.941888179630041e-05,9.96258580382958e-07,0.7865423001348972
573,0.1779272590407821,0.19040782666656278,7.900195487309247e-05,9.967701876394287e-07,0.8217535186558962
574,0.17792645581955788,0.19040696181122227,7.857958553358912e-05,9.97252058319849e-07,0.8049327079206705
575,0.17792566001209334,0.1904061275605015,7.815335993655026e-05,9.97699099199881e-07,0.8027536775916815
576,0.17792485938570493,0.19040531167848398,7.772460230626166e-05,9.98107987857946e-07,0.7863182034343481
577,0.17792407410975908,0.19040452577478237,7.729475328233093e-05,9.984830492741366e-07,0.79298653639853
578,0.17792328953557623,0.19040375532992262,7.686472235945985e-05,9.988206985514237e-07,0.7919673211872578
579,0.17792250682415725,0.19040299861004295,7.643513527000323e-05,9.991211135135272e-07,0.775564007461071
580,0.17792172774353657,0.19040225263622815,7.600647950312123e-05,9.993893220314183e-07,0.8049657735973597
581,0.17792095286471585,0.19040151393038052,7.557891512988135e-05,9.996283978263881e-07,0.7751748096197844
582,0.17792017782946934,0.19040077717738355,7.51518746255897e-05,9.998374189079886e-07,0.8159611951559782
583,0.1779194161008534,0.1904000469995685,7.47249141568318e-05,9.929197317326093e-07,0.7860208861529827
584,0.17791866149784197,0.1903993175880198,7.429702236549929e-05,9.927272306245717e-07,0.7868788316845894
585,0.17791789578661416,0.19039857338069818,7.386636571027339e-05,9.925382687713515e-07,0.8133133668452501
586,0.17791713797351597,0.19039782539794262,7.343178003793582e-05,9.923523734065944e-07,0.7582645229995251
587,0.17791638499065626,0.19039707013822282,7.299122080439702e-05,9.92169697801115e-07,0.7875877041369677
588,0.17791564051372405,0.19039630881390993,7.25432691979222e-05,9.919900489451855e-07,0.788484388962388
589,0.17791490428893605,0.19039553928213188,7.208529859781265e-05,9.91813104208498e-07,0.7901247031986713
590,0.17791416708469848,0.19039475572234738,7.161597022786736e-05,9.916388603746942e-07,0.794935517013073
591,0.17791343492648037,0.19039396124249014,7.113334140740335e-05,9.914672207620447e-07,0.7590770665556192
592,0.1779127040745596,0.19039315281699573,7.063630619086325e-05,9.912980042821353e-07,0.7837168555706739
593,0.17791198060700616,0.1903923360163397,7.012351125013083e-05,9.911312737704385e-07,0.7755472417920828
594,0.17791127555092384,0.1903915169580132,6.959468737477437e-05,9.909673446653088e-07,0.7937318757176399
595,0.17791055960367463,0.19039067735853085,6.904960901010782e-05,9.908056473513083e-07,0.770177997648716
596,0.17790985739853105,0.19038983421849945,6.848891644040123e-05,9.906467787017314e-07,0.7685365527868271
597,0.17790915998320236,0.19038898189973744,6.791340274503455e-05,9.904905084052379e-07,0.7918502707034349
598,0.17790848858485925,0.1903881352109593,6.732435576850548e-05,9.90336963411624e-07,0.8028352726250887
599,0.1779077963150057,0.19038726386415453,6.672454037470743e-05,9.901865953186856e-07,0.7984975893050432
