solver,resolution,time_steps,scenarios,mode,phase,runs,mean,median,p90,std,conductivity_family_hash,unit
steady,32,0,3,warm_reused,solve,20,0.00020164000000000003,0.00020055000000000002,0.00020679000000000002,3.2417344285525863e-06,b4306d641cf935dc59c610b8fdb97668559cef12a30f712995ab04a57dffe50e,seconds
steady,32,0,3,cold_design,assembly,20,0.00093874000000000008,0.00089510000000000002,0.0010500800000000001,8.4692442961204305e-05,b4306d641cf935dc59c610b8fdb97668559cef12a30f712995ab04a57dffe50e,seconds
steady,32,0,3,cold_design,factorization,20,0.0012389900000000001,0.00118195,0.0013847200000000001,0.0001331722782121359,b4306d641cf935dc59c610b8fdb97668559cef12a30f712995ab04a57dffe50e,seconds
steady,32,0,3,cold_design,solve,20,0.00016721000000000002,0.0001562,0.00020318000000000004,2.5314088026859255e-05,b4306d641cf935dc59c610b8fdb97668559cef12a30f712995ab04a57dffe50e,seconds
steady,32,0,3,cold_design,total_evaluation,20,0.0023449400000000002,0.0023097,0.0025644399999999999,0.00016834978123569176,b4306d641cf935dc59c610b8fdb97668559cef12a30f712995ab04a57dffe50e,seconds
steady,64,0,3,warm_reused,solve,20,0.00055239000000000015,0.00051460000000000004,0.00069521000000000003,7.9062033605863802e-05,1496bc013cb87eba0b2c937d0c5dcafda9e1d251ee49efbb2f2ce4a8fa92ac2d,seconds
steady,64,0,3,cold_design,assembly,20,0.0035538350000000004,0.0034328000000000006,0.0037028500000000019,0.00049532211558157846,1496bc013cb87eba0b2c937d0c5dcafda9e1d251ee49efbb2f2ce4a8fa92ac2d,seconds
steady,64,0,3,cold_design,factorization,20,0.0053750149999999995,0.0052207499999999997,0.0054859300000000008,0.00053413487482095756,1496bc013cb87eba0b2c937d0c5dcafda9e1d251ee49efbb2f2ce4a8fa92ac2d,seconds
steady,64,0,3,cold_design,solve,20,0.0006830400000000001,0.00061755000000000002,0.0008665700000000001,0.00012147312199997599,1496bc013cb87eba0b2c937d0c5dcafda9e1d251ee49efbb2f2ce4a8fa92ac2d,seconds
steady,64,0,3,cold_design,total_evaluation,20,0.0096118900000000014,0.0092654500000000015,0.010171980000000002,0.0010337959907162791,1496bc013cb87eba0b2c937d0c5dcafda9e1d251ee49efbb2f2ce4a8fa92ac2d,seconds
steady,128,0,3,warm_reused,solve,20,0.0028693100000000003,0.0028583000000000003,0.0030915500000000006,0.00018181910298570476,e527a2dbd9c7c06d3e7bad919ec3da97f8528a1633a4f1550cbd17cb61b0ae4e,seconds
steady,128,0,3,cold_design,assembly,20,0.013956525000000001,0.013261999999999999,0.016901600000000003,0.0016189583070198013,e527a2dbd9c7c06d3e7bad919ec3da97f8528a1633a4f1550cbd17cb61b0ae4e,seconds
steady,128,0,3,cold_design,factorization,20,0.029726029999999994,0.029211750000000002,0.032030139999999999,0.0016265027461591203,e527a2dbd9c7c06d3e7bad919ec3da97f8528a1633a4f1550cbd17cb61b0ae4e,seconds
steady,128,0,3,cold_design,solve,20,0.0037368699999999998,0.00355705,0.0041502200000000005,0.00056059942927661193,e527a2dbd9c7c06d3e7bad919ec3da97f8528a1633a4f1550cbd17cb61b0ae4e,seconds
steady,128,0,3,cold_design,total_evaluation,20,0.047419425000000001,0.046331950000000004,0.050917610000000002,0.0028668290579029719,e527a2dbd9c7c06d3e7bad919ec3da97f8528a1633a4f1550cbd17cb61b0ae4e,seconds
steady,256,0,3,warm_reused,solve,20,0.022220465000000002,0.021877400000000002,0.023875060000000004,0.00118484489248038,e0411cd790a00714c2ada302ccb728340ad0093202775a7776ca6265fa00c11a,seconds
steady,256,0,3,cold_design,assembly,20,0.079204974999999997,0.069285100000000002,0.10149960000000001,0.017242413996607166,e0411cd790a00714c2ada302ccb728340ad0093202775a7776ca6265fa00c11a,seconds
steady,256,0,3,cold_design,factorization,20,0.18626514,0.16384525,0.24013493000000002,0.037075797081290815,e0411cd790a00714c2ada302ccb728340ad0093202775a7776ca6265fa00c11a,seconds
steady,256,0,3,cold_design,solve,20,0.027274930000000003,0.022918399999999998,0.036931110000000003,0.0072224608299460702,e0411cd790a00714c2ada302ccb728340ad0093202775a7776ca6265fa00c11a,seconds
steady,256,0,3,cold_design,total_evaluation,20,0.29274504500000009,0.26274390000000003,0.38052620000000004,0.058773603052189087,e0411cd790a00714c2ada302ccb728340ad0093202775a7776ca6265fa00c11a,seconds
transient,64,100,3,warm_reused,trajectory,20,0.092392990000000008,0.092128550000000003,0.092529670000000008,0.001496496552442967,1496bc013cb87eba0b2c937d0c5dcafda9e1d251ee49efbb2f2ce4a8fa92ac2d,seconds
transient,64,100,3,cold_design,assembly,20,0.0060293100000000004,0.0059984500000000007,0.0061962700000000002,0.00017454343721172734,1496bc013cb87eba0b2c937d0c5dcafda9e1d251ee49efbb2f2ce4a8fa92ac2d,seconds
transient,64,100,3,cold_design,factorization,20,0.0091495250000000004,0.0077455500000000004,0.0078551699999999999,0.006367135097628083,1496bc013cb87eba0b2c937d0c5dcafda9e1d251ee49efbb2f2ce4a8fa92ac2d,seconds
transient,64,100,3,cold_design,trajectory,20,0.093310975000000004,0.092468600000000012,0.096280850000000001,0.0027047423696507974,1496bc013cb87eba0b2c937d0c5dcafda9e1d251ee49efbb2f2ce4a8fa92ac2d,seconds
transient,64,100,3,cold_design,total_evaluation,20,0.10848981000000002,0.10624405000000001,0.10992948000000001,0.0084680980528408084,1496bc013cb87eba0b2c937d0c5dcafda9e1d251ee49efbb2f2ce4a8fa92ac2d,seconds
transient,128,100,3,warm_reused,trajectory,20,0.7347558500000001,0.7347849500000001,0.75103161000000007,0.013053664806502665,e527a2dbd9c7c06d3e7bad919ec3da97f8528a1633a4f1550cbd17cb61b0ae4e,seconds
transient,128,100,3,cold_design,assembly,20,0.023278575000000003,0.023242150000000003,0.023524880000000001,0.00024312166301322435,e527a2dbd9c7c06d3e7bad919ec3da97f8528a1633a4f1550cbd17cb61b0ae4e,seconds
transient,128,100,3,cold_design,factorization,20,0.041263680000000004,0.041103050000000002,0.041753380000000007,0.00045122925273780289,e527a2dbd9c7c06d3e7bad919ec3da97f8528a1633a4f1550cbd17cb61b0ae4e,seconds
transient,128,100,3,cold_design,trajectory,20,0.75028449500000005,0.74815165000000006,0.76735509000000002,0.015324404907050617,e527a2dbd9c7c06d3e7bad919ec3da97f8528a1633a4f1550cbd17cb61b0ae4e,seconds
transient,128,100,3,cold_design,total_evaluation,20,0.81482675000000016,0.81336565000000005,0.83169247000000013,0.015289457404144797,e527a2dbd9c7c06d3e7bad919ec3da97f8528a1633a4f1550cbd17cb61b0ae4e,seconds
transient,128,300,3,warm_reused,trajectory,20,2.2857853050000001,2.2841768500000001,2.3080688600000001,0.029345881275132681,e527a2dbd9c7c06d3e7bad919ec3da97f8528a1633a4f1550cbd17cb61b0ae4e,seconds
transient,128,300,3,cold_design,assembly,20,0.023449130000000002,0.023429600000000002,0.023907910000000004,0.0003818684205738662,e527a2dbd9c7c06d3e7bad919ec3da97f8528a1633a4f1550cbd17cb61b0ae4e,seconds
transient,128,300,3,cold_design,factorization,20,0.041362785000000006,0.041128100000000001,0.042058570000000003,0.00081260011352448172,e527a2dbd9c7c06d3e7bad919ec3da97f8528a1633a4f1550cbd17cb61b0ae4e,seconds
transient,128,300,3,cold_design,trajectory,20,2.2588430600000007,2.2464390999999999,2.3083334200000003,0.047088212950962174,e527a2dbd9c7c06d3e7bad919ec3da97f8528a1633a4f1550cbd17cb61b0ae4e,seconds
transient,128,300,3,cold_design,total_evaluation,20,2.3236549750000002,2.3127667000000001,2.37347931,0.047011294586747722,e527a2dbd9c7c06d3e7bad919ec3da97f8528a1633a4f1550cbd17cb61b0ae4e,seconds
