iteration,total_objective,thermal_smooth,exact_continuous_tmax,total_variation,binarization_penalty,continuous_material_fraction,binary_material_fraction,projection_absolute_error,material_logit_mean,material_logit_std,material_logit_minimum,material_logit_maximum,material_std,hidden_state_rms,delta_state_rms,maximum_absolute_delta,maximum_absolute_state,gradient_norm_before_clipping,gradient_norm_after_clipping,conv3x3_weight_gradient_norm,conv1x1_weight_gradient_norm,all_parameter_gradients_finite,maximum_cg_iterations,maximum_explicit_relative_residual,all_cg_converged,finite,wall_seconds
0,0.7078165659453859,0.7040665665414323,0.717857933544868,0.0,0.1874999701976776,0.24999994039535522,0.0,5.960464477539063e-08,0.0,0.0,0.0,0.0,0.0,0.0,0.0,0.0,0.0,0.4756661292789428,0.4756661292789428,0.0,0.4756661355495453,True,294,9.880164372320056e-07,True,True,2.7031045999901835
1,0.6945462015723082,0.6908118017392902,0.7043320366484592,0.0032539742533117533,0.18655729293823242,0.2499999701976776,0.0,2.9802322387695312e-08,0.02103658765554428,0.01970306970179081,0.01028850395232439,0.0793430507183075,0.03070339933037758,0.0,0.00011258877202635631,0.0012409377377480268,0.0793430507183075,0.8954280575071951,0.8954280575071951,0.05667594075202942,0.8936208486557007,True,305,9.902237634462474e-07,True,True,2.8753344000142533
2,0.6688623056125669,0.6652336355077876,0.6778202982805716,0.0086293900385499,0.18100203573703766,0.25,0.029052734375,0.0,0.012398188933730125,0.048237163573503494,-0.0073934514075517654,0.15551216900348663,0.08060987293720245,0.02385896071791649,0.0004101221857126802,0.00253595900721848,0.15551216900348663,1.0646283994359425,0.9999991101102149,0.11835315078496933,1.0579777956008911,True,299,9.74775942663276e-07,True,True,2.7880433999816887
3,0.6387478970318454,0.6355411109357494,0.647006542044121,0.017816007137298584,0.159448504447937,0.25,0.11376953125,0.0,0.010068874806165695,0.09979978203773499,-0.03143464773893356,0.3075824975967407,0.16748575866222382,0.060607753694057465,0.0010019810870289803,0.005921214818954468,0.3075824975967407,0.5465831552898607,0.5465831552898607,0.08055748045444489,0.5405468940734863,True,299,9.997671046362361e-07,True,True,2.781384400004754
4,0.6254031484451379,0.6230956645485247,0.6330406000483445,0.026355132460594177,0.11405643820762634,0.2499999701976776,0.1416015625,2.9802322387695312e-08,0.03325276076793671,0.21693746745586395,-0.05855179578065872,0.6855626106262207,0.27100467681884766,0.13688254356384277,0.0023261564783751965,0.017559634521603584,0.6855626106262207,0.1497935734731121,0.1497935734731121,0.0321291908621788,0.14625462889671326,True,289,9.874631133890414e-07,True,True,2.874241300014546
5,0.6149909320104292,0.6132862975302509,0.6223066441580535,0.030552200973033905,0.08370411396026611,0.25,0.16748046875,0.0,0.12639378011226654,0.4848240911960602,-0.0841107964515686,1.587553858757019,0.32217371463775635,0.32677116990089417,0.005983499810099602,0.05265916511416435,1.587553858757019,0.26021261520362177,0.26021261520362177,0.07680276781320572,0.24843759834766388,True,299,9.786486805763386e-07,True,True,2.8313071000156924
6,0.5842112101273746,0.5831565515505285,0.5915426155955665,0.040870219469070435,0.050689417868852615,0.25,0.22412109375,0.0,0.33261924982070923,1.0116937160491943,-0.13713328540325165,3.2000155448913574,0.3698791563510895,0.7868196964263916,0.015184751711785793,0.09558326005935669,3.2000155448913574,0.3709750561650839,0.3709750561650839,0.11464322358369827,0.35219573974609375,True,292,9.98717536489299e-07,True,True,2.802020300005097
7,0.5599956908884337,0.5597415875221481,0.5678591436664926,0.04902175813913345,0.010254080407321453,0.2499999701976776,0.2578125,2.9802322387695312e-08,0.5004570484161377,1.5638389587402344,-0.3409452438354492,4.414059638977051,0.42100584506988525,1.3832299709320068,0.026045050472021103,0.09994901716709137,4.414059638977051,0.0887553536245268,0.0887553536245268,0.04992663487792015,0.07257895916700363,True,285,9.831337034795836e-07,True,True,2.738733099977253
8,0.5578172627974438,0.5576401395600427,0.5658564410928311,0.04889334365725517,0.006411494687199593,0.2499999850988388,0.25439453125,1.4901161193847656e-08,0.5824086666107178,2.05379581451416,-0.7250719666481018,5.052790641784668,0.42554494738578796,1.8934664726257324,0.03571007028222084,0.09999959915876389,5.052790641784668,0.050429370241222155,0.050429370241222155,0.024119442328810692,0.02835426665842533,True,289,9.865962566303564e-07,True,True,2.6508294999948703
9,0.5565514092198327,0.5564163131951109,0.5646731536535934,0.048975806683301926,0.004306010901927948,0.25,0.251708984375,0.0,-0.3707236647605896,2.928020477294922,-2.2822346687316895,5.382372856140137,0.4280116558074951,2.645254135131836,0.05358387157320976,0.09999999403953552,5.382372856140137,0.0410851610900404,0.0410851610900404,0.014400987885892391,0.015478790737688541,True,289,9.990343922671342e-07,True,True,2.7269491000042763
10,0.5557298312578725,0.5556139414590225,0.5638924972089756,0.04919527471065521,0.003334726206958294,0.25,0.25048828125,0.0,-1.2148302793502808,3.5138089656829834,-3.374964475631714,5.58264684677124,0.42914479970932007,3.445000648498535,0.06675104051828384,0.10000000149011612,5.58264684677124,0.09925699423590294,0.09925699423590294,0.03832157328724861,0.03971979022026062,True,287,9.971837708578965e-07,True,True,2.7797845999884885
11,0.5471950164862743,0.547045036462771,0.5553755643015934,0.04931090772151947,0.005033455789089203,0.25,0.25244140625,0.0,-1.3310586214065552,3.7434823513031006,-3.6506118774414062,5.719334602355957,0.42716100811958313,3.7355518341064453,0.07081376016139984,0.10000000149011612,5.719334602355957,0.4135273694725602,0.4135273694725602,0.08268439769744873,0.11354946345090866,True,287,9.967274959922106e-07,True,True,2.747383699985221
12,0.5515688539894168,0.5514243798220401,0.5596065541319766,0.049318984150886536,0.004757759161293507,0.25,0.24609375,0.0,-0.6399903297424316,3.6967570781707764,-3.2053661346435547,5.81520414352417,0.42748358845710754,3.539090394973755,0.06827324628829956,0.10000000149011612,5.81520414352417,1.702409008403894,0.9999994516840615,0.09529047459363937,0.35000523924827576,True,289,9.951785145254596e-07,True,True,2.7072618000092916
13,0.553627548729484,0.5531096622249532,0.5614846774932313,0.04808254539966583,0.023490197956562042,0.25,0.245361328125,0.0,4.27057409286499,0.6906588077545166,3.870121717453003,5.890716552734375,0.40498125553131104,4.152095317840576,0.07657746225595474,0.10000000149011612,5.890716552734375,0.7637531751553651,0.7637531751553651,0.03881450369954109,0.15248039364814758,True,284,9.917415955114232e-07,True,True,2.575370699982159
14,0.5571283843825303,0.5564532451788626,0.5649581335033502,0.04720024764537811,0.03139694780111313,0.24999994039535522,0.229248046875,5.960464477539063e-08,4.501967906951904,0.601404070854187,4.162595272064209,5.935911655426025,0.3950987160205841,4.375180244445801,0.07916107773780823,0.10000000149011612,5.935911655426025,0.7671193650613524,0.7671193650613524,0.037727974355220795,0.15200378000736237,True,288,9.992507087188475e-07,True,True,2.678568400006043
15,0.553265386925402,0.5526471240831045,0.5611416972727623,0.04763587564229965,0.028531348332762718,0.24999991059303284,0.23193359375,8.940696716308594e-08,4.487069129943848,0.6263949275016785,4.129984378814697,5.963391304016113,0.39870867133140564,4.362013816833496,0.07908647507429123,0.10000000149011612,5.963391304016113,0.8072084075466394,0.8072084075466394,0.037455856800079346,0.15844345092773438,True,288,9.996671901231992e-07,True,True,2.7794800999981817
16,0.5435985308385947,0.5432148921027341,0.5515900880763251,0.04902861639857292,0.016730505973100662,0.2499999850988388,0.2431640625,1.4901161193847656e-08,4.143993854522705,0.8209060430526733,3.643709659576416,5.979235649108887,0.4132426381111145,4.049627780914307,0.07557521015405655,0.10000000149011612,5.979235649108887,0.6818925207844958,0.6818925207844958,0.04065480828285217,0.13368873298168182,True,287,9.868144774156619e-07,True,True,2.793713299994124
17,0.5278015700803725,0.5276628550441591,0.5365404027083176,0.049816813319921494,0.004444911144673824,0.2499999850988388,0.255859375,1.4901161193847656e-08,-1.3151977062225342,4.075711250305176,-3.942479372024536,5.986239433288574,0.42784935235977173,4.063909530639648,0.07556003332138062,0.10000000149011612,5.986239433288574,0.055869333503504814,0.055869333503504814,0.010025759227573872,0.012622027657926083,True,297,9.479815628341738e-07,True,True,2.8950641000119504
18,0.5277855050765646,0.5276524926849379,0.536526933619387,0.05011741816997528,0.004144748672842979,0.2499999850988388,0.25537109375,1.4901161193847656e-08,-2.0001773834228516,4.106131553649902,-4.409365653991699,5.9907612800598145,0.42819997668266296,4.350085735321045,0.07894899696111679,0.10000000149011612,5.9907612800598145,0.02755272421678208,0.02755272421678208,0.017901021987199783,0.01097902748733759,True,297,9.816218699358804e-07,True,True,2.7121352000103798
19,0.5277477761946943,0.5276166513555075,0.5364861611065742,0.04964718967676163,0.0040738824754953384,0.25,0.25537109375,0.0,-2.3577370643615723,4.105153560638428,-4.634391784667969,5.993939399719238,0.4282827377319336,4.509484767913818,0.08070894330739975,0.10000000149011612,5.993939399719238,0.05382914555265838,0.05382914555265838,0.014785613864660263,0.013418372720479965,True,297,9.89674398387242e-07,True,True,2.783010600018315
20,0.5279974541380178,0.5278307496397864,0.5366291990338526,0.05031141638755798,0.00581965409219265,0.25,0.256103515625,0.0,-2.59568452835083,4.054179668426514,-4.7772111892700195,5.996604919433594,0.4262397587299347,4.599102020263672,0.0819011777639389,0.10000000149011612,5.996604919433594,0.08277586597665935,0.08277586597665935,0.06501368433237076,0.04821724817156792,True,297,9.93274326009285e-07,True,True,2.7790927000169177
21,0.5264866163006149,0.5263226792236887,0.5352266593223609,0.05057947337627411,0.005667880177497864,0.2499999850988388,0.247802734375,1.4901161193847656e-08,-2.756019353866577,4.030978679656982,-4.862361431121826,5.992021083831787,0.4264177680015564,4.671395778656006,0.08265333622694016,0.10000000149011612,5.992021083831787,0.10150596243747081,0.10150596243747081,0.08689425140619278,0.049298208206892014,True,298,8.693991314646363e-07,True,True,2.7968005999864545
22,0.5232172848969671,0.5230376048698994,0.5320595521641374,0.0500759482383728,0.006480203941464424,0.2499999701976776,0.246826171875,2.9802322387695312e-08,-2.871438980102539,4.017784595489502,-4.932257175445557,5.981883525848389,0.4254641830921173,4.718569755554199,0.0830887034535408,0.10000000149011612,5.981883525848389,0.12216075072123943,0.12216075072123943,0.10503731667995453,0.06202101707458496,True,297,9.982489056356185e-07,True,True,2.880261899990728
23,0.5179645308717863,0.5177775886520521,0.5271482757611595,0.049627963453531265,0.0068657128140330315,0.25,0.255859375,0.0,-3.001650810241699,3.95365834236145,-4.990725517272949,5.962770462036133,0.42501088976860046,4.7445068359375,0.08340077102184296,0.10000000149011612,5.962770462036133,0.06223807340676997,0.06223807340676997,0.052401840686798096,0.03235319256782532,True,295,9.70435312456719e-07,True,True,2.8812794999976177
24,0.5164347726186125,0.5162439188477902,0.5257198766569154,0.04917110875248909,0.007084133103489876,0.2500000298023224,0.254638671875,2.9802322387695312e-08,-3.102900266647339,3.9278814792633057,-5.038486003875732,5.93780517578125,0.42475390434265137,4.776817798614502,0.0837521031498909,0.10000000149011612,5.93780517578125,0.06095298510681061,0.06095298510681061,0.015192662365734577,0.016953950747847557,True,296,9.807782667889654e-07,True,True,2.816583600011654
25,0.5161683517682363,0.5159716273347844,0.5255237083107506,0.04907961189746857,0.007382241077721119,0.2499999850988388,0.2529296875,1.4901161193847656e-08,-3.1808724403381348,3.8904294967651367,-5.078915596008301,5.915534496307373,0.4244028329849243,4.78530216217041,0.08384480327367783,0.10000000149011612,5.915534496307373,0.06484536135849053,0.06484536135849053,0.00883285142481327,0.0163973867893219,True,297,9.991521736359214e-07,True,True,2.756897699990077
26,0.5162594172274977,0.5160412496952622,0.5257327038066211,0.04934929683804512,0.008440911769866943,0.2499999701976776,0.251220703125,2.9802322387695312e-08,-3.250579357147217,3.841942548751831,-5.117652893066406,5.892477989196777,0.42315372824668884,4.788479328155518,0.083924300968647,0.10000000149011612,5.892477989196777,0.07720162322812323,0.07720162322812323,0.010082979686558247,0.01990053430199623,True,297,9.786420481800675e-07,True,True,2.787659800000256
27,0.5162409168376416,0.5159849178015083,0.5260270788789132,0.04929981380701065,0.010334961116313934,0.24999994039535522,0.250244140625,5.960464477539063e-08,-3.295684814453125,3.814429521560669,-5.146674633026123,5.869589328765869,0.4209097623825073,4.786747455596924,0.0838785395026207,0.10000000149011612,5.869589328765869,0.1298798186842093,0.1298798186842093,0.02214365266263485,0.03583134338259697,True,295,9.901638670944372e-07,True,True,2.8582427999936044
28,0.5160430388186855,0.5157542997483893,0.526401722857693,0.04895845055580139,0.011989030987024307,0.2499999701976776,0.24365234375,2.9802322387695312e-08,-3.319957971572876,3.7835781574249268,-5.1807942390441895,5.854851245880127,0.4189402759075165,4.764260292053223,0.08360715955495834,0.10000000149011612,5.854851245880127,0.0775618862169917,0.0775618862169917,0.018357008695602417,0.02157989703118801,True,296,9.939641077204446e-07,True,True,2.774786900001345
29,0.5159417960442081,0.5156384398549274,0.5267038067977451,0.04873708635568619,0.012730955146253109,0.24999994039535522,0.242919921875,5.960464477539063e-08,-3.338470935821533,3.7446389198303223,-5.204529285430908,5.849860668182373,0.41805383563041687,4.734466075897217,0.08328529447317123,0.10000000149011612,5.849860668182373,0.15156120628430933,0.15156120628430933,0.03053608164191246,0.044658321887254715,True,288,9.918759958940507e-07,True,True,2.712553099991055
30,0.506690513011308,0.5064145178387477,0.5176296249789609,0.04941806197166443,0.011328855529427528,0.24999995529651642,0.2490234375,4.470348358154297e-08,-3.313328266143799,3.7175278663635254,-5.203940391540527,5.846884250640869,0.4197274446487427,4.677951335906982,0.08272453397512436,0.10000000149011612,5.846884250640869,0.3209467775135402,0.3209467775135402,0.06284066289663315,0.09765216708183289,True,299,9.963723807763852e-07,True,True,2.7910880999988876
31,0.5046932971646607,0.5044109958095074,0.5156568889797386,0.04903554171323776,0.011663290672004223,0.2499999850988388,0.2509765625,1.4901161193847656e-08,-3.2351620197296143,3.7016963958740234,-5.159548759460449,5.844601154327393,0.41932886838912964,4.57270622253418,0.08149846643209457,0.10000000149011612,5.844601154327393,0.08816441038293081,0.08816441038293081,0.012668125331401825,0.02442432940006256,True,300,9.870106168166118e-07,True,True,2.74209489999339
32,0.49705362282031246,0.4967630031452424,0.5081716727436573,0.0487707182765007,0.012092447839677334,0.25,0.2431640625,0.0,-3.13972806930542,3.669473171234131,-5.098166465759277,5.843033313751221,0.41881683468818665,4.439236164093018,0.08003952354192734,0.10000000149011612,5.843033313751221,0.0752903048965487,0.0752903048965487,0.03481175750494003,0.03455032780766487,True,297,9.754766008098027e-07,True,True,2.7862513000145555
33,0.4956778451836574,0.49536978304748414,0.5072581928475064,0.04856746643781662,0.012974733486771584,0.24999994039535522,0.238525390625,5.960464477539063e-08,-3.0484821796417236,3.635561227798462,-5.029350757598877,5.836939811706543,0.4177621603012085,4.289945125579834,0.07827214151620865,0.10000000149011612,5.836939811706543,0.42133447473093344,0.42133447473093344,0.08808887749910355,0.14274480938911438,True,301,9.899826636236455e-07,True,True,2.8751010000123642
34,0.4902660506504527,0.49000027255964784,0.5021418159521703,0.04528121277689934,0.011024843901395798,0.25,0.250732421875,0.0,-2.8442957401275635,3.5809295177459717,-4.897502899169922,5.822698593139648,0.4200894832611084,3.966235876083374,0.0740952417254448,0.10000000149011612,5.822698593139648,0.6202280233797528,0.6202280233797528,0.15188826620578766,0.2392996847629547,True,299,9.797130753060273e-07,True,True,2.7931176999991294
35,0.4901647031466664,0.49003469087846585,0.5028672509136605,0.036628395318984985,0.004669193644076586,0.2499999850988388,0.246337890625,1.4901161193847656e-08,-2.465444803237915,3.4353692531585693,-4.608664035797119,5.7850823402404785,0.4275871813297272,3.2411348819732666,0.06312483549118042,0.10000000149011612,5.7850823402404785,0.06726342482620193,0.06726342482620193,0.02094673179090023,0.027597803622484207,True,303,9.990708454370759e-07,True,True,2.8884869999892544
36,0.4806280760671595,0.4805212065130124,0.49393006358164265,0.03632238134741783,0.003527358639985323,0.25,0.252685546875,0.0,-1.8985719680786133,3.188811779022217,-3.9042747020721436,5.731001853942871,0.42892032861709595,2.4041810035705566,0.04893185570836067,0.10000000149011612,5.731001853942871,0.1037543720707011,0.1037543720707011,0.04578284174203873,0.060691043734550476,True,303,9.886608164582462e-07,True,True,2.891908899997361
37,0.4852891379654568,0.4851693503264498,0.4991361411203058,0.03636850789189339,0.004170956555753946,0.25,0.251220703125,0.0,-0.887180507183075,2.641453981399536,-2.996962308883667,5.633664608001709,0.4281693994998932,1.912324070930481,0.04012025147676468,0.10000000149011612,5.633664608001709,0.2180049227557746,0.2180049227557746,0.10573624074459076,0.13108500838279724,True,301,9.81165746288947e-07,True,True,2.9024266000196803
38,0.4959939408714617,0.4957875107678319,0.5098397167215187,0.037996914237737656,0.008421659469604492,0.25,0.25,0.0,0.4644320607185364,1.7220996618270874,-1.9162383079528809,5.414458274841309,0.42317646741867065,1.5428849458694458,0.03404752537608147,0.10000000149011612,5.414458274841309,0.07356514196270077,0.07356514196270077,0.02072705700993538,0.041623059660196304,True,310,9.817271548762707e-07,True,True,2.908102499990491
39,0.5353376752344533,0.5346896880102916,0.5494065093836803,0.045528657734394073,0.030122928321361542,0.2499999850988388,0.231689453125,1.4901161193847656e-08,0.8595353364944458,1.158176064491272,-1.1659133434295654,4.893809795379639,0.39670777320861816,1.1512084007263184,0.028984105214476585,0.10000000149011612,4.893809795379639,0.5774609001309084,0.5774609001309084,0.31104421615600586,0.44581708312034607,True,299,9.823051044738942e-07,True,True,2.781220000004396
40,0.5209753633630269,0.5204885829728834,0.5356178562796957,0.04239114373922348,0.02221946232020855,0.25,0.2392578125,0.0,1.2746728658676147,1.222670316696167,-1.1912498474121094,5.227630138397217,0.40654709935188293,1.4300851821899414,0.03338036686182022,0.10000000149011612,5.227630138397217,1.9372404627221398,0.999999491526656,0.9240575432777405,0.9837965965270996,True,300,9.71975477305775e-07,True,True,2.8614901000109967
41,0.4918194179574176,0.4914272411355897,0.5062012401939788,0.03992294520139694,0.017612693831324577,0.25,0.244140625,0.0,1.803584098815918,1.292803406715393,-1.4061404466629028,5.587103366851807,0.412173867225647,1.8343982696533203,0.040211282670497894,0.10000000149011612,5.587103366851807,1.6914000729902048,0.9999994705435161,0.533604085445404,0.7184843420982361,True,304,9.978376622211426e-07,True,True,2.83769359998405
42,0.46981893334824415,0.469561701624727,0.48361247660416934,0.03789929673075676,0.010966621339321136,0.2499999850988388,0.24951171875,1.4901161193847656e-08,1.5342094898223877,1.5694773197174072,-1.3989124298095703,5.703187942504883,0.4201587438583374,1.8859745264053345,0.03934922069311142,0.10000000149011612,5.703187942504883,0.2566668819313665,0.2566668819313665,0.067001573741436,0.10691490769386292,True,305,9.911564682674282e-07,True,True,2.946568599989405
43,0.4670010018422464,0.4667883091642717,0.480168203314867,0.03661571443080902,0.008803848177194595,0.25,0.25244140625,0.0,1.478224515914917,1.7623661756515503,-1.4639196395874023,5.784180641174316,0.4227246940135956,1.9402806758880615,0.03910412639379501,0.10000000149011612,5.784180641174316,0.2986031861959747,0.2986031861959747,0.07576748728752136,0.12728677690029144,True,299,9.901561895325777e-07,True,True,3.036619899998186
44,0.4668553201200578,0.4666527049856398,0.47998895748863857,0.03603510931134224,0.008329001255333424,0.2499999701976776,0.247314453125,2.9802322387695312e-08,1.3064032793045044,1.9455130100250244,-1.4018954038619995,5.823524475097656,0.42328596115112305,1.962180256843567,0.03859904408454895,0.10000000149011612,5.823524475097656,0.5489823624348327,0.5489823624348327,0.1270110160112381,0.23953799903392792,True,304,9.809869629112172e-07,True,True,2.939282600011211
45,0.46620247790682756,0.46602670019957865,0.478899015981071,0.03552959859371185,0.0070124054327607155,0.25,0.251220703125,0.0,1.400963544845581,1.9618481397628784,-1.0855854749679565,5.848391532897949,0.4248383343219757,1.9640499353408813,0.037864506244659424,0.10000000149011612,5.848391532897949,0.15087372863354337,0.15087372863354337,0.04358338192105293,0.08002251386642456,True,306,9.84751096503746e-07,True,True,3.030053800001042
46,0.4662432174416938,0.4660470069865444,0.4787504971820218,0.035427484661340714,0.008039148524403572,0.2499999850988388,0.250732421875,1.4901161193847656e-08,1.4287266731262207,1.9695212841033936,-0.8421225547790527,5.858054161071777,0.42362821102142334,1.9314193725585938,0.03694168105721474,0.10000000149011612,5.858054161071777,0.2664218614276793,0.2664218614276793,0.07271187752485275,0.1390099674463272,True,305,9.704665123363408e-07,True,True,2.962939999997616
47,0.4658096037830044,0.4656245802181591,0.47782369755998827,0.03529459238052368,0.007486448623239994,0.25,0.248291015625,0.0,1.5233237743377686,1.9303070306777954,-0.4307846426963806,5.868993759155273,0.424280047416687,1.8643653392791748,0.03562052920460701,0.10000000149011612,5.868993759155273,0.29346424364304896,0.29346424364304896,0.07172795385122299,0.16392911970615387,True,304,9.82921792194269e-07,True,True,2.958856699988246
48,0.46564749358807767,0.46547336462167166,0.47775109849938974,0.035059306770563126,0.006953482981771231,0.2499999850988388,0.24755859375,1.4901161193847656e-08,1.502678394317627,1.9237310886383057,-0.1827670782804489,5.862920761108398,0.4249076545238495,1.746233582496643,0.03363701328635216,0.10000000149011612,5.862920761108398,0.236343487816224,0.236343487816224,0.06407274305820465,0.15225771069526672,True,304,9.88723344916434e-07,True,True,2.8313206000020728
49,0.4642191871096765,0.4640560199906503,0.4763858221161146,0.03481723368167877,0.0064174942672252655,0.25,0.246337890625,0.0,1.4271491765975952,1.9244595766067505,-0.05625314265489578,5.843391418457031,0.4255378842353821,1.5786805152893066,0.03097919188439846,0.10000000149011612,5.843391418457031,0.16447781554831975,0.16447781554831975,0.04445846006274223,0.11401566863059998,True,304,9.895007630416062e-07,True,True,2.939159600005951
50,0.463202360822112,0.4630384919813282,0.47533488740946384,0.034924138337373734,0.006447235122323036,0.25,0.25048828125,0.0,1.3414925336837769,1.9161827564239502,-0.10424435883760452,5.811529636383057,0.4255029559135437,1.383156657218933,0.027975259348750114,0.09999997168779373,5.811529636383057,0.1282921740554837,0.1282921740554837,0.03964632377028465,0.09854506701231003,True,303,9.965764493367684e-07,True,True,2.933135500003118
51,0.46095368027224787,0.4607815422462637,0.4730337599456689,0.03508056327700615,0.006852873135358095,0.2499999850988388,0.251953125,1.4901161193847656e-08,1.2539924383163452,1.8915692567825317,-0.25123292207717896,5.761693000793457,0.4250260293483734,1.167349100112915,0.024727871641516685,0.09999888390302658,5.761693000793457,0.15467498416375958,0.15467498416375958,0.05355503037571907,0.1317017525434494,True,302,9.758082199310865e-07,True,True,2.938575700012734
52,0.4565333258657591,0.45636611090589924,0.4686990332922468,0.035484932363033295,0.006586501374840736,0.25,0.248779296875,0.0,1.1581991910934448,1.8397624492645264,-0.48847734928131104,5.688780307769775,0.4253392517566681,0.9443526268005371,0.02155134454369545,0.0999608039855957,5.688780307769775,0.15244481879940824,0.15244481879940824,0.05227842554450035,0.13694916665554047,True,300,9.978570445736124e-07,True,True,2.886355199996615
53,0.4521910199708608,0.4520024440492806,0.46451871211979406,0.037211574614048004,0.007568217348307371,0.2499999850988388,0.250732421875,1.4901161193847656e-08,1.0440216064453125,1.7430096864700317,-0.7982099056243896,5.580751419067383,0.4241836667060852,0.7773134708404541,0.019641030579805374,0.0998862236738205,5.580751419067383,0.18543391933657039,0.18543391933657039,0.06605170667171478,0.17095813155174255,True,301,9.780264122147246e-07,True,True,2.8957283000054304
54,0.44254075763482276,0.442289914534573,0.454821572419649,0.044649213552474976,0.010309694334864616,0.2499999701976776,0.251220703125,2.9802322387695312e-08,0.8882908821105957,1.5780746936798096,-1.2226333618164062,5.406153202056885,0.42093977332115173,0.7089858651161194,0.019915781915187836,0.09983072429895401,5.406153202056885,0.29213706171859705,0.29213706171859705,0.11369816958904266,0.2678690254688263,True,305,9.962311670692328e-07,True,True,2.984091999998782
55,0.42380237874530435,0.42346062550090435,0.43566910383150886,0.05734245479106903,0.01422053948044777,0.2499999701976776,0.2548828125,2.9802322387695312e-08,0.6787039041519165,1.3423739671707153,-1.6904672384262085,5.213686943054199,0.4162684679031372,0.7681983709335327,0.023328347131609917,0.09991484135389328,5.213686943054199,0.3228942661812021,0.3228942661812021,0.12119036912918091,0.29321491718292236,True,318,9.903664701348963e-07,True,True,3.0848775999911595
56,0.4098631463975372,0.4093819387436571,0.4242993725189451,0.07239004969596863,0.020440880209207535,0.2499999850988388,0.251708984375,1.4901161193847656e-08,0.4490553140640259,1.1590102910995483,-2.249946355819702,5.0337677001953125,0.4087286591529846,0.9104806780815125,0.028424352407455444,0.09999282658100128,5.0337677001953125,0.5716797822213611,0.5716797822213611,0.28789156675338745,0.4905778169631958,True,332,9.565726671526285e-07,True,True,3.1956356999871787
57,0.42560797623390767,0.4240191522746763,0.43760793175960694,0.11207254230976105,0.07383757084608078,0.2499999701976776,0.208251953125,2.9802322387695312e-08,0.11954252421855927,1.0690523386001587,-2.669992208480835,4.722164630889893,0.3371385633945465,1.0453159809112549,0.028962576761841774,0.09999950230121613,4.722164630889893,2.0397780842568496,0.9999994877331276,1.0686087608337402,1.7118892669677734,True,312,9.881006738861133e-07,True,True,3.0065362000023015
58,0.3971164274387439,0.39599090032506784,0.41061357984120556,0.12791195511817932,0.04988075792789459,0.2499999701976776,0.2412109375,2.9802322387695312e-08,0.1611224114894867,1.1561263799667358,-3.0887110233306885,4.829958438873291,0.3709706664085388,1.1409926414489746,0.03487187251448631,0.09999978542327881,4.833381175994873,0.8614762797254599,0.8614762797254599,0.4802728295326233,0.69168621301651,True,345,9.728946583817045e-07,True,True,3.3466832999838516
59,0.39321770309129167,0.3925106429926436,0.40728212323153384,0.11804431676864624,0.029450789093971252,0.2499999850988388,0.248291015625,1.4901161193847656e-08,0.3268648386001587,1.3951945304870605,-3.2820703983306885,5.266994476318359,0.3975540101528168,1.3721848726272583,0.0411212183535099,0.09999998658895493,5.29508113861084,0.3133385580110535,0.3133385580110535,0.18169382214546204,0.24804018437862396,True,343,9.944033224533921e-07,True,True,3.3058022999903187
60,0.4124836319321899,0.4119686302030592,0.42694232799732956,0.10106054693460464,0.020697059109807014,0.2499999850988388,0.250732421875,1.4901161193847656e-08,0.47826486825942993,1.6182671785354614,-3.495875835418701,5.476193904876709,0.40841513872146606,1.6026877164840698,0.04542497172951698,0.10000000149011612,5.476193904876709,0.7715224575233756,0.7715224575233756,0.5517085194587708,0.5307789444923401,True,330,9.905835560366917e-07,True,True,3.1847261000075378
61,0.37538812350590334,0.37458128237087834,0.3892124970274195,0.12893828749656677,0.03389514237642288,0.2499999850988388,0.2490234375,1.4901161193847656e-08,0.2693904638290405,1.6505153179168701,-3.510007381439209,5.349490165710449,0.39192456007003784,1.633232593536377,0.0445634201169014,0.10000000149011612,5.349490165710449,0.33690937763349244,0.33690937763349244,0.268959105014801,0.19474582374095917,True,349,9.902210924771025e-07,True,True,3.4031743000086863
62,0.3995276772880957,0.3980347853357002,0.41268234507312124,0.15799497067928314,0.0667448490858078,0.2499999701976776,0.216796875,2.9802322387695312e-08,0.09515220671892166,1.7464364767074585,-3.7615504264831543,5.260468006134033,0.34749841690063477,1.762922763824463,0.043515950441360474,0.10000000149011612,5.260468006134033,0.8997776222126586,0.8997776222126586,0.5534259080886841,0.552334725856781,True,336,9.968709942153528e-07,True,True,3.1585919999924954
63,0.39191442876510785,0.39052643805198833,0.4050936892515523,0.15381157398223877,0.0617089569568634,0.25,0.2275390625,0.0,0.12397513538599014,1.834384560585022,-3.8929522037506104,5.3511738777160645,0.35467034578323364,1.8484876155853271,0.04535111039876938,0.10000000149011612,5.3511738777160645,0.7636550336495744,0.7636550336495744,0.4531576633453369,0.4049251675605774,True,337,9.735080663763862e-07,True,True,3.1996763999923132
64,0.36543719223526944,0.3644551282265567,0.37896244174624555,0.13746030628681183,0.042230185121297836,0.25,0.253173828125,0.0,0.26778650283813477,1.9168950319290161,-3.9611260890960693,5.50595235824585,0.3811427652835846,1.9081127643585205,0.04861350730061531,0.10000000149011612,5.50595235824585,0.1602265801115497,0.1602265801115497,0.1086292490363121,0.11321895569562912,True,348,9.942107408942668e-07,True,True,3.3577107999881264
65,0.3861899974971339,0.385639936569266,0.4008343256105075,0.10860739648342133,0.022072676569223404,0.25,0.252197265625,0.0,0.5056936740875244,2.0165233612060547,-4.013546466827393,5.605029582977295,0.4067275822162628,1.993346929550171,0.0521494597196579,0.10000000149011612,5.605029582977295,0.6677425831334559,0.6677425831334559,0.4686594605445862,0.4676465392112732,True,348,9.895608439826685e-07,True,True,3.4382654999790248
66,0.3783985792152397,0.3778275432117097,0.39196001989747437,0.11190246790647507,0.02295667678117752,0.25,0.249755859375,0.0,0.5048884153366089,2.0749385356903076,-4.121749401092529,5.650423526763916,0.4056393802165985,2.050050735473633,0.05327394977211952,0.10000000149011612,5.650423526763916,0.6300284641911809,0.6300284641911809,0.4233504831790924,0.46261849999427795,True,352,9.89181960216028e-07,True,True,3.570566799986409
67,0.3570142112358798,0.3560124643429507,0.3712807111991969,0.14531099796295166,0.042821794748306274,0.2500000298023224,0.25390625,2.9802322387695312e-08,0.29094749689102173,2.1046695709228516,-4.248236179351807,5.626177787780762,0.38036587834358215,2.089951992034912,0.05247832462191582,0.10000000149011612,5.626177787780762,0.44620194174983696,0.44620194174983696,0.2458009272813797,0.27061986923217773,True,352,9.892749076395193e-07,True,True,3.4515526999894064
68,0.3593098442630758,0.3578268544005146,0.37289687533562166,0.17681755125522614,0.06530861556529999,0.25,0.24365234375,0.0,0.154331237077713,2.1688222885131836,-4.366648197174072,5.720161437988281,0.34955883026123047,2.1739635467529297,0.05159610137343407,0.10000000149011612,5.720161437988281,0.8185568277947793,0.8185568277947793,0.5633038878440857,0.5651242733001709,True,350,9.849007917009593e-07,True,True,3.3584432000061497
69,0.34592542602311366,0.34447188325415845,0.35926098820922664,0.17716383934020996,0.06381894648075104,0.2500000298023224,0.243408203125,2.9802322387695312e-08,0.14878171682357788,2.237330675125122,-4.4414753913879395,5.858988285064697,0.3516831696033478,2.245115280151367,0.05258747562766075,0.10000000149011612,5.858988285064697,0.6566594484212249,0.6566594484212249,0.423980712890625,0.48865780234336853,True,353,9.93965704232959e-07,True,True,3.3428936999989673
70,0.33836573623476224,0.3372869647925873,0.35253038012723265,0.15064546465873718,0.046406298875808716,0.2499999701976776,0.25,2.9802322387695312e-08,0.2804065942764282,2.3212363719940186,-4.469458103179932,5.94728422164917,0.3756243884563446,2.3036913871765137,0.0547042079269886,0.10000000149011612,5.94728422164917,0.6087492809485808,0.6087492809485808,0.32103750109672546,0.29528290033340454,True,356,9.97486820615287e-07,True,True,3.4602315000083763
71,0.3425061842278756,0.3415859528408564,0.3567768762940629,0.13750214874744415,0.03913646191358566,0.25,0.25390625,0.0,0.3083939552307129,2.3994624614715576,-4.524878978729248,5.995463848114014,0.38517987728118896,2.3668293952941895,0.055780477821826935,0.10000000149011612,5.995463848114014,0.5765612246523529,0.5765612246523529,0.28601381182670593,0.32878005504608154,True,357,9.838334056398702e-07,True,True,3.366898999986006
72,0.3265867607462512,0.325526107819687,0.340235435381326,0.1455511599779129,0.045755088329315186,0.25,0.2529296875,0.0,0.2251068502664566,2.4549028873443604,-4.588631629943848,6.015000820159912,0.3764902353286743,2.4287760257720947,0.05587707459926605,0.10000000149011612,6.015000820159912,0.4742201130185971,0.4742201130185971,0.13203315436840057,0.2704169452190399,True,356,9.687272701971606e-07,True,True,3.3860438000119757
73,0.32341367342968586,0.32228004488249423,0.33729376406602296,0.15337130427360535,0.049012862145900726,0.2499999850988388,0.236572265625,1.4901161193847656e-08,0.17366042733192444,2.5055160522460938,-4.6533050537109375,6.029448509216309,0.3721385896205902,2.4958832263946533,0.05624433606863022,0.10000000149011612,6.029448509216309,1.1472326415835223,0.9999991993683157,0.6742760539054871,0.5191380381584167,True,347,9.913524588751073e-07,True,True,3.2950278999924194
74,0.30787509698825316,0.3066987629051729,0.32197498042955397,0.16538015007972717,0.05054769665002823,0.25,0.25390625,0.0,0.17482998967170715,2.5354654788970947,-4.699016094207764,6.046581268310547,0.3700706958770752,2.527529001235962,0.05721220746636391,0.10000000149011612,6.046581268310547,0.6514835157251144,0.6514835157251144,0.3669135868549347,0.27174434065818787,True,352,9.805079799328209e-07,True,True,3.363534099975368
75,0.30246224060857635,0.3012464826574359,0.31655157098619063,0.17075680196285248,0.052250057458877563,0.2499999850988388,0.2529296875,1.4901161193847656e-08,0.19003425538539886,2.5881123542785645,-4.745564937591553,6.0640082359313965,0.3677634298801422,2.578727960586548,0.05862933024764061,0.10000000149011612,6.0640082359313965,0.5187358739052322,0.5187358739052322,0.42012128233909607,0.2504528760910034,True,348,9.95883190949967e-07,True,True,3.326065600005677
76,0.3129931591116956,0.3118523271047643,0.3263724536165748,0.16307637095451355,0.04888778179883957,0.2499999701976776,0.2578125,2.9802322387695312e-08,0.26340699195861816,2.656916618347168,-4.797142028808594,6.089079856872559,0.37230658531188965,2.628546714782715,0.06044565886259079,0.10000000149011612,6.089079856872559,2.0091487986891474,0.9999995381291503,1.1754703521728516,0.8452520966529846,True,355,9.85443906118429e-07,True,True,3.356077500007814
77,0.2888009785902713,0.28760042964341387,0.30305249700957565,0.16947226226329803,0.05155383422970772,0.2499999850988388,0.262451171875,1.4901161193847656e-08,0.1588669717311859,2.7016284465789795,-4.849226474761963,6.087741851806641,0.3687087893486023,2.6960511207580566,0.060480233281850815,0.10000000149011612,6.087741851806641,1.4337129065736418,0.999999277900423,0.3307200074195862,0.5357096195220947,True,330,9.901127315370782e-07,True,True,3.108495699998457
78,0.2836129477686141,0.2823207605249141,0.2975742247693636,0.17837029695510864,0.05569084733724594,0.2499999850988388,0.266357421875,1.4901161193847656e-08,0.0341239869594574,2.7463932037353516,-4.9021148681640625,6.082641124725342,0.3630552887916565,2.7539145946502686,0.059871017932891846,0.10000000149011612,6.082641124725342,1.3070561329194956,0.9999993530453004,0.7712987065315247,0.6404684782028198,True,333,9.958950969466778e-07,True,True,3.1444451000133995
79,0.26890400930876157,0.2676949784570398,0.28276850786098073,0.17178650200366974,0.051862217485904694,0.25,0.247802734375,0.0,0.02861916273832321,2.7692487239837646,-4.943219184875488,6.106048107147217,0.36829033493995667,2.772310972213745,0.060840290039777756,0.10000000149011612,6.106048107147217,0.9711410234953896,0.9711410234953896,0.5144931077957153,0.6170070171356201,True,344,9.97889570697185e-07,True,True,3.242747500014957
80,0.2610039993857396,0.25981442712595587,0.27499333942048926,0.17606553435325623,0.05067533627152443,0.25,0.253173828125,0.0,-0.048000726848840714,2.824550151824951,-5.0016021728515625,6.1192498207092285,0.3698981702327728,2.831766128540039,0.06119361147284508,0.10000000149011612,6.1192498207092285,1.5615332699062452,0.9999993805954198,1.0522377490997314,0.6455993056297302,True,337,9.960421896174632e-07,True,True,3.2734187000023667
81,0.25842921298178667,0.2573796099367999,0.27250764572235436,0.16789448261260986,0.04408542811870575,0.2499999701976776,0.25390625,2.9802322387695312e-08,0.0529429093003273,2.858691453933716,-5.039430618286133,6.146008014678955,0.3787011504173279,2.840914726257324,0.06319355219602585,0.10000000149011612,6.146008014678955,2.309951603951853,0.9999994859585737,1.8326224088668823,1.3702946901321411,True,344,9.838900907908214e-07,True,True,3.2886009000067133
82,0.24847893239567664,0.24740842914591218,0.26253050571643716,0.1787337213754654,0.04458847641944885,0.25,0.254150390625,0.0,-0.09672567248344421,2.9032626152038574,-5.084417819976807,6.147547721862793,0.3780364394187927,2.906419038772583,0.06318889558315277,0.10000000149011612,6.147547721862793,1.3862043454085484,0.9999993363756075,1.1456199884414673,0.7098841071128845,True,332,9.897266413563093e-07,True,True,3.153665199992247
83,0.2568492048123111,0.2559232311585178,0.2711384509865644,0.16904592514038086,0.037846386432647705,0.25,0.2548828125,0.0,-0.038673035800457,2.928595781326294,-5.112004280090332,6.1633429527282715,0.38685092329978943,2.909864902496338,0.0643690899014473,0.10000000149011612,6.1633429527282715,3.157130791053143,0.9999996949753389,2.7618730068206787,1.3363471031188965,True,334,9.983522016560437e-07,True,True,3.0968143999925815
84,0.3256462415951651,0.324835482557432,0.3406647323894043,0.1311064213514328,0.03398263081908226,0.25,0.251708984375,0.0,0.20468826591968536,2.944581985473633,-5.122642517089844,6.189075946807861,0.3918129503726959,2.8926565647125244,0.06681480258703232,0.10000000149011612,6.201107978820801,3.2933263690482724,0.9999996807367574,2.78609299659729,1.7416260242462158,True,362,9.925142034990297e-07,True,True,3.2837084000057075
85,0.2654145890780876,0.2646409070798348,0.28039173179538646,0.14118090271949768,0.03162505477666855,0.2499999850988388,0.261474609375,1.4901161193847656e-08,0.08546213060617447,2.9583678245544434,-5.147218704223633,6.192880630493164,0.3948099911212921,2.9002668857574463,0.06671875715255737,0.10000000149011612,6.215587139129639,1.9883848366979162,0.999999510925018,1.6846864223480225,0.7926499843597412,True,348,9.998930994592215e-07,True,True,3.1870692999800667
86,0.28428812653784846,0.2831106359756479,0.2980361763349081,0.20036539435386658,0.048856258392333984,0.25,0.239013671875,0.0,-0.2163742631673813,2.9894204139709473,-5.181244850158691,6.179291725158691,0.37234893441200256,2.979957342147827,0.06478874385356903,0.10000000149011612,6.211467266082764,32.694287083709625,1.0000000253110108,30.853282928466797,10.738999366760254,True,352,9.888704526913554e-07,True,True,3.5314956000074744
87,0.35108281385910645,0.34949089437735215,0.36369408872790854,0.2254311442375183,0.06832441687583923,0.2499999850988388,0.229736328125,1.4901161193847656e-08,-0.31055203080177307,3.009742259979248,-5.20761251449585,6.16644287109375,0.34521812200546265,3.0268969535827637,0.06439009308815002,0.10000000149011612,6.209670543670654,66.45193626948156,0.9999999946450497,60.89216232299805,26.359844207763672,True,360,9.897750567957682e-07,True,True,3.4562864000035916
88,0.4262993927420646,0.42447078378215136,0.43826413733601083,0.21295100450515747,0.08078289777040482,0.25,0.212890625,0.0,-0.36071765422821045,3.038680076599121,-5.230474948883057,6.154056072235107,0.3266758322715759,3.0547523498535156,0.06408698111772537,0.10000000149011612,6.21065616607666,183.81796552340705,1.0000000302143823,158.1343536376953,87.12403869628906,True,336,9.807175714747746e-07,True,True,3.4994092999841087
89,0.48360864208420545,0.48167177437027725,0.4960246999638236,0.20858097076416016,0.08641433715820312,0.25,0.19287109375,0.0,-0.3571327328681946,3.0437464714050293,-5.251457214355469,6.139301300048828,0.31793972849845886,3.0672521591186523,0.06392407417297363,0.10000000149011612,6.208110809326172,532.6829729957918,0.9999999674278469,482.0771179199219,225.0506591796875,True,332,9.997306267855408e-07,True,True,3.2858477999980096
90,0.5223131809906593,0.5203722207026115,0.5348045610954014,0.20588457584381104,0.08675378561019897,0.25,0.186279296875,0.0,-0.3515412211418152,3.0488250255584717,-5.269728660583496,6.125398635864258,0.31740543246269226,3.073160171508789,0.06392514705657959,0.10000000149011612,6.207973003387451,458.27146250241566,1.0000000118130377,434.2909851074219,143.3621826171875,True,342,9.881869810704268e-07,True,True,3.327403300005244
91,0.5276082159260223,0.5256474106291243,0.5400120248264575,0.2066352367401123,0.0877085030078888,0.25,0.18505859375,0.0,-0.3601933419704437,3.060694456100464,-5.2830657958984375,6.112334251403809,0.3158979117870331,3.0794873237609863,0.06394274532794952,0.10000000149011612,6.209270000457764,728.1685290665691,0.9999999304174316,664.2822875976562,293.69671630859375,True,337,9.994619556337146e-07,True,True,3.2205815999768674
92,0.5378723636164364,0.5358975950076279,0.5501862647728386,0.20403113961219788,0.08853687345981598,0.25,0.178955078125,0.0,-0.3618292510509491,3.069544792175293,-5.29347562789917,6.099706172943115,0.31458404660224915,3.089402437210083,0.06402290612459183,0.10000000149011612,6.209965705871582,643.6188062614906,0.9999999491236209,572.4700317382812,287.8692321777344,True,341,9.774124735931092e-07,True,True,3.277532100008102
93,0.5369173091015138,0.5349094616880932,0.5483807303255063,0.20891843736171722,0.089946448802948,0.2499999850988388,0.18115234375,1.4901161193847656e-08,-0.3567817807197571,3.0710957050323486,-5.2985734939575195,6.088436603546143,0.31233564019203186,3.0878260135650635,0.06403373181819916,0.10000000149011612,6.213072299957275,1168.7196862305723,1.0000001030359549,1033.69677734375,541.7994995117188,True,343,9.875489456185618e-07,True,True,3.245323400013149
94,0.533976605948451,0.5319384594377308,0.5460719816812015,0.21076644957065582,0.09136900305747986,0.25,0.18310546875,0.0,-0.3509865403175354,3.0808908939361572,-5.3053412437438965,6.07867431640625,0.31004998087882996,3.0974581241607666,0.0641021877527237,0.10000000149011612,6.213287353515625,1361.7699182478418,1.0000000475095507,1295.071533203125,395.8325500488281,True,336,9.861074273547185e-07,True,True,3.2196347000135574
95,0.5312793652128992,0.5292253472816764,0.5432972751260097,0.21037057042121887,0.09218236804008484,0.25,0.182861328125,0.0,-0.34020698070526123,3.083996057510376,-5.312372207641602,6.069756031036377,0.30873554944992065,3.101611852645874,0.06416996568441391,0.10000000149011612,6.215089321136475,2534.6292266784544,0.9999999156124201,2356.13330078125,739.3016357421875,True,339,9.731413217201103e-07,True,True,3.2363531999872066
96,0.5383094030192629,0.5362629305145279,0.5502757537615287,0.21014325320720673,0.09181646257638931,0.25,0.185546875,0.0,-0.32672885060310364,3.0903308391571045,-5.319272518157959,6.062258243560791,0.30932754278182983,3.1036605834960938,0.06433285027742386,0.10000000149011612,6.217083930969238,2450.6338792690312,0.9999999641045545,2193.71533203125,1076.4088134765625,True,340,9.990301562809121e-07,True,True,3.282367099978728
97,0.5341681388370471,0.5321135709337669,0.5461284551056576,0.20946648716926575,0.09225507080554962,0.2499999701976776,0.18701171875,2.9802322387695312e-08,-0.32012563943862915,3.0894927978515625,-5.324171543121338,6.055861949920654,0.3086177706718445,3.1018218994140625,0.06444999575614929,0.10000000149011612,6.219696521759033,5120.654129654651,0.9999999815930832,4429.78173828125,2118.34130859375,True,333,9.968687471623234e-07,True,True,3.1943283999862615
98,0.5298935537779269,0.5278396445357737,0.5416928978107368,0.2059737741947174,0.09239677339792252,0.25,0.190673828125,0.0,-0.31776517629623413,3.0849199295043945,-5.325802326202393,6.0473127365112305,0.3083880841732025,3.09391450881958,0.06435924023389816,0.10000000149011612,6.22025203704834,5263.935888562498,0.9999999422298155,4776.89794921875,1842.440673828125,True,337,9.815954335458438e-07,True,True,3.3210305999964476
99,0.5259059637359841,0.5238691659591658,0.5374676742364726,0.20499326288700104,0.09159022569656372,0.25,0.18896484375,0.0,-0.3174171447753906,3.082714319229126,-5.327869415283203,6.042954444885254,0.30969303846359253,3.0876505374908447,0.06436847895383835,0.10000000149011612,6.223244667053223,4209.613935716615,1.0000000617424407,3782.107421875,1828.5927734375,True,338,9.897725076075208e-07,True,True,3.199308100010967
100,0.5222840848449015,0.520251490134313,0.5338066780299515,0.20665916800498962,0.09129677712917328,0.2499999850988388,0.184814453125,1.4901161193847656e-08,-0.3140171766281128,3.079064130783081,-5.329804420471191,6.043761730194092,0.3101664185523987,3.0834052562713623,0.06446344405412674,0.10000000149011612,6.227869510650635,5297.193864876981,0.9999998718900127,4787.2685546875,1851.452392578125,True,332,9.827803629002898e-07,True,True,3.2605040000053123
101,0.5181005383552254,0.5160729100526513,0.5296010527244913,0.20747143030166626,0.09100784361362457,0.2499999850988388,0.179443359375,1.4901161193847656e-08,-0.31416016817092896,3.079878330230713,-5.334216594696045,6.041600227355957,0.3106318414211273,3.082862615585327,0.06452937424182892,0.10000000149011612,6.232223033905029,6041.417357659542,0.9999999512421838,5431.16259765625,2629.9541015625,True,339,9.876212376083487e-07,True,True,3.2038028999813832
102,0.5181077986118551,0.5160755569395776,0.5295040140286672,0.2081698179244995,0.09120359271764755,0.25,0.17822265625,0.0,-0.3191869556903839,3.084139347076416,-5.338934898376465,6.041886329650879,0.3103165924549103,3.087836265563965,0.06470642983913422,0.10000000149011612,6.240414619445801,8052.533595315783,0.999999870016281,7253.501953125,3381.57275390625,True,341,9.926629146393534e-07,True,True,3.22095239997725
103,0.5223042022496469,0.5202568719297654,0.5336317819827904,0.2084292769432068,0.09194505214691162,0.2499999701976776,0.17578125,2.9802322387695312e-08,-0.32163456082344055,3.0871429443359375,-5.342504978179932,6.040526390075684,0.3091196119785309,3.089360237121582,0.06471985578536987,0.10000000149011612,6.24330472946167,12554.088113504176,1.0000000238927371,11130.7412109375,5549.15625,True,339,9.88997208450161e-07,True,True,3.268097599997418
104,0.5236442927834932,0.5215912017193978,0.5350552355228932,0.20846350491046906,0.0922313779592514,0.25,0.17578125,0.0,-0.3241010904312134,3.0853071212768555,-5.343418121337891,6.0380988121032715,0.30865615606307983,3.0863068103790283,0.06464564800262451,0.10000000149011612,6.246720790863037,12666.1211955805,1.0000000006232506,11215.369140625,5656.66064453125,True,329,9.796603648622172e-07,True,True,3.140829300013138
105,0.5218547398565382,0.5198031847743362,0.533338742931777,0.20958857238292694,0.09209832549095154,0.2499999850988388,0.17529296875,1.4901161193847656e-08,-0.3256600797176361,3.0838353633880615,-5.343300819396973,6.038824558258057,0.30887162685394287,3.082733154296875,0.06458742916584015,0.10000000149011612,6.2498345375061035,12327.466596650946,1.0000000600889807,11772.7919921875,3408.9365234375,True,331,9.869623626620955e-07,True,True,3.2825066999939736
106,0.5171993415583356,0.5151563348997815,0.5287494810240642,0.21079027652740479,0.09161081910133362,0.2499999850988388,0.178466796875,1.4901161193847656e-08,-0.3269895315170288,3.081878185272217,-5.342930316925049,6.042446136474609,0.30965977907180786,3.079068660736084,0.06459592282772064,0.10000000149011612,6.254594326019287,11086.45279890078,1.0000000946261085,9722.7783203125,5123.04833984375,True,335,9.902649534453516e-07,True,True,3.3039371999911964
107,0.5135070834321254,0.5114723120791189,0.5251394600883493,0.21200186014175415,0.09113847464323044,0.25,0.179931640625,0.0,-0.32959532737731934,3.079470157623291,-5.341982841491699,6.047488212585449,0.31042149662971497,3.075092077255249,0.06465660780668259,0.10000000149011612,6.259896278381348,11043.94893223388,0.9999999882348454,10058.0107421875,4438.60546875,True,338,9.966938989548554e-07,True,True,3.2475208999821916
108,0.5122866195638034,0.5102577763248537,0.523982471761889,0.2122557908296585,0.09082937240600586,0.2499999850988388,0.180419921875,1.4901161193847656e-08,-0.33060556650161743,3.075958251953125,-5.339964389801025,6.0505194664001465,0.3109189569950104,3.0687358379364014,0.06461746245622635,0.10000000149011612,6.261309623718262,12155.730783560315,0.9999999922259226,11410.5283203125,3817.916259765625,True,338,9.71430247303931e-07,True,True,3.2124951999867335
109,0.5132102567306446,0.5111847815266536,0.5249374534449937,0.2120642364025116,0.09067054837942123,0.25,0.18017578125,0.0,-0.32935476303100586,3.0747640132904053,-5.339241027832031,6.0538010597229,0.31117427349090576,3.0648274421691895,0.06460966914892197,0.10000000149011612,6.263551712036133,15246.960594525486,1.0000000043870014,14141.4716796875,5015.2294921875,True,338,9.82481772320287e-07,True,True,3.290242400020361
110,0.5138168679395019,0.5118035412648021,0.5255913234063551,0.21121957898139954,0.09010535478591919,0.25,0.1787109375,0.0,-0.3271520137786865,3.0703046321868896,-5.336872577667236,6.056241989135742,0.31208112835884094,3.0567615032196045,0.06450910121202469,0.10000000149011612,6.264611721038818,12898.76548024084,0.9999999830540416,12202.33984375,4145.90478515625,True,337,9.89801814938966e-07,True,True,3.338581299991347
111,0.5149140823336051,0.5129129999579595,0.526664429823923,0.20997144281864166,0.08955554664134979,0.25,0.177490234375,0.0,-0.3273918032646179,3.067699432373047,-5.334897518157959,6.058419704437256,0.31296077370643616,3.0506322383880615,0.0644538477063179,0.10000000149011612,6.267415523529053,13575.243888476856,0.9999999438726229,12282.98828125,5592.16845703125,True,337,9.900108418855565e-07,True,True,3.32322920000297
112,0.5153028963925952,0.5133105316134805,0.5270240259597087,0.20899589359760284,0.08916844427585602,0.25,0.17724609375,0.0,-0.3287896513938904,3.065258502960205,-5.333869934082031,6.0590291023254395,0.31357860565185547,3.044785737991333,0.06437329947948456,0.10000000149011612,6.271074295043945,12914.539294554786,1.0000000091110548,11637.96875,5304.0703125,True,337,9.760717587961099e-07,True,True,3.266013999993447
113,0.5149225277491659,0.5129347605147213,0.5266231209468866,0.20882578194141388,0.08894707262516022,0.25,0.178466796875,0.0,-0.32915419340133667,3.0621349811553955,-5.33450984954834,6.059640884399414,0.313931405544281,3.0382373332977295,0.06425230950117111,0.10000000149011612,6.272722244262695,12673.845635093263,1.0000000391635253,11166.7392578125,5973.7197265625,True,338,9.847578152538836e-07,True,True,3.3027243000105955
114,0.5150381579556987,0.5130647886553332,0.5267346923788242,0.20785751938819885,0.08827558904886246,0.2499999850988388,0.177490234375,1.4901161193847656e-08,-0.3297792971134186,3.0581915378570557,-5.332154750823975,6.060507774353027,0.3149990439414978,3.0302441120147705,0.06414693593978882,0.10000000149011612,6.277449131011963,11966.53803560184,1.0000000190724905,10753.5869140625,5014.34521484375,True,338,9.96568375125836e-07,True,True,3.2675479000026826
115,0.5148859630615837,0.512914887139333,0.5265707275801389,0.20782941579818726,0.08816232532262802,0.25,0.179443359375,0.0,-0.3293774724006653,3.054288864135742,-5.331767559051514,6.059131145477295,0.3151788115501404,3.0233819484710693,0.06400095671415329,0.10000000149011612,6.2794718742370605,12423.90035578696,0.9999999784717831,11033.0390625,5275.22802734375,True,338,9.832801054672383e-07,True,True,3.2744701000046916
116,0.5153581111561757,0.5133765771519643,0.5270228620637986,0.2081393599510193,0.08866973221302032,0.25,0.1787109375,0.0,-0.3301706910133362,3.049254894256592,-5.33323335647583,6.054890155792236,0.31437283754348755,3.016552448272705,0.06382356584072113,0.10000000149011612,6.277885437011719,9020.195412130626,1.0000000329769618,7759.58740234375,4459.9990234375,True,337,9.95477661592271e-07,True,True,3.280601899983594
117,0.515152625119682,0.513161560899015,0.5268054728371065,0.20897921919822693,0.08910425007343292,0.25,0.17919921875,0.0,-0.32688215374946594,3.0450291633605957,-5.334943771362305,6.05258846282959,0.3136809468269348,3.0109264850616455,0.06366238743066788,0.10000000149011612,6.276228427886963,7755.304048869168,1.0000000154325246,6998.5771484375,3290.6044921875,True,338,9.80174473461918e-07,True,True,3.2499577999988105
118,0.5152697265287834,0.5132734751543003,0.5269035417686951,0.2097526490688324,0.0893249362707138,0.25,0.18017578125,0.0,-0.32649004459381104,3.0421252250671387,-5.336302757263184,6.050543785095215,0.3133290112018585,3.007019519805908,0.06358744949102402,0.10000000149011612,6.278891563415527,6909.288891974115,0.9999999972151075,5842.98095703125,3306.943359375,True,338,9.751385083303057e-07,True,True,3.2639213999791536
119,0.514043374675949,0.5120465727780655,0.5256764633037424,0.21050523221492767,0.08931483328342438,0.25,0.1796875,0.0,-0.32327672839164734,3.0404789447784424,-5.336930751800537,6.050236701965332,0.31334513425827026,3.0042436122894287,0.06356778740882874,0.10000000149011612,6.28385591506958,6967.3240192151125,0.9999999960828403,6115.1220703125,3318.059326171875,True,338,9.769548454329735e-07,True,True,3.2570499000139534
120,0.5130439356453536,0.5110442764051077,0.5246687242568332,0.21146699786186218,0.08940961211919785,0.25,0.1806640625,0.0,-0.3226125240325928,3.0403804779052734,-5.338357925415039,6.047183036804199,0.3131938576698303,3.003331184387207,0.06359714269638062,0.10000000149011612,6.287734508514404,8377.689833641658,1.0000000438151055,7717.78125,3228.3564453125,True,338,9.804525615673555e-07,True,True,3.2977918999968097
121,0.5113437637624805,0.5093426390228335,0.5229771199411264,0.21247994899749756,0.0894322395324707,0.25,0.180908203125,0.0,-0.3218795955181122,3.041934013366699,-5.340748310089111,6.044726848602295,0.31315770745277405,3.0034666061401367,0.06361522525548935,0.10000000149011612,6.290633201599121,8596.463624166236,1.0000000034471421,7532.60205078125,4049.890869140625,True,339,9.991399341601753e-07,True,True,3.291285599989351
122,0.5095270758279414,0.5075286934980007,0.5211617888220678,0.21329504251480103,0.08925436437129974,0.25,0.180908203125,0.0,-0.3185001015663147,3.041531562805176,-5.341423511505127,6.046182632446289,0.31344157457351685,3.000249147415161,0.06360038369894028,0.10000000149011612,6.29519510269165,7867.3087116492225,1.0000000259563562,6538.287109375,4247.75439453125,True,338,9.94055256513837e-07,True,True,3.2603340000205208
123,0.5087371448997587,0.506742479873094,0.5203758333281918,0.2138567566871643,0.08904041349887848,0.2499999850988388,0.181640625,1.4901161193847656e-08,-0.315864622592926,3.0419931411743164,-5.341324806213379,6.04915189743042,0.3137827217578888,2.998483896255493,0.06363216787576675,0.10000000149011612,6.30010986328125,10259.22914995827,1.0000000730776475,8868.64453125,4670.94677734375,True,339,9.773919988954724e-07,True,True,3.2583423999894876
124,0.5072320791910545,0.5052520096133606,0.5188890053515175,0.21468579769134521,0.0882691890001297,0.25,0.183349609375,0.0,-0.3136054277420044,3.0440075397491455,-5.342538833618164,6.056324481964111,0.3150092363357544,2.9966797828674316,0.06368893384933472,0.10000000149011612,6.301983833312988,10635.523888329164,0.9999999807016283,9303.595703125,4865.30078125,True,339,9.81306324856932e-07,True,True,3.178563599998597
125,0.5061181941724877,0.5041575614459376,0.517805122997,0.21495841443538666,0.08728371560573578,0.2499999850988388,0.182861328125,1.4901161193847656e-08,-0.31189751625061035,3.0464794635772705,-5.34641170501709,6.063950538635254,0.31656956672668457,2.9957308769226074,0.0637320950627327,0.10000000149011612,6.301482200622559,11367.34513260865,0.9999999967726595,10578.2099609375,4080.50244140625,True,339,9.919857595124345e-07,True,True,3.3726004000054672
126,0.5045922215185914,0.5026585663907085,0.5163092752150872,0.21510346233844757,0.0859275832772255,0.25,0.184326171875,0.0,-0.30841395258903503,3.0483815670013428,-5.349416732788086,6.074008941650391,0.3187042772769928,2.993504285812378,0.06377263367176056,0.10000000149011612,6.3017377853393555,11686.374055979646,1.0000000293358149,10596.1015625,4471.81982421875,True,339,9.971232589785162e-07,True,True,3.236367400008021
127,0.5020649436669556,0.5001582161592452,0.5138220206512096,0.2152731567621231,0.08457271754741669,0.2499999850988388,0.185791015625,1.4901161193847656e-08,-0.3051667809486389,3.050654649734497,-5.353837966918945,6.082027435302734,0.3208228051662445,2.9915642738342285,0.06375622749328613,0.10000000149011612,6.301235675811768,11250.303205999284,1.0000000298947407,10101.583984375,4658.484375,True,338,9.838193971930674e-07,True,True,3.236244200001238
128,0.5014317983243853,0.4995604069981963,0.5132285483346919,0.21419504284858704,0.0828598141670227,0.2499999850988388,0.1875,1.4901161193847656e-08,-0.3008412718772888,3.0501914024353027,-5.355228424072266,6.091772079467773,0.32348135113716125,2.9866557121276855,0.06376685202121735,0.10000000149011612,6.301454544067383,9259.713731066651,0.9999999735255416,8149.1533203125,4342.26611328125,True,338,9.726837295907822e-07,True,True,3.240136300009908
129,0.500598265194875,0.49876555075643664,0.5124302524353824,0.21347260475158691,0.08096209168434143,0.25,0.193115234375,0.0,-0.2951415181159973,3.049490213394165,-5.356167793273926,6.102068901062012,0.3264014422893524,2.982128381729126,0.0637715682387352,0.10000000149011612,6.303457736968994,8340.940599595537,1.0000000357724836,7303.3984375,3320.311767578125,True,337,9.981131121767099e-07,True,True,3.2407755999884102
130,0.5006961727477203,0.4989032238758693,0.5125609273767029,0.21202775835990906,0.07904605567455292,0.25,0.19580078125,0.0,-0.2933480143547058,3.0480587482452393,-5.357184886932373,6.110559940338135,0.3293234705924988,2.9770278930664062,0.06374602764844894,0.10000000149011612,6.3036112785339355,6280.372684354677,1.0000000498550088,5546.43310546875,2863.27490234375,True,335,9.994221100460768e-07,True,True,3.2745732000039425
131,0.5004725134342073,0.4987152093022226,0.5123586350619623,0.2104002833366394,0.07734519243240356,0.25,0.198486328125,0.0,-0.2929973006248474,3.0499048233032227,-5.362163066864014,6.119636535644531,0.33189576864242554,2.976611614227295,0.06381305307149887,0.10000000149011612,6.304141044616699,5642.196543557185,1.000000079092522,4872.43212890625,2821.2587890625,True,332,9.993161352156183e-07,True,True,3.224728800007142
132,0.5014684296385971,0.4997465794967142,0.5133650399886133,0.20867834985256195,0.07565858960151672,0.2499999850988388,0.20068359375,1.4901161193847656e-08,-0.2945440411567688,3.0530202388763428,-5.366161346435547,6.1277174949646,0.33442696928977966,2.9774656295776367,0.06385479867458344,0.10000000149011612,6.305298805236816,4816.954445634281,1.0000000009783205,4202.6279296875,2152.59619140625,True,332,9.676753730002965e-07,True,True,3.200710600009188
133,0.5022801954631033,0.5005935011092845,0.5141772329607198,0.20674604177474976,0.07399741560220718,0.25,0.200439453125,0.0,-0.29460352659225464,3.054847240447998,-5.368669033050537,6.1367106437683105,0.3369014263153076,2.9759979248046875,0.06390884518623352,0.10000000149011612,6.306262016296387,6226.230964849812,0.9999999257942122,5311.68798828125,3161.221923828125,True,332,9.62083730966634e-07,True,True,3.275247700017644
134,0.5022021783691266,0.5005474960010865,0.5140952094748249,0.20499637722969055,0.07248429954051971,0.2499999701976776,0.199462890625,2.9802322387695312e-08,-0.29555976390838623,3.0563876628875732,-5.371571063995361,6.144484996795654,0.3391396403312683,2.9747822284698486,0.06396796554327011,0.10000000149011612,6.307373046875,6178.132282413594,0.9999999944982265,5414.79248046875,2944.501708984375,True,334,9.939975757312125e-07,True,True,3.296606599993538
135,0.501284850843128,0.4996555014325941,0.5131863068268327,0.20375502109527588,0.07127971947193146,0.2499999701976776,0.201416015625,2.9802322387695312e-08,-0.2958891987800598,3.0569241046905518,-5.373966217041016,6.149971961975098,0.340910941362381,2.9730658531188965,0.06400154531002045,0.10000000149011612,6.308525562286377,7726.116350245825,0.9999999129975443,7131.18798828125,2699.619140625,True,334,9.741564078687865e-07,True,True,3.206597899988992
136,0.5000432443881884,0.4984375005031481,0.5119529204860095,0.2026447355747223,0.07015495747327805,0.2499999850988388,0.201904296875,1.4901161193847656e-08,-0.295208215713501,3.058116912841797,-5.3745574951171875,6.155367851257324,0.3425566256046295,2.971752643585205,0.06404701620340347,0.10000000149011612,6.308842182159424,9772.202994006844,1.0000001201933604,8278.896484375,4893.87646484375,True,335,9.785193275486378e-07,True,True,3.265578699996695
137,0.5004548019222654,0.4988599744043983,0.5123616371979905,0.20195235311985016,0.06964375823736191,0.2499999701976776,0.202392578125,2.9802322387695312e-08,-0.29963934421539307,3.059509754180908,-5.376338958740234,6.157073020935059,0.3433019518852234,2.972712993621826,0.06409536302089691,0.10000000149011612,6.308110237121582,10136.27378965903,1.0000000736575263,8938.3642578125,4156.2548828125,True,335,9.95559669239481e-07,True,True,3.334073800011538
138,0.5019126448686526,0.5003211987222836,0.5138061665074535,0.20171155035495758,0.06948672980070114,0.2499999701976776,0.20263671875,2.9802322387695312e-08,-0.30735570192337036,3.0607335567474365,-5.379242420196533,6.157754898071289,0.3435305953025818,2.974343776702881,0.06412585079669952,0.10000000149011612,6.3055548667907715,9140.138652867847,0.9999999717661225,7729.99169921875,4271.716796875,True,335,9.773873665602495e-07,True,True,3.2326545999967493
139,0.5043025221958761,0.5027056366488343,0.5161621272396245,0.20140819251537323,0.06977386772632599,0.2499999850988388,0.204345703125,1.4901161193847656e-08,-0.31816476583480835,3.0581023693084717,-5.379085540771484,6.154052734375,0.34311243891716003,2.9721131324768066,0.0640064999461174,0.10000000149011612,6.302522659301758,6741.433486531093,0.9999999932592641,6029.6689453125,2960.3583984375,True,334,9.948622311366062e-07,True,True,3.208684400015045
140,0.5063976619780836,0.5048016184062537,0.5182351491270962,0.20088957250118256,0.06975769996643066,0.2499999850988388,0.20458984375,1.4901161193847656e-08,-0.3292883038520813,3.0558583736419678,-5.379606246948242,6.15143346786499,0.3431359827518463,2.970102071762085,0.06390875577926636,0.10000000149011612,6.300804615020752,5941.224900171783,1.0000000650128884,4852.67578125,3281.67431640625,True,334,9.804828312029381e-07,True,True,3.14348460000474
141,0.5086696065096123,0.5070722318319543,0.5204850093798187,0.2010759711265564,0.06981493532657623,0.25,0.205810546875,0.0,-0.34075862169265747,3.0530340671539307,-5.38010311126709,6.14851713180542,0.34305256605148315,2.96828293800354,0.06380028277635574,0.10000000149011612,6.298086643218994,4341.496790284291,1.000000072696745,3907.694091796875,1730.5933837890625,True,334,9.83806028999139e-07,True,True,3.2169693000032566
142,0.5091629978086508,0.5075641675259627,0.5209585200961885,0.20146465301513672,0.06986828148365021,0.2499999850988388,0.207763671875,1.4901161193847656e-08,-0.3479211628437042,3.0518784523010254,-5.379159450531006,6.147069454193115,0.34297478199005127,2.9668118953704834,0.06371185183525085,0.10000000149011612,6.298380374908447,3439.3934369042518,1.0000000454301983,3116.5361328125,1433.165283203125,True,334,9.85269008307997e-07,True,True,3.2127024000219535
143,0.5088318379603117,0.5072313323251695,0.5206146418058101,0.20212672650814056,0.06991894543170929,0.25,0.207275390625,0.0,-0.35378319025039673,3.051154851913452,-5.378851890563965,6.14583158493042,0.34290096163749695,2.9666051864624023,0.06364991515874863,0.10000000149011612,6.298159122467041,3489.107635451187,1.000000077657031,3133.869873046875,1481.386962890625,True,334,9.991711376573934e-07,True,True,3.181518800003687
144,0.5083780890734304,0.5067890800268758,0.5201613962018893,0.20138132572174072,0.06938138604164124,0.25,0.207763671875,0.0,-0.3568929433822632,3.0510799884796143,-5.378859519958496,6.147245407104492,0.3436838686466217,2.9669687747955322,0.06364110112190247,0.10000000149011612,6.298616886138916,2956.6283363559087,0.999999980602791,2670.24609375,1248.07470703125,True,334,9.631304337068652e-07,True,True,3.1807986000203528
145,0.5069381596260877,0.5053578817808242,0.5187118848971193,0.20129011571407318,0.0689493864774704,0.2499999850988388,0.208740234375,1.4901161193847656e-08,-0.36018332839012146,3.0508499145507812,-5.378935813903809,6.147281646728516,0.34431180357933044,2.9667863845825195,0.0636228695511818,0.10000000149011612,6.2983551025390625,2844.0448294282833,0.9999999252023016,2504.33056640625,1336.2030029296875,True,334,9.88838761335286e-07,True,True,3.1270585999882314
146,0.5057607147289469,0.5042005432290986,0.5175320633760366,0.20055021345615387,0.0679810643196106,0.25,0.210693359375,0.0,-0.3655911087989807,3.0504727363586426,-5.378021717071533,6.148540019989014,0.34571507573127747,2.9658281803131104,0.06362494081258774,0.10000000149011612,6.298957347869873,2473.823566643538,1.0000000367822603,2156.7783203125,1183.447509765625,True,333,9.95925015501837e-07,True,True,3.221657000016421
147,0.506828068890605,0.5052988918805457,0.5185656267890644,0.198236882686615,0.06654700636863708,0.2499999850988388,0.2109375,1.4901161193847656e-08,-0.37411707639694214,3.0490987300872803,-5.376457214355469,6.153029918670654,0.3477829694747925,2.962454080581665,0.06361936032772064,0.10000000149011612,6.299784183502197,1716.1748568984815,0.9999999294204474,1575.4378662109375,666.1416625976562,True,332,9.782022077097125e-07,True,True,3.2243965000088792
148,0.5075125622734603,0.5060109787568626,0.5192156773109853,0.19592544436454773,0.06528290361166,0.25,0.210205078125,0.0,-0.38172489404678345,3.047452688217163,-5.37503719329834,6.157214164733887,0.3495956063270569,2.9587748050689697,0.06361358612775803,0.10000000149011612,6.300912380218506,1641.0447964380196,1.0000000405244833,1455.95947265625,745.7234497070312,True,331,9.855428519369961e-07,True,True,3.1751645999902394
149,0.5072783563456424,0.5058187209985145,0.5189737398766919,0.19328579306602478,0.06331747770309448,0.25,0.212890625,0.0,-0.38870716094970703,3.0456607341766357,-5.373559474945068,6.162728309631348,0.3523953855037689,2.955928325653076,0.0636691078543663,0.10000000149011612,6.3030219078063965,1149.6167966605108,0.9999999801667238,1023.014892578125,496.2969970703125,True,332,9.993684951897287e-07,True,True,3.1729651000059675
150,0.5060624156092186,0.5046469142083903,0.5177475106977741,0.1895221471786499,0.06129896268248558,0.25,0.2138671875,0.0,-0.39392539858818054,3.041438102722168,-5.369116306304932,6.167682647705078,0.35524782538414,2.9496514797210693,0.06366308778524399,0.10000000149011612,6.305017948150635,848.4394156119475,1.000000031068824,778.7801513671875,327.0368347167969,True,332,9.706969699564169e-07,True,True,3.12292689998867
151,0.5031178876039271,0.5017429243948941,0.5147896906384273,0.18651632964611053,0.05942234396934509,0.25,0.216796875,0.0,-0.3952757716178894,3.0393755435943604,-5.364500522613525,6.173407077789307,0.3578793704509735,2.9447519779205322,0.06367512792348862,0.10000000149011612,6.307059288024902,738.0122904845713,1.000000007798456,665.2809448242188,315.11065673828125,True,333,9.752843597905326e-07,True,True,3.14640430000145
152,0.5000666764232222,0.49872430659857436,0.5117139917804594,0.1845366358757019,0.05789165943861008,0.25,0.219482421875,0.0,-0.39582324028015137,3.0384113788604736,-5.361410617828369,6.178144454956055,0.36001160740852356,2.941538095474243,0.06367887556552887,0.10000000149011612,6.307860374450684,681.4011655623378,1.0000000773036077,624.88232421875,269.1828308105469,True,334,9.537947241423835e-07,True,True,3.2981701999960933
153,0.497146293003805,0.49583400720799714,0.5087379882102275,0.1828029602766037,0.05647414177656174,0.25,0.220703125,0.0,-0.39758622646331787,3.037775993347168,-5.357804298400879,6.183021068572998,0.36197495460510254,2.9383223056793213,0.06366673111915588,0.10000000149011612,6.308451175689697,761.4876224650263,0.9999998962021251,697.0861206054688,296.7527160644531,True,334,9.715972085980042e-07,True,True,3.1947845999966376
154,0.4924144709532186,0.49113264056789124,0.5038423192056924,0.18101246654987335,0.05504089593887329,0.2499999850988388,0.223876953125,1.4901161193847656e-08,-0.40205422043800354,3.0364716053009033,-5.353890419006348,6.188309669494629,0.36394932866096497,2.9334330558776855,0.06364059448242188,0.10000000149011612,6.310908794403076,602.2689185904233,0.9999999928415293,530.7191162109375,281.57635498046875,True,335,9.811804394687992e-07,True,True,3.1971385999931954
155,0.48784312081325953,0.48658974044013925,0.49908495769429384,0.17946642637252808,0.05369569733738899,0.2499999850988388,0.222900390625,1.4901161193847656e-08,-0.4062159061431885,3.036686658859253,-5.350448131561279,6.191710948944092,0.36579272150993347,2.9292149543762207,0.06361068040132523,0.10000000149011612,6.311245441436768,487.076462699197,0.999999971389636,425.6218566894531,196.44149780273438,True,335,9.626793187205568e-07,True,True,3.221135300002061
156,0.4835639581405464,0.48233365443580783,0.49455086094970147,0.177093505859375,0.0526605099439621,0.25,0.220703125,0.0,-0.41513898968696594,3.036296844482422,-5.349604606628418,6.19460916519165,0.3672049641609192,2.925173044204712,0.06359022855758667,0.10000000149011612,6.311948776245117,235.74850095467897,1.0000000572788836,204.31088256835938,111.98646545410156,True,336,9.801063751036397e-07,True,True,3.334451100003207
157,0.4756678919818638,0.4744634644266604,0.4875427556429987,0.17606765031814575,0.0514179952442646,0.2499999850988388,0.22119140625,1.4901161193847656e-08,-0.41961047053337097,3.038949966430664,-5.349396228790283,6.200136184692383,0.36889293789863586,2.9245011806488037,0.06369905173778534,0.10000000149011612,6.314513206481934,168.97981974061113,1.0000000482997473,148.77432250976562,76.64972686767578,True,337,9.737149437196347e-07,True,True,3.189112100022612
158,0.4631870771569572,0.46201486141210424,0.4758459892485131,0.17534154653549194,0.04984370991587639,0.25,0.222412109375,0.0,-0.41731053590774536,3.0430567264556885,-5.3499274253845215,6.206833839416504,0.3710206151008606,2.925295114517212,0.06387314945459366,0.10000000149011612,6.317049503326416,335.83064694731985,1.0000000909398485,299.7311706542969,149.8105010986328,True,334,9.55980815165688e-07,True,True,3.1717252999951597
159,0.4564880988810131,0.45533065032101366,0.46937817865786796,0.1747906655073166,0.04913289472460747,0.2499999850988388,0.22509765625,1.4901161193847656e-08,-0.41508108377456665,3.0463321208953857,-5.351706027984619,6.210111141204834,0.3719772696495056,2.928687810897827,0.06401010602712631,0.10000000149011612,6.317671298980713,388.72368616392936,1.0000000668864857,343.8591613769531,172.66380310058594,True,334,9.979034612721743e-07,True,True,3.2183447999996133
160,0.4503883091061177,0.4492418326436343,0.46348638614909826,0.1744874268770218,0.048599451780319214,0.2499999850988388,0.226806640625,1.4901161193847656e-08,-0.40803107619285583,3.0474987030029297,-5.351532459259033,6.211462497711182,0.37269362807273865,2.930375814437866,0.06409421563148499,0.10000000149011612,6.315948963165283,456.63995139888027,0.9999998832084128,385.3023681640625,234.29434204101562,True,333,9.81464871274312e-07,True,True,3.2436136000033002
161,0.44891585745498597,0.447770611068458,0.46210092115126794,0.1746729612350464,0.04852867126464844,0.25,0.224609375,0.0,-0.3969089686870575,3.0475449562072754,-5.350221633911133,6.2108473777771,0.37278857827186584,2.9316020011901855,0.06411302089691162,0.10000000149011612,6.310154438018799,625.895041172308,0.9999999035873988,529.1154174804688,280.8229675292969,True,335,9.972393416922079e-07,True,True,3.166846700012684
162,0.43859633555401606,0.4374512166022186,0.4520022654000332,0.17574059963226318,0.04846891760826111,0.25,0.225830078125,0.0,-0.37592655420303345,3.0468502044677734,-5.347923755645752,6.210178375244141,0.37286868691444397,2.9327585697174072,0.06422070413827896,0.10000000149011612,6.306657791137695,1008.3968043792232,0.9999999715796645,851.8030395507812,465.0218811035156,True,336,9.869930982211038e-07,True,True,3.2329980000213254
163,0.4234612006928266,0.422332984008962,0.43700547823555685,0.17600610852241516,0.04761052876710892,0.2499999701976776,0.228515625,2.9802322387695312e-08,-0.3459452986717224,3.0456366539001465,-5.343000888824463,6.210858345031738,0.37401801347732544,2.931873321533203,0.06429482251405716,0.10000000149011612,6.305385589599609,1941.1023432721488,0.999999932371819,1649.513427734375,978.4751586914062,True,339,9.801242383330936e-07,True,True,3.330312000005506
164,0.41417634256615304,0.4130644215835538,0.4277499275177661,0.1756647825241089,0.04681281000375748,0.25,0.2294921875,0.0,-0.3213614821434021,3.044919490814209,-5.338550567626953,6.210773944854736,0.3750828802585602,2.93163800239563,0.0643419474363327,0.10000000149011612,6.3022918701171875,2238.048663559678,1.00000006812902,1834.127197265625,1268.636962890625,True,339,9.948205261095738e-07,True,True,3.2350015999982134
165,0.3971675741118844,0.39609086011773903,0.4107992285655026,0.17498862743377686,0.045086268335580826,0.25,0.235107421875,0.0,-0.2918478846549988,3.0446605682373047,-5.332305908203125,6.213263511657715,0.3773774206638336,2.9299068450927734,0.06438317149877548,0.10000000149011612,6.3014044761657715,2643.998655888013,0.9999999214303941,2236.79296875,1361.606689453125,True,341,9.986573529097879e-07,True,True,3.2115563999977894
166,0.38749066363778883,0.38642678718772705,0.4011499653976676,0.175093412399292,0.044439151883125305,0.25,0.236572265625,0.0,-0.27169618010520935,3.043442964553833,-5.328028202056885,6.21377420425415,0.3782338500022888,2.9293599128723145,0.06442826986312866,0.10000000149011612,6.29813814163208,2887.1507271144005,0.9999999169312671,2469.3994140625,1475.6834716796875,True,341,9.847829820366047e-07,True,True,3.24142700000084
167,0.39128700138382233,0.3902087348823956,0.40495626033371507,0.17533555626869202,0.04514654725790024,0.25,0.23486328125,0.0,-0.2613930404186249,3.0409247875213623,-5.324530601501465,6.211804389953613,0.3772975504398346,2.930764675140381,0.06444874405860901,0.10000000149011612,6.292264938354492,3141.751363147192,1.0000000073401185,2766.551513671875,1453.2025146484375,True,341,9.80976591989307e-07,True,True,3.2405737999943085
168,0.4066271410617624,0.405509710494021,0.4202723755580611,0.17571309208869934,0.047085873782634735,0.2499999701976776,0.235107421875,2.9802322387695312e-08,-0.25957295298576355,3.037919759750366,-5.323272228240967,6.206050395965576,0.37471872568130493,2.9336163997650146,0.06444800645112991,0.10000000149011612,6.281508922576904,4293.2004516183115,0.9999999558215122,3748.322265625,2017.0284423828125,True,340,9.88376889165286e-07,True,True,3.3542554000159726
169,0.4209997030974148,0.41984568876333217,0.4345734543993446,0.17621727287769318,0.048889853060245514,0.2499999850988388,0.234375,1.4901161193847656e-08,-0.2600973844528198,3.035287618637085,-5.323089122772217,6.201107501983643,0.37230384349823,2.935335159301758,0.0644383355975151,0.10000000149011612,6.268710613250732,5050.2028867679865,1.000000038885989,4066.946044921875,2931.927734375,True,340,9.900444287678022e-07,True,True,3.260551300016232
170,0.4317147842747393,0.4305289636058035,0.4451209805519904,0.17685753107070923,0.050448156893253326,0.25,0.230224609375,0.0,-0.2590287923812866,3.032374382019043,-5.322715759277344,6.19580602645874,0.3702051341533661,2.9368772506713867,0.06440702825784683,0.10000000149011612,6.26422643661499,4923.778599099871,0.9999999639464875,4071.22412109375,2748.111328125,True,339,9.855974678112894e-07,True,True,3.2231592999887653
171,0.43952301080410566,0.4383159314531573,0.4526652978675416,0.17730651795864105,0.051488641649484634,0.2499999850988388,0.2275390625,1.4901161193847656e-08,-0.26043063402175903,3.0320611000061035,-5.323410511016846,6.194096088409424,0.3687971830368042,2.939317226409912,0.06441908329725266,0.10000000149011612,6.262673377990723,5644.230380002024,1.00000006575068,4831.5615234375,2872.962158203125,True,339,9.701010127992759e-07,True,True,3.1769267999916337
172,0.4493040800975966,0.4480745404051947,0.4617931697893635,0.17794090509414673,0.05257993936538696,0.2499999701976776,0.223388671875,2.9802322387695312e-08,-0.2661117911338806,3.032285451889038,-5.325296878814697,6.190662384033203,0.3673146069049835,2.9435698986053467,0.06447076052427292,0.10000000149011612,6.264517784118652,5099.985487488978,1.0000000355133247,4300.63623046875,2668.902587890625,True,338,9.68270263449151e-07,True,True,3.225624800019432
173,0.45397703706934134,0.4527331194253174,0.4657267894415756,0.17853736877441406,0.05326901376247406,0.25,0.2216796875,0.0,-0.26510173082351685,3.0338635444641113,-5.328141689300537,6.191987991333008,0.3663754463195801,2.947246789932251,0.06455498188734055,0.10000000149011612,6.2681684494018555,5912.96765944494,0.9999999756698885,5460.41259765625,2220.406494140625,True,338,9.841908310056604e-07,True,True,3.1290949000103865
174,0.45260751531735766,0.45135936823204864,0.464031630248478,0.17857064306735992,0.053478822112083435,0.2499999850988388,0.221435546875,1.4901161193847656e-08,-0.2603136897087097,3.034600257873535,-5.329213619232178,6.193665981292725,0.36608901619911194,2.9492883682250977,0.06466951221227646,0.10000000149011612,6.272964000701904,7675.3471894001,1.000000030840785,7255.68896484375,2457.364990234375,True,338,9.97605404127192e-07,True,True,3.2170067000261042
175,0.45023029700102823,0.448981905015135,0.46174082203071204,0.17864105105400085,0.05348754674196243,0.25,0.22314453125,0.0,-0.25291240215301514,3.03491473197937,-5.330052852630615,6.195195198059082,0.36607712507247925,2.950835943222046,0.0647585541009903,0.10000000149011612,6.2750678062438965,9338.631970020058,1.0000000053779836,8234.634765625,4312.10546875,True,339,9.594581486210955e-07,True,True,3.2205213999841362
176,0.4436320259421141,0.44239655420174906,0.4550733548455388,0.17798878252506256,0.05287414789199829,0.25,0.223876953125,0.0,-0.24368663132190704,3.035176992416382,-5.330972194671631,6.1987504959106445,0.36691394448280334,2.9513697624206543,0.06483514606952667,0.10000000149011612,6.277812957763672,8439.499151739574,1.0000000282486463,7574.69091796875,3594.401123046875,True,340,9.849336792628805e-07,True,True,3.203182500001276
177,0.4433807994792362,0.4421344479391475,0.4550214232125907,0.1787259578704834,0.05338127911090851,0.25,0.22412109375,0.0,-0.243098184466362,3.0345232486724854,-5.333724021911621,6.200109004974365,0.36622223258018494,2.9507579803466797,0.0648370012640953,0.10000000149011612,6.276606559753418,11018.032617590361,1.0000000559413158,9283.2041015625,5567.2724609375,True,340,9.776093024955747e-07,True,True,3.354339900019113
178,0.4465456610538303,0.44528185131328696,0.4584020373145923,0.17960810661315918,0.054210081696510315,0.25,0.2255859375,0.0,-0.2475682497024536,3.0310370922088623,-5.335413455963135,6.198860168457031,0.36508890986442566,2.94795823097229,0.06475310027599335,0.10000000149011612,6.273458480834961,10071.823918627486,0.9999999799197645,9141.1416015625,4119.7431640625,True,340,9.884066236234505e-07,True,True,3.5057474999921396
179,0.4428892819182759,0.44162902239428814,0.4547355665051826,0.1795586198568344,0.05403504520654678,0.2499999701976776,0.227294921875,2.9802322387695312e-08,-0.2466115951538086,3.0299477577209473,-5.338295936584473,6.199831962585449,0.3653285503387451,2.9458253383636475,0.06473782658576965,0.10000000149011612,6.272022247314453,9103.496285007579,0.9999999915412485,8071.06787109375,4136.41064453125,True,340,9.79616804883004e-07,True,True,3.2460736999928486
180,0.44685332351078105,0.4455855887447746,0.4588652565389882,0.18037810921669006,0.05436783283948898,0.2499999850988388,0.2265625,1.4901161193847656e-08,-0.2453552782535553,3.0278725624084473,-5.339980125427246,6.200424671173096,0.3648728132247925,2.942324161529541,0.06463959068059921,0.10000000149011612,6.268530368804932,9823.939111906848,0.9999999842766624,8322.9892578125,5161.22412109375,True,339,9.934655752442308e-07,True,True,3.251335700013442
181,0.4548309562097083,0.4535355963895808,0.46693391961702596,0.18185356259346008,0.055675312876701355,0.2499999701976776,0.226318359375,2.9802322387695312e-08,-0.24804550409317017,3.0240352153778076,-5.3404412269592285,6.197988986968994,0.36307668685913086,2.937595844268799,0.06447529047727585,0.10000000149011612,6.262720108032227,8352.249508769917,1.0000000690351747,7523.8193359375,3474.8369140625,True,337,9.955497165499272e-07,True,True,3.3434141000034288
182,0.46481588726043066,0.46348756505846345,0.47690642023168417,0.18388575315475464,0.05722182244062424,0.25,0.224853515625,0.0,-0.2530502676963806,3.0184736251831055,-5.340331077575684,6.194736480712891,0.36094069480895996,2.931037664413452,0.06425681710243225,0.10000000149011612,6.256069183349609,4694.799613234751,1.0000000661006692,4282.46875,1884.9224853515625,True,338,9.549988704040458e-07,True,True,3.213374200015096
183,0.47216384899025726,0.4708109128863172,0.48421813882796544,0.1843930035829544,0.05842715501785278,0.25,0.221923828125,0.0,-0.2589470148086548,3.0115838050842285,-5.33822774887085,6.190485954284668,0.35926708579063416,2.923635244369507,0.06405282020568848,0.10000000149011612,6.250777244567871,3405.9194767919407,1.0000000383137166,2943.505615234375,1678.87744140625,True,336,9.88738987632212e-07,True,True,3.22749289998319
184,0.47972906934825166,0.47836860873905407,0.4917546863655124,0.18378177285194397,0.05883394181728363,0.2499999701976776,0.2197265625,2.9802322387695312e-08,-0.26753243803977966,3.0059516429901123,-5.335379123687744,6.1872477531433105,0.35870054364204407,2.916170358657837,0.06382443010807037,0.10000000149011612,6.244719982147217,1862.513875635256,1.0000001010908326,1651.002685546875,827.1575317382812,True,336,9.935146837673785e-07,True,True,3.2121211000194307
185,0.48526904809815474,0.4839164539162595,0.49731308075765035,0.1833503544330597,0.05846219137310982,0.25,0.221923828125,0.0,-0.268875390291214,3.002805709838867,-5.333162784576416,6.183896064758301,0.3592183291912079,2.911306619644165,0.06363122165203094,0.10000000149011612,6.24045991897583,1112.35354605183,1.0000000551903014,966.5841064453125,531.2369995117188,True,336,9.717656027775933e-07,True,True,3.176839399995515
186,0.4882295117513024,0.4868901571021163,0.500296630442619,0.18295025825500488,0.05782021954655647,0.2499999701976776,0.21923828125,2.9802322387695312e-08,-0.26719531416893005,2.9996700286865234,-5.331154823303223,6.181756973266602,0.3601107895374298,2.9068546295166016,0.06347323209047318,0.10000000149011612,6.2367730140686035,594.36355119059,1.0000000710901158,511.0051574707031,283.0835876464844,True,336,9.993335700843428e-07,True,True,3.134408399986569
187,0.49222290027721577,0.49089344615324193,0.5043149092274919,0.18282198905944824,0.05733160674571991,0.25,0.21728515625,0.0,-0.26034414768218994,2.9966681003570557,-5.328839302062988,6.181181907653809,0.3607885539531708,2.9020676612854004,0.0632859393954277,0.10000000149011612,6.232654571533203,864.9448138917171,1.0000000181859343,722.78466796875,461.9202880859375,True,337,9.879281462557567e-07,True,True,3.2419433999748435
188,0.4972857183140293,0.4959493327510134,0.5093971798313957,0.18417294323444366,0.05761063098907471,0.25,0.215087890625,0.0,-0.25619393587112427,2.991365909576416,-5.3263258934021,6.1773552894592285,0.3604016602039337,2.895590305328369,0.06304266303777695,0.10000000149011612,6.222303867340088,1250.4644542169442,0.9999999648802212,1109.389404296875,549.7593994140625,True,337,9.970028030534438e-07,True,True,3.1881855000101496
189,0.4993988985675151,0.49806826860781267,0.5115373840618719,0.18466539680957794,0.05729822814464569,0.25,0.216064453125,0.0,-0.25355714559555054,2.9889395236968994,-5.325275897979736,6.17636251449585,0.3608348071575165,2.891134262084961,0.06286071985960007,0.10000000149011612,6.212591648101807,1271.3607232579257,1.0000000142640797,1074.1915283203125,638.1687622070312,True,336,9.718920351392818e-07,True,True,3.2066406999947503
190,0.4994485904522711,0.4981290612914139,0.5116086878840731,0.18481691181659698,0.05673561245203018,0.25,0.21728515625,0.0,-0.24647468328475952,2.989076852798462,-5.32497501373291,6.179500579833984,0.36161357164382935,2.8883750438690186,0.06278437376022339,0.10000000149011612,6.20248556137085,1373.8269698360953,1.0000000314856374,1141.299560546875,744.7254638671875,True,337,9.768396729775766e-07,True,True,3.2413967000029515
191,0.4980546271139602,0.49674398738982484,0.5102185165260453,0.1846972554922104,0.056297123432159424,0.25,0.216796875,0.0,-0.24165362119674683,2.9897043704986572,-5.326161861419678,6.182487964630127,0.36221936345100403,2.886767625808716,0.06275443732738495,0.10000000149011612,6.204668998718262,1523.612291956058,1.0000000388587609,1358.307861328125,624.8102416992188,True,337,9.5930062589091e-07,True,True,3.2100092000036966
192,0.49678695731011396,0.49548657089618214,0.508935924612645,0.1842992752790451,0.055804356932640076,0.2499999850988388,0.2197265625,1.4901161193847656e-08,-0.2410839945077896,2.9917407035827637,-5.329990386962891,6.185145854949951,0.36289891600608826,2.886214017868042,0.06277099251747131,0.10000000149011612,6.206326961517334,1321.9035753757194,0.9999998857016802,1236.775390625,449.31878662109375,True,337,9.729567139686809e-07,True,True,3.2214897999947425
193,0.49458346173241896,0.49329665160253805,0.5067443054179157,0.1835816502571106,0.05516142398118973,0.2499999850988388,0.219970703125,1.4901161193847656e-08,-0.24010826647281647,2.9940145015716553,-5.333390235900879,6.187399864196777,0.36378368735313416,2.887308359146118,0.06283640116453171,0.10000000149011612,6.211309432983398,1391.7986085336704,1.000000017977181,1201.3580322265625,685.1229248046875,True,337,9.791298118865224e-07,True,True,3.2537403000169434
194,0.491885808886036,0.49062357924972444,0.5040544246495279,0.18148738145828247,0.05403711274266243,0.25,0.222412109375,0.0,-0.23900668323040009,2.99595046043396,-5.336868762969971,6.18975830078125,0.3653257191181183,2.8880600929260254,0.06292906403541565,0.10000000149011612,6.2235283851623535,1217.1047077793924,0.9999999682816322,1038.7410888671875,459.3605651855469,True,336,9.977710757268697e-07,True,True,3.1789609999977984
195,0.48836154967416917,0.4871255094843069,0.5005388620710493,0.17973345518112183,0.05281533673405647,0.2499999850988388,0.22119140625,1.4901161193847656e-08,-0.22946593165397644,2.997197389602661,-5.338355541229248,6.1918206214904785,0.36699408292770386,2.8892102241516113,0.0630263239145279,0.10000000149011612,6.237097263336182,850.298391187112,0.9999999941893675,743.8689575195312,390.21954345703125,True,336,9.780852186809636e-07,True,True,3.199194199987687
196,0.4855782373937278,0.4843620028289466,0.49775584206222273,0.1780230551958084,0.05191057547926903,0.2499999850988388,0.22216796875,1.4901161193847656e-08,-0.22287631034851074,2.9969987869262695,-5.33935546875,6.191430568695068,0.3682246804237366,2.88899827003479,0.06306136399507523,0.10000000149011612,6.246228218078613,753.7135778955812,0.9999999577755715,655.0486450195312,363.35675048828125,True,336,9.967189361104815e-07,True,True,3.2018079000117723
197,0.4827868952695417,0.4815942793730783,0.49497875795097834,0.1760786473751068,0.05082686245441437,0.25,0.22607421875,0.0,-0.21457716822624207,2.997169256210327,-5.340773105621338,6.190886974334717,0.3696933090686798,2.8887462615966797,0.06309860199689865,0.10000000149011612,6.251143932342529,709.2004722162563,0.9999999352883964,608.5952758789062,345.69512939453125,True,335,9.911108550150298e-07,True,True,3.2392316999903414
198,0.48156874250816295,0.48038947110818814,0.49375927174832707,0.17439863085746765,0.05024363845586777,0.25,0.22509765625,0.0,-0.20963254570960999,2.998387575149536,-5.342230319976807,6.1908369064331055,0.3704812526702881,2.8908274173736572,0.06315531581640244,0.10000000149011612,6.252849578857422,591.9387975986363,0.9999999373493254,496.3262023925781,289.7337646484375,True,333,9.945388516626493e-07,True,True,3.2172265999834053
199,0.47889725566248503,0.4777327674214086,0.4910894514003452,0.17313849925994873,0.049567487090826035,0.2499999701976776,0.226806640625,2.9802322387695312e-08,-0.19858254492282867,2.9998724460601807,-5.343265533447266,6.192435264587402,0.3713926374912262,2.893362283706665,0.0632559061050415,0.10000000149011612,6.255142688751221,846.364594846066,1.0000000005526695,715.5601196289062,375.7784729003906,True,336,9.983803477925063e-07,True,True,3.242263699998148
